eshram_id,worker_name,week_start,week_end,platform,job_type,age,education,experience_months,zone,satisfaction,weekly_income_inr,avg_daily_income_inr,worked_this_week,income_bracket,platform_volatility_index
2640-1363-8065,Vinod Singh,01-01-2024,07-01-2024,Amazon,Full-time,32,Secondary,47,Urban,Sometimes,4408,735,1,D,0.27
6217-9921-2907,Santosh Verma,01-01-2024,07-01-2024,Amazon,Full-time,22,Secondary,17,Urban,Rarely,3953,659,1,C,0.27
7349-3472-7936,Rahul Sharma,01-01-2024,07-01-2024,Amazon,Full-time,38,Secondary,46,Urban,Always,4663,777,1,D,0.27
4112-3965-6397,Arun Patel,01-01-2024,07-01-2024,Amazon,Full-time,40,Secondary,37,Semi-urban,Yes,4463,744,1,D,0.27
2396-3088-2429,Nikhil Banerjee,01-01-2024,07-01-2024,Amazon,Full-time,28,Primary,54,Semi-urban,Yes,4737,790,1,D,0.27
4963-7821-7884,Bharat Bhat,01-01-2024,07-01-2024,Amazon,Full-time,25,Primary,57,Urban,No,4771,795,1,D,0.27
4232-5218-7253,Shanti Trivedi,01-01-2024,07-01-2024,Amazon,Full-time,24,Primary,46,Urban,No,3488,581,1,C,0.27
2746-6763-3672,Sarita Dey,01-01-2024,07-01-2024,Amazon,Full-time,28,Primary,51,Urban,Yes,4446,741,1,D,0.27
1230-1892-1086,Arun Sen,01-01-2024,07-01-2024,Amazon,Full-time,29,Secondary,56,Urban,No,4585,764,1,D,0.27
4387-6738-2811,Seema Sen,01-01-2024,07-01-2024,Amazon,Full-time,29,Primary,4,Rural,Yes,4664,777,1,D,0.27
9265-4321-1594,Girish Rao,01-01-2024,07-01-2024,Amazon,Full-time,38,Secondary,53,Urban,No,3808,635,1,C,0.27
3496-4426-1355,Rakesh Shaikh,01-01-2024,07-01-2024,Amazon,Full-time,45,Primary,5,Urban,Sometimes,4357,726,1,D,0.27
9969-4113-2677,Bharat Naik,01-01-2024,07-01-2024,Amazon,Part-time,39,Primary,49,Urban,Always,1641,274,1,A,0.27
8660-5353-2598,Ajay Kumar,01-01-2024,07-01-2024,Amazon,Full-time,41,Secondary,24,Urban,Sometimes,3459,576,1,C,0.27
3391-4834-2854,Sunil Kumar,01-01-2024,07-01-2024,Amazon,Part-time,39,Primary,45,Urban,Rarely,511,85,1,A,0.27
6918-6429-4550,Kiran Verma,01-01-2024,07-01-2024,Amazon,Full-time,21,Primary,42,Urban,Yes,5561,927,1,D,0.27
5779-5313-9445,Kavita Nair,01-01-2024,07-01-2024,Amazon,Full-time,36,Secondary,6,Urban,Rarely,4583,764,1,D,0.27
6010-8812-6995,Nisha Malik,01-01-2024,07-01-2024,Amazon,Full-time,28,Primary,4,Urban,Sometimes,5512,919,1,D,0.27
1628-1185-5009,Mahesh Shenoy,01-01-2024,07-01-2024,Amazon,Full-time,22,Secondary,31,Semi-urban,Yes,2898,483,1,B,0.27
1621-9807-5954,Rohit Shetty,01-01-2024,07-01-2024,Amazon,Full-time,22,Secondary,29,Urban,Sometimes,3894,649,1,C,0.27
7558-2428-2814,Suman Reddy,01-01-2024,07-01-2024,Amazon,Part-time,34,Secondary,53,Semi-urban,Sometimes,1016,169,1,A,0.27
1688-6901-4145,Vinod Shaikh,01-01-2024,07-01-2024,Amazon,Full-time,43,Secondary,29,Urban,Sometimes,3946,658,1,C,0.27
4414-1094-1798,Bharat Shaikh,01-01-2024,07-01-2024,Amazon,Part-time,36,Primary,24,Semi-urban,Rarely,1512,252,1,A,0.27
2987-8989-5637,Asha Ahmed,01-01-2024,07-01-2024,Amazon,Full-time,37,Primary,37,Semi-urban,Always,4380,730,1,D,0.27
9046-6192-5651,Nikhil Hegde,01-01-2024,07-01-2024,Amazon,Full-time,23,Primary,50,Urban,Sometimes,4323,720,1,D,0.27
5860-2403-4817,Lalit Tiwari,01-01-2024,07-01-2024,Amazon,Part-time,37,Primary,30,Semi-urban,No,1259,210,1,A,0.27
7800-1547-6954,Ajay Mishra,01-01-2024,07-01-2024,Amazon,Part-time,41,Secondary,2,Urban,Always,1456,243,1,A,0.27
2738-7941-6804,Lalita Sharma,01-01-2024,07-01-2024,Amazon,Full-time,19,Primary,38,Rural,Always,3257,543,1,B,0.27
3256-5540-4851,Shanti Yadav,01-01-2024,07-01-2024,Amazon,Full-time,25,Secondary,12,Urban,Always,4822,804,1,D,0.27
7140-7812-4750,Ganesh Jain,01-01-2024,07-01-2024,Amazon,Full-time,19,Primary,45,Semi-urban,Sometimes,4288,715,1,D,0.27
5573-3048-3614,Neha Trivedi,01-01-2024,07-01-2024,Amazon,Full-time,41,Secondary,6,Rural,Yes,4592,765,1,D,0.27
2206-8886-3158,Bharat Hegde,01-01-2024,07-01-2024,Amazon,Part-time,20,Primary,51,Semi-urban,Sometimes,2403,400,1,A,0.27
4979-6633-5580,Amit Singh,01-01-2024,07-01-2024,Amazon,Part-time,19,Secondary,5,Urban,Sometimes,743,124,1,A,0.27
6224-4837-3146,Varun Bhatt,01-01-2024,07-01-2024,Amazon,Full-time,33,Secondary,6,Urban,Always,4493,749,1,D,0.27
9548-4920-3613,Sita Hegde,01-01-2024,07-01-2024,Amazon,Full-time,22,Primary,23,Rural,No,3762,627,1,C,0.27
5511-3905-9262,Pushpa Rao,01-01-2024,07-01-2024,Amazon,Full-time,21,Secondary,20,Semi-urban,Yes,5198,866,1,D,0.27
4394-6808-6099,Vimala Shah,01-01-2024,07-01-2024,Amazon,Full-time,40,Secondary,21,Semi-urban,Yes,3627,604,1,C,0.27
4831-4995-7037,Sita Parekh,01-01-2024,07-01-2024,Amazon,Full-time,31,Primary,16,Rural,Always,4800,800,1,D,0.27
1269-6334-3728,Ravi Singh,01-01-2024,07-01-2024,Amazon,Part-time,30,Primary,33,Urban,Always,2298,383,1,A,0.27
3337-7610-1012,Anita Jain,01-01-2024,07-01-2024,Amazon,Full-time,44,Secondary,37,Semi-urban,Sometimes,4507,751,1,D,0.27
4940-1805-6603,Sarita Ali,01-01-2024,07-01-2024,Amazon,Full-time,19,Secondary,54,Semi-urban,Sometimes,4577,763,1,D,0.27
8560-9896-2115,Sumit Kumar,01-01-2024,07-01-2024,Amazon,Full-time,46,Secondary,43,Semi-urban,No,4853,809,1,D,0.27
5451-5314-8283,Kamla Gowda,01-01-2024,07-01-2024,Amazon,Full-time,35,Secondary,42,Urban,Yes,4822,804,1,D,0.27
1380-5070-5438,Ritesh Patel,01-01-2024,07-01-2024,Amazon,Full-time,41,Secondary,9,Urban,Yes,4694,782,1,D,0.27
4609-9133-4819,Amit Mishra,01-01-2024,07-01-2024,Amazon,Part-time,24,Secondary,16,Urban,Sometimes,1951,325,1,A,0.27
3459-1579-8738,Tarun Naidu,01-01-2024,07-01-2024,Amazon,Full-time,33,Secondary,43,Rural,Sometimes,5535,922,1,D,0.27
7329-6865-6886,Harish Kumar,01-01-2024,07-01-2024,Amazon,Part-time,25,Secondary,36,Urban,Yes,2538,423,1,A,0.27
6936-2496-9328,Sunil Bhat,01-01-2024,07-01-2024,Amazon,Part-time,32,Secondary,21,Rural,No,2558,426,1,A,0.27
6595-2186-8035,Ramesh Paul,01-01-2024,07-01-2024,Amazon,Full-time,27,Primary,32,Semi-urban,Always,4573,762,1,D,0.27
1364-5726-7613,Dinesh Shah,01-01-2024,07-01-2024,Amazon,Full-time,47,Secondary,47,Urban,Always,4415,736,1,D,0.27
4231-2372-4282,Varun Shah,01-01-2024,07-01-2024,Amazon,Part-time,39,Secondary,25,Urban,Sometimes,885,148,1,A,0.27
1639-9454-1738,Padma Bose,01-01-2024,07-01-2024,Amazon,Full-time,48,Primary,5,Urban,No,4058,676,1,C,0.27
1365-1216-3667,Ravi Gupta,01-01-2024,07-01-2024,Amazon,Full-time,33,Secondary,52,Urban,Yes,4501,750,1,D,0.27
9585-7551-1282,Sita Chauhan,01-01-2024,07-01-2024,Amazon,Full-time,45,Secondary,34,Urban,Yes,3502,584,1,C,0.27
2440-9742-5006,Lalit Hegde,01-01-2024,07-01-2024,Amazon,Full-time,40,Primary,16,Rural,Yes,5266,878,1,D,0.27
8119-5398-8401,Deepak Amin,01-01-2024,07-01-2024,Amazon,Full-time,33,Primary,30,Urban,No,4912,819,1,D,0.27
9536-5487-9929,Ramesh Jain,01-01-2024,07-01-2024,Amazon,Full-time,32,Secondary,56,Urban,Yes,5534,922,1,D,0.27
9275-1761-4737,Lalita Bose,01-01-2024,07-01-2024,Amazon,Full-time,38,Primary,28,Semi-urban,Always,4154,692,1,D,0.27
3473-5694-9734,Sanjay Hegde,01-01-2024,07-01-2024,Amazon,Full-time,46,Secondary,25,Rural,No,4288,715,1,D,0.27
8538-5651-3019,Usha Qureshi,01-01-2024,07-01-2024,Amazon,Full-time,29,Primary,52,Urban,No,5058,843,1,D,0.27
5851-9238-5792,Deepak Iyer,01-01-2024,07-01-2024,Amazon,Full-time,25,Secondary,35,Urban,Yes,3047,508,1,B,0.27
1995-4204-5323,Yogesh Rajput,01-01-2024,07-01-2024,Amazon,Full-time,46,Primary,49,Semi-urban,No,3561,594,1,C,0.27
9066-5812-5044,Neha Malik,01-01-2024,07-01-2024,Amazon,Full-time,44,Secondary,29,Semi-urban,Always,3681,614,1,C,0.27
8466-1900-4700,Kavita Shenoy,01-01-2024,07-01-2024,Amazon,Full-time,24,Primary,1,Semi-urban,No,4105,684,1,D,0.27
2676-1661-7233,Kamla Ansari,01-01-2024,07-01-2024,Amazon,Full-time,42,Primary,60,Semi-urban,Yes,4913,819,1,D,0.27
9729-5078-9709,Shanti Pandey,01-01-2024,07-01-2024,Amazon,Full-time,22,Secondary,28,Urban,Sometimes,4892,815,1,D,0.27
9735-7101-8282,Deepak Naik,01-01-2024,07-01-2024,Amazon,Full-time,36,Primary,55,Semi-urban,Sometimes,4301,717,1,D,0.27
3378-9204-6948,Arun Das,01-01-2024,07-01-2024,Amazon,Full-time,47,Primary,41,Urban,Sometimes,4214,702,1,D,0.27
5550-7560-6627,Ritu Ahmed,01-01-2024,07-01-2024,Amazon,Full-time,37,Primary,59,Semi-urban,Sometimes,4998,833,1,D,0.27
4864-3874-7119,Divya Chatterjee,01-01-2024,07-01-2024,Amazon,Full-time,38,Primary,32,Rural,Always,4070,678,1,D,0.27
8031-8567-1256,Sanjay Ghosh,01-01-2024,07-01-2024,Ekart,Part-time,45,Secondary,60,Semi-urban,No,1705,284,1,A,0.31
7934-9201-3568,Satish Modi,01-01-2024,07-01-2024,Ekart,Full-time,33,Secondary,22,Semi-urban,Yes,4105,684,1,D,0.31
9840-7391-1437,Yogesh Kumar,01-01-2024,07-01-2024,Ekart,Full-time,26,Secondary,32,Semi-urban,No,2918,486,1,B,0.31
7001-5659-2958,Amit Mehta,01-01-2024,07-01-2024,Ekart,Full-time,36,Primary,41,Semi-urban,Yes,4012,669,1,C,0.31
9007-1153-6548,Shyam Parekh,01-01-2024,07-01-2024,Ekart,Full-time,24,Secondary,44,Semi-urban,No,3870,645,1,C,0.31
9232-9765-9480,Vinod Shah,01-01-2024,07-01-2024,Ekart,Full-time,40,Secondary,31,Urban,Yes,4121,687,1,D,0.31
7075-6470-5726,Prakash Khan,01-01-2024,07-01-2024,Ekart,Full-time,26,Secondary,11,Rural,Always,3292,549,1,B,0.31
4647-4190-4886,Sachin Patel,01-01-2024,07-01-2024,Ekart,Full-time,23,Secondary,60,Urban,No,4516,753,1,D,0.31
8832-1295-6372,Geeta Rajput,01-01-2024,07-01-2024,Ekart,Part-time,41,Secondary,4,Urban,Yes,3283,547,1,B,0.31
9459-3589-3492,Naresh Naidu,01-01-2024,07-01-2024,Ekart,Part-time,26,Secondary,54,Semi-urban,No,881,147,1,A,0.31
5123-7434-5080,Tarun Amin,01-01-2024,07-01-2024,Ekart,Full-time,44,Primary,4,Urban,Always,3902,650,1,C,0.31
9998-1196-2904,Prakash Ahmed,01-01-2024,07-01-2024,Ekart,Full-time,27,Secondary,18,Semi-urban,Sometimes,4775,796,1,D,0.31
2768-8501-8984,Praveen Banerjee,01-01-2024,07-01-2024,Ekart,Full-time,43,Secondary,2,Rural,Sometimes,3431,572,1,B,0.31
2599-6664-4192,Pradeep Shah,01-01-2024,07-01-2024,Ekart,Full-time,22,Primary,15,Semi-urban,Always,4365,728,1,D,0.31
1502-7401-9940,Ravi Patel,01-01-2024,07-01-2024,Ekart,Full-time,24,Primary,39,Semi-urban,Sometimes,3416,569,1,B,0.31
7668-7974-4742,Sita Islam,01-01-2024,07-01-2024,Ekart,Full-time,40,Secondary,5,Rural,Yes,4356,726,1,D,0.31
2648-8281-8986,Shanti Rao,01-01-2024,07-01-2024,Ekart,Full-time,25,Secondary,43,Urban,Rarely,2252,375,1,A,0.31
9157-3668-4315,Mamta Iyer,01-01-2024,07-01-2024,Ekart,Full-time,46,Secondary,33,Urban,Always,3368,561,1,B,0.31
8573-6512-1728,Padma Thakur,01-01-2024,07-01-2024,Ekart,Full-time,43,Secondary,46,Semi-urban,Yes,4375,729,1,D,0.31
6804-8724-6821,Mamta Paul,01-01-2024,07-01-2024,Ekart,Part-time,30,Secondary,23,Semi-urban,Always,2350,392,1,A,0.31
1455-5435-7016,Rajesh Hegde,01-01-2024,07-01-2024,Ekart,Full-time,39,Secondary,37,Urban,Yes,3648,608,1,C,0.31
9023-1820-1936,Rajesh Shah,01-01-2024,07-01-2024,Ekart,Full-time,30,Secondary,16,Semi-urban,No,2888,481,1,B,0.31
9112-3293-1037,Vimala Chatterjee,01-01-2024,07-01-2024,Ekart,Full-time,24,Secondary,22,Semi-urban,Yes,4148,691,1,D,0.31
3500-9794-9532,Asha Khan,01-01-2024,07-01-2024,Ekart,Full-time,38,Primary,35,Urban,Sometimes,3731,622,1,C,0.31
7911-2412-1499,Vishal Bhat,01-01-2024,07-01-2024,Ekart,Full-time,46,Primary,1,Urban,Yes,4051,675,1,C,0.31
5458-2600-8079,Aarav Ahmed,01-01-2024,07-01-2024,Ekart,Part-time,44,Secondary,14,Rural,Sometimes,1940,323,1,A,0.31
2609-2674-1106,Anil Sharma,01-01-2024,07-01-2024,Ekart,Full-time,32,Secondary,59,Semi-urban,Yes,3799,633,1,C,0.31
8312-9891-3626,Vimala Modi,01-01-2024,07-01-2024,Ekart,Full-time,22,Primary,24,Semi-urban,Sometimes,2684,447,1,A,0.31
4346-3791-1321,Rohit Siddiqui,01-01-2024,07-01-2024,Ekart,Full-time,26,Primary,37,Urban,Always,4015,669,1,C,0.31
5196-4344-8856,Asha Modi,01-01-2024,07-01-2024,Ekart,Part-time,23,Secondary,26,Urban,Sometimes,1542,257,1,A,0.31
6495-6067-6597,Naveen Ansari,01-01-2024,07-01-2024,Ekart,Full-time,37,Primary,46,Urban,Rarely,3797,633,1,C,0.31
5470-2093-5454,Usha Rajput,01-01-2024,07-01-2024,Ekart,Full-time,26,Primary,20,Urban,No,4444,741,1,D,0.31
5023-2669-6392,Tarun Modi,01-01-2024,07-01-2024,Ekart,Part-time,44,Secondary,50,Urban,No,1230,205,1,A,0.31
5636-9843-4026,Dinesh Naidu,01-01-2024,07-01-2024,Ekart,Full-time,40,Secondary,7,Urban,Sometimes,3774,629,1,C,0.31
2669-7347-6948,Nilesh Ansari,01-01-2024,07-01-2024,Ekart,Full-time,24,Primary,58,Rural,Sometimes,4522,754,1,D,0.31
2256-9496-1522,Nikhil Pillai,01-01-2024,07-01-2024,Ekart,Full-time,48,Primary,59,Urban,No,4651,775,1,D,0.31
1123-4845-3631,Vijay Modi,01-01-2024,07-01-2024,Ekart,Full-time,41,Primary,7,Semi-urban,Sometimes,4038,673,1,C,0.31
9742-4652-9363,Radha Shaikh,01-01-2024,07-01-2024,Ekart,Full-time,31,Primary,22,Rural,Yes,4658,776,1,D,0.31
6542-9149-1032,Sarita Yadav,01-01-2024,07-01-2024,Ekart,Full-time,41,Secondary,4,Rural,Yes,3680,613,1,C,0.31
3324-7953-1844,Vijay Sharma,01-01-2024,07-01-2024,Ekart,Full-time,25,Secondary,1,Urban,Yes,4788,798,1,D,0.31
6048-4906-2910,Sarita Modi,01-01-2024,07-01-2024,Ekart,Full-time,28,Secondary,58,Urban,No,3373,562,1,B,0.31
9894-9893-6612,Nilesh Shenoy,01-01-2024,07-01-2024,Ekart,Full-time,39,Secondary,34,Urban,No,3673,612,1,C,0.31
3807-7792-5341,Rohit Khan,01-01-2024,07-01-2024,Ekart,Full-time,43,Primary,50,Urban,Yes,3100,517,1,B,0.31
7699-7037-7589,Meena Gupta,01-01-2024,07-01-2024,Ekart,Full-time,22,Secondary,29,Urban,Yes,3042,507,1,B,0.31
4001-7245-3685,Savita Bhatt,01-01-2024,07-01-2024,Ekart,Part-time,34,Primary,47,Urban,Rarely,1232,205,1,A,0.31
5680-3005-5418,Sachin Das,01-01-2024,07-01-2024,Ekart,Full-time,20,Secondary,28,Rural,No,4156,693,1,D,0.31
1837-1339-6538,Mahesh Malik,01-01-2024,07-01-2024,Ekart,Full-time,39,Primary,6,Semi-urban,Always,4937,823,1,D,0.31
5558-9721-7990,Mamta Sen,01-01-2024,07-01-2024,Ekart,Full-time,21,Primary,1,Urban,Sometimes,3811,635,1,C,0.31
3760-1701-2126,Vinod Hussain,01-01-2024,07-01-2024,Ekart,Full-time,22,Primary,34,Semi-urban,Sometimes,4091,682,1,D,0.31
1512-9860-3209,Umesh Amin,01-01-2024,07-01-2024,Ekart,Full-time,20,Primary,24,Rural,Sometimes,2946,491,1,B,0.31
2927-5069-5480,Usha Siddiqui,01-01-2024,07-01-2024,Ekart,Part-time,31,Primary,40,Semi-urban,No,1338,223,1,A,0.31
3667-7876-6594,Naresh Bhat,01-01-2024,07-01-2024,Ekart,Part-time,24,Primary,35,Rural,Sometimes,1916,319,1,A,0.31
7125-2311-2980,Manoj Reddy,01-01-2024,07-01-2024,Ekart,Full-time,39,Secondary,22,Semi-urban,Rarely,3951,658,1,C,0.31
4277-5990-6396,Varun Gupta,01-01-2024,07-01-2024,Ekart,Full-time,32,Secondary,59,Semi-urban,Sometimes,3063,510,1,B,0.31
6196-3764-4181,Ganesh Kumar,01-01-2024,07-01-2024,Ekart,Full-time,47,Secondary,7,Urban,No,4636,773,1,D,0.31
6808-5031-5191,Manoj Siddiqui,01-01-2024,07-01-2024,Ekart,Part-time,28,Primary,9,Semi-urban,Sometimes,2106,351,1,A,0.31
2906-1935-9229,Dinesh Chatterjee,01-01-2024,07-01-2024,Ekart,Full-time,40,Primary,60,Semi-urban,Yes,2710,452,1,B,0.31
5134-6438-5831,Rahul Pandey,01-01-2024,07-01-2024,Ekart,Full-time,21,Primary,2,Urban,Yes,3145,524,1,B,0.31
2166-1879-8599,Dinesh Modi,01-01-2024,07-01-2024,Ekart,Full-time,32,Secondary,33,Urban,No,4618,770,1,D,0.31
5400-6850-2940,Laxmi Tiwari,01-01-2024,07-01-2024,Ekart,Full-time,22,Secondary,17,Urban,Sometimes,4070,678,1,D,0.31
5612-8502-8582,Shanti Naidu,01-01-2024,07-01-2024,Delhivery,Full-time,20,Primary,42,Urban,Sometimes,2365,394,1,A,0.36
1099-3113-2449,Anita Bhatt,01-01-2024,07-01-2024,Delhivery,Full-time,34,Primary,15,Semi-urban,Sometimes,3270,545,1,B,0.36
5987-3835-6925,Satish Thakur,01-01-2024,07-01-2024,Delhivery,Full-time,32,Secondary,34,Rural,Yes,3759,626,1,C,0.36
7430-9674-5855,Bharat Banerjee,01-01-2024,07-01-2024,Delhivery,Full-time,37,Secondary,43,Urban,No,4364,727,1,D,0.36
4644-7327-8179,Anita Paul,01-01-2024,07-01-2024,Delhivery,Full-time,33,Secondary,12,Semi-urban,Yes,4160,693,1,D,0.36
1862-9944-7412,Durga Bhatt,01-01-2024,07-01-2024,Delhivery,Full-time,47,Secondary,50,Semi-urban,Sometimes,4269,712,1,D,0.36
1981-3769-1663,Vishal Shetty,01-01-2024,07-01-2024,Delhivery,Full-time,45,Primary,20,Urban,Always,3775,629,1,C,0.36
6738-4064-3147,Rakesh Mukherjee,01-01-2024,07-01-2024,Delhivery,Full-time,30,Primary,31,Urban,No,4130,688,1,D,0.36
2583-6357-3282,Anita Modi,01-01-2024,07-01-2024,Delhivery,Part-time,38,Secondary,24,Semi-urban,No,1620,270,1,A,0.36
7249-3187-7723,Mohit Ali,01-01-2024,07-01-2024,Delhivery,Part-time,41,Secondary,20,Urban,Yes,1007,168,1,A,0.36
3877-9342-5256,Sumit Ali,01-01-2024,07-01-2024,Delhivery,Part-time,32,Primary,14,Urban,Yes,1663,277,1,A,0.36
8071-8576-8329,Divya Trivedi,01-01-2024,07-01-2024,Delhivery,Full-time,35,Secondary,59,Semi-urban,Always,3063,510,1,B,0.36
2719-1252-7336,Ritu Kamat,01-01-2024,07-01-2024,Delhivery,Full-time,25,Secondary,5,Semi-urban,Yes,2876,479,1,B,0.36
8418-4502-8986,Rakesh Desai,01-01-2024,07-01-2024,Delhivery,Full-time,42,Primary,52,Urban,No,3579,596,1,C,0.36
6748-8511-4875,Mukesh Joshi,01-01-2024,07-01-2024,Delhivery,Full-time,21,Secondary,5,Semi-urban,Yes,1380,230,1,A,0.36
5797-8603-4104,Lalita Modi,01-01-2024,07-01-2024,Delhivery,Full-time,24,Secondary,47,Urban,Sometimes,4285,714,1,D,0.36
1913-1753-6591,Satish Shenoy,01-01-2024,07-01-2024,Delhivery,Part-time,43,Primary,1,Urban,Yes,1607,268,1,A,0.36
6979-9831-3279,Praveen Rajput,01-01-2024,07-01-2024,Delhivery,Part-time,20,Secondary,7,Semi-urban,Always,1180,197,1,A,0.36
8500-8289-9537,Nilesh Sharma,01-01-2024,07-01-2024,Delhivery,Full-time,38,Secondary,38,Rural,No,3886,648,1,C,0.36
2684-6961-3879,Sunil Malik,01-01-2024,07-01-2024,Delhivery,Part-time,47,Secondary,40,Rural,Always,1747,291,1,A,0.36
1321-5336-5256,Shyam Trivedi,01-01-2024,07-01-2024,Delhivery,Part-time,24,Primary,23,Semi-urban,Sometimes,1832,305,1,A,0.36
7726-2862-8823,Vimala Pillai,01-01-2024,07-01-2024,Delhivery,Full-time,19,Secondary,15,Urban,Yes,3273,546,1,B,0.36
5864-6629-8835,Lokesh Verma,01-01-2024,07-01-2024,Delhivery,Full-time,36,Primary,50,Urban,No,3377,563,1,B,0.36
5998-6165-6950,Sarita Ahmed,01-01-2024,07-01-2024,Delhivery,Full-time,26,Secondary,54,Semi-urban,Yes,4261,710,1,D,0.36
9788-6499-1889,Padma Sharma,01-01-2024,07-01-2024,Delhivery,Full-time,41,Secondary,24,Rural,Yes,3546,591,1,C,0.36
2700-7445-8892,Ajay Das,01-01-2024,07-01-2024,Delhivery,Full-time,43,Primary,41,Urban,Yes,2685,448,1,A,0.36
5958-1314-4063,Suman Tiwari,01-01-2024,07-01-2024,Delhivery,Full-time,30,Primary,44,Semi-urban,Yes,3403,567,1,B,0.36
9329-4417-7309,Rekha Poojary,01-01-2024,07-01-2024,Delhivery,Full-time,22,Secondary,43,Rural,Yes,3923,654,1,C,0.36
9126-8412-3795,Vinod Islam,01-01-2024,07-01-2024,Delhivery,Full-time,33,Secondary,3,Rural,Yes,3236,539,1,B,0.36
6040-5876-8389,Manoj Dave,01-01-2024,07-01-2024,Delhivery,Full-time,19,Secondary,45,Semi-urban,No,2895,482,1,B,0.36
4643-9689-6282,Nisha Rajput,01-01-2024,07-01-2024,Delhivery,Full-time,38,Secondary,34,Semi-urban,Yes,3065,511,1,B,0.36
1987-5547-7635,Kapil Dey,01-01-2024,07-01-2024,Delhivery,Full-time,24,Secondary,59,Semi-urban,Always,2807,468,1,B,0.36
6333-7245-1404,Ritu Gupta,01-01-2024,07-01-2024,Delhivery,Full-time,27,Secondary,28,Urban,Yes,3978,663,1,C,0.36
8117-7929-8772,Lalit Malik,01-01-2024,07-01-2024,Delhivery,Full-time,25,Primary,50,Semi-urban,No,3127,521,1,B,0.36
7602-3934-5871,Mohit Amin,01-01-2024,07-01-2024,Delhivery,Full-time,25,Secondary,32,Urban,Always,3504,584,1,C,0.36
7125-8727-2057,Harish Joshi,01-01-2024,07-01-2024,Delhivery,Part-time,27,Primary,48,Urban,Sometimes,1391,232,1,A,0.36
5999-8346-6133,Varun Reddy,01-01-2024,07-01-2024,Delhivery,Part-time,23,Primary,12,Urban,Yes,1039,173,1,A,0.36
6290-1666-2434,Ravi Ahmed,01-01-2024,07-01-2024,Delhivery,Full-time,30,Primary,50,Rural,Yes,3392,565,1,B,0.36
5492-8199-8516,Ritu Amin,01-01-2024,07-01-2024,Delhivery,Full-time,22,Primary,23,Semi-urban,Always,4465,744,1,D,0.36
2973-6073-4036,Nikhil Dave,01-01-2024,07-01-2024,Delhivery,Full-time,45,Primary,49,Urban,Sometimes,2650,442,1,A,0.36
4899-1022-7211,Amit Reddy,01-01-2024,07-01-2024,Delhivery,Full-time,27,Secondary,26,Rural,Sometimes,3179,530,1,B,0.36
8511-7298-3740,Radha Das,01-01-2024,07-01-2024,Delhivery,Full-time,21,Primary,19,Urban,Sometimes,2580,430,1,A,0.36
6604-7654-9546,Naveen Modi,01-01-2024,07-01-2024,Delhivery,Part-time,40,Primary,49,Semi-urban,No,1396,233,1,A,0.36
8461-5366-9651,Nilesh Gowda,01-01-2024,07-01-2024,Delhivery,Full-time,42,Primary,40,Urban,Sometimes,4088,681,1,D,0.36
3775-9974-6275,Rahul Thakur,01-01-2024,07-01-2024,Delhivery,Full-time,35,Primary,35,Semi-urban,No,3828,638,1,C,0.36
4276-2010-6228,Lalita Hussain,01-01-2024,07-01-2024,Delhivery,Full-time,48,Primary,29,Rural,No,4450,742,1,D,0.36
2116-3067-1674,Rekha Desai,01-01-2024,07-01-2024,Delhivery,Full-time,42,Secondary,57,Semi-urban,Yes,3317,553,1,B,0.36
8631-3121-8268,Rohit Chatterjee,01-01-2024,07-01-2024,Delhivery,Full-time,30,Primary,39,Urban,Yes,4302,717,1,D,0.36
6753-1346-5760,Shanti Amin,01-01-2024,07-01-2024,Delhivery,Part-time,22,Primary,17,Urban,Always,1606,268,1,A,0.36
5109-9416-5088,Vijay Khan,01-01-2024,07-01-2024,Delhivery,Full-time,38,Secondary,43,Semi-urban,No,3720,620,1,C,0.36
2886-9417-5363,Prakash Shetty,01-01-2024,07-01-2024,Delhivery,Full-time,38,Secondary,11,Urban,Yes,3834,639,1,C,0.36
5560-9189-6749,Gaurav Kumar,01-01-2024,07-01-2024,Delhivery,Full-time,43,Secondary,41,Semi-urban,Always,4659,776,1,D,0.36
5947-6172-5000,Asha Jain,01-01-2024,07-01-2024,Delhivery,Full-time,45,Primary,58,Urban,Always,3576,596,1,C,0.36
6777-3439-5887,Sunil Bhatt,01-01-2024,07-01-2024,Delhivery,Full-time,43,Primary,21,Urban,Rarely,3480,580,1,C,0.36
7793-4934-6349,Vijay Thakur,01-01-2024,07-01-2024,Delhivery,Full-time,29,Primary,29,Semi-urban,Rarely,2866,478,1,B,0.36
2438-2387-9170,Priya Chatterjee,01-01-2024,07-01-2024,Dunzo,Part-time,34,Secondary,19,Semi-urban,Always,885,148,1,A,0.42
7487-4851-1905,Rakesh Thakur,01-01-2024,07-01-2024,Dunzo,Full-time,41,Secondary,21,Urban,Sometimes,3509,585,1,C,0.42
9828-2159-3406,Aarav Roy,01-01-2024,07-01-2024,Dunzo,Full-time,28,Secondary,19,Urban,Sometimes,3501,584,1,C,0.42
4061-2308-3601,Pradeep Shaikh,01-01-2024,07-01-2024,Dunzo,Full-time,25,Secondary,35,Semi-urban,Sometimes,3407,568,1,B,0.42
4619-6601-6408,Padma Bhatt,01-01-2024,07-01-2024,Dunzo,Full-time,41,Secondary,37,Urban,Yes,1697,283,1,A,0.42
8919-3727-2053,Praveen Bhat,01-01-2024,07-01-2024,Dunzo,Full-time,47,Primary,17,Urban,Always,3643,607,1,C,0.42
9481-2654-9452,Kapil Hegde,01-01-2024,07-01-2024,Dunzo,Full-time,33,Primary,22,Semi-urban,Always,2819,470,1,B,0.42
1572-1323-3492,Mohit Naidu,01-01-2024,07-01-2024,Dunzo,Part-time,47,Secondary,3,Urban,Yes,1439,240,1,A,0.42
1660-7607-3971,Manoj Trivedi,01-01-2024,07-01-2024,Dunzo,Full-time,30,Primary,40,Urban,Rarely,2566,428,1,A,0.42
5227-8577-1307,Radha Iyer,01-01-2024,07-01-2024,Dunzo,Full-time,38,Secondary,25,Urban,Yes,3732,622,1,C,0.42
6771-6236-7161,Yogesh Dave,01-01-2024,07-01-2024,Dunzo,Full-time,20,Primary,58,Rural,Yes,2706,451,1,B,0.42
4465-4777-3713,Kavita Hegde,01-01-2024,07-01-2024,Dunzo,Part-time,29,Secondary,32,Urban,Sometimes,1194,199,1,A,0.42
5974-2046-1311,Suman Malik,01-01-2024,07-01-2024,Dunzo,Part-time,23,Secondary,36,Urban,Always,1187,198,1,A,0.42
9980-6047-2819,Rajesh Malik,01-01-2024,07-01-2024,Dunzo,Full-time,33,Secondary,38,Semi-urban,Yes,3664,611,1,C,0.42
4208-2014-8395,Usha Shaikh,01-01-2024,07-01-2024,Dunzo,Part-time,22,Primary,20,Semi-urban,Sometimes,1309,218,1,A,0.42
6323-9581-2367,Mukesh Rao,01-01-2024,07-01-2024,Dunzo,Full-time,43,Secondary,26,Urban,Yes,4048,675,1,C,0.42
1499-5584-7603,Sunil Menon,01-01-2024,07-01-2024,Dunzo,Part-time,48,Secondary,10,Rural,Always,1838,306,1,A,0.42
8357-6432-9198,Girish Tiwari,01-01-2024,07-01-2024,Dunzo,Full-time,19,Primary,39,Semi-urban,No,3635,606,1,C,0.42
9040-5914-4655,Savita Parekh,01-01-2024,07-01-2024,Dunzo,Full-time,20,Primary,39,Urban,Sometimes,4345,724,1,D,0.42
5109-8274-1285,Lalita Ali,01-01-2024,07-01-2024,Dunzo,Full-time,29,Primary,29,Urban,Sometimes,4239,706,1,D,0.42
9261-9046-1608,Rekha Bose,01-01-2024,07-01-2024,Dunzo,Full-time,34,Secondary,59,Semi-urban,Yes,3500,583,1,C,0.42
4854-1032-1196,Suresh Naidu,01-01-2024,07-01-2024,Dunzo,Part-time,23,Primary,14,Semi-urban,Rarely,1356,226,1,A,0.42
6835-4327-9739,Dinesh Reddy,01-01-2024,07-01-2024,Dunzo,Full-time,44,Secondary,25,Semi-urban,Always,3273,546,1,B,0.42
3364-2196-6398,Padma Shenoy,01-01-2024,07-01-2024,Dunzo,Full-time,39,Secondary,5,Semi-urban,No,2801,467,1,B,0.42
7671-6836-1676,Radha Ahmed,01-01-2024,07-01-2024,Dunzo,Full-time,38,Primary,36,Semi-urban,Always,3429,572,1,B,0.42
8126-4230-6414,Divya Mehta,01-01-2024,07-01-2024,Dunzo,Full-time,19,Secondary,28,Semi-urban,Sometimes,4024,671,1,C,0.42
4180-9572-8985,Lalita Parekh,01-01-2024,07-01-2024,Dunzo,Full-time,27,Secondary,25,Rural,No,2627,438,1,A,0.42
5079-3646-3077,Ritesh Nair,01-01-2024,07-01-2024,Dunzo,Full-time,47,Secondary,50,Urban,Yes,3611,602,1,C,0.42
2400-3376-3339,Rohit Mehta,01-01-2024,07-01-2024,Dunzo,Full-time,39,Primary,54,Rural,Sometimes,3164,527,1,B,0.42
9920-4026-7185,Vimala Bose,01-01-2024,07-01-2024,Dunzo,Full-time,23,Secondary,35,Urban,Yes,3061,510,1,B,0.42
3686-5049-4800,Sarita Khan,01-01-2024,07-01-2024,Dunzo,Part-time,27,Secondary,48,Semi-urban,Yes,1170,195,1,A,0.42
3934-5542-7702,Suresh Shah,01-01-2024,07-01-2024,Dunzo,Full-time,31,Secondary,34,Urban,Rarely,3846,641,1,C,0.42
6135-4805-5605,Naveen Chauhan,01-01-2024,07-01-2024,Dunzo,Full-time,21,Secondary,59,Urban,Sometimes,3153,526,1,B,0.42
4448-5403-1398,Sunita Dave,01-01-2024,07-01-2024,Dunzo,Full-time,28,Primary,52,Urban,No,3494,582,1,C,0.42
4708-8668-8628,Usha Ahmed,01-01-2024,07-01-2024,Dunzo,Full-time,37,Secondary,12,Semi-urban,Yes,2926,488,1,B,0.42
2335-9611-1121,Gaurav Patel,01-01-2024,07-01-2024,Dunzo,Full-time,39,Secondary,6,Semi-urban,Always,3824,637,1,C,0.42
8070-7613-1909,Santosh Shaikh,01-01-2024,07-01-2024,Dunzo,Part-time,39,Primary,28,Semi-urban,Always,776,129,1,A,0.42
1595-1805-3262,Nilesh Bhatt,01-01-2024,07-01-2024,Dunzo,Full-time,26,Secondary,40,Semi-urban,Yes,3624,604,1,C,0.42
1015-6502-4755,Kamla Poojary,01-01-2024,07-01-2024,Dunzo,Full-time,20,Secondary,30,Urban,Sometimes,2313,386,1,A,0.42
6417-3646-4360,Praveen Dave,01-01-2024,07-01-2024,Dunzo,Part-time,34,Primary,9,Urban,No,1488,248,1,A,0.42
4302-3011-7837,Rohit Jain,01-01-2024,07-01-2024,Dunzo,Part-time,28,Secondary,42,Urban,Sometimes,1183,197,1,A,0.42
2024-2715-9869,Anita Reddy,01-01-2024,07-01-2024,Dunzo,Part-time,31,Primary,10,Urban,Sometimes,2068,345,1,A,0.42
2042-5833-8155,Vishal Menon,01-01-2024,07-01-2024,Dunzo,Full-time,46,Primary,55,Rural,Sometimes,2892,482,1,B,0.42
4113-3235-5227,Radha Ghosh,01-01-2024,07-01-2024,Dunzo,Full-time,32,Secondary,4,Semi-urban,Sometimes,3503,584,1,C,0.42
5386-8233-5206,Sumit Shaikh,01-01-2024,07-01-2024,Dunzo,Part-time,38,Secondary,58,Urban,No,1093,182,1,A,0.42
6469-9036-6851,Arjun Mishra,01-01-2024,07-01-2024,Dunzo,Part-time,32,Secondary,52,Semi-urban,Sometimes,1630,272,1,A,0.42
4332-3345-5245,Rahul Mehta,01-01-2024,07-01-2024,Dunzo,Full-time,19,Primary,54,Rural,Sometimes,4005,668,1,C,0.42
9828-6083-7369,Geeta Rao,01-01-2024,07-01-2024,Dunzo,Full-time,40,Primary,3,Urban,Yes,2326,388,1,A,0.42
2315-5565-2950,Aarav Thakur,01-01-2024,07-01-2024,Dunzo,Full-time,22,Secondary,17,Urban,Yes,3628,605,1,C,0.42
6432-7615-2711,Harish Singh,01-01-2024,07-01-2024,Dunzo,Part-time,35,Primary,59,Semi-urban,Always,1049,175,1,A,0.42
5261-6367-8576,Rohit Joshi,01-01-2024,07-01-2024,Zepto,Full-time,31,Primary,55,Urban,Sometimes,2974,496,1,B,0.44
9114-9868-9592,Ajay Dey,01-01-2024,07-01-2024,Zepto,Part-time,22,Primary,32,Urban,Rarely,693,116,1,A,0.44
7614-1219-4858,Ritu Paul,01-01-2024,07-01-2024,Zepto,Full-time,32,Secondary,3,Rural,Sometimes,3192,532,1,B,0.44
6718-8442-3547,Mahesh Tiwari,01-01-2024,07-01-2024,Zepto,Full-time,29,Secondary,50,Semi-urban,Sometimes,3273,546,1,B,0.44
9271-8904-1121,Neha Kamat,01-01-2024,07-01-2024,Zepto,Full-time,44,Secondary,33,Semi-urban,Sometimes,3327,554,1,B,0.44
9774-7544-4734,Padma Hussain,01-01-2024,07-01-2024,Zepto,Full-time,42,Secondary,48,Urban,Yes,3189,532,1,B,0.44
3757-5533-8291,Arun Bose,01-01-2024,07-01-2024,Zepto,Part-time,36,Primary,59,Rural,Yes,906,151,1,A,0.44
3700-8975-8328,Vishal Parekh,01-01-2024,07-01-2024,Zepto,Full-time,40,Secondary,23,Urban,Always,4099,683,1,D,0.44
6658-1837-7096,Ritu Parekh,01-01-2024,07-01-2024,Zepto,Full-time,26,Primary,40,Semi-urban,Yes,3981,664,1,C,0.44
6600-9402-1991,Rahul Khan,01-01-2024,07-01-2024,Zepto,Full-time,34,Primary,11,Urban,Yes,3904,651,1,C,0.44
5175-3095-2616,Ravi Iyer,01-01-2024,07-01-2024,Zepto,Full-time,34,Secondary,19,Urban,Always,3794,632,1,C,0.44
4226-2988-5451,Naveen Bhat,01-01-2024,07-01-2024,Zepto,Full-time,28,Secondary,16,Urban,Always,2996,499,1,B,0.44
8962-1833-2315,Sumit Naik,01-01-2024,07-01-2024,Zepto,Full-time,42,Secondary,37,Urban,Yes,3551,592,1,C,0.44
6581-1385-9779,Kapil Patel,01-01-2024,07-01-2024,Zepto,Part-time,21,Secondary,48,Urban,Yes,1030,172,1,A,0.44
1316-3182-3102,Dinesh Menon,01-01-2024,07-01-2024,Zepto,Full-time,19,Primary,19,Rural,Yes,2700,450,1,B,0.44
5279-6760-1948,Ritu Chatterjee,01-01-2024,07-01-2024,Zepto,Part-time,41,Primary,16,Urban,Sometimes,1287,214,1,A,0.44
6684-1843-4043,Anil Thakur,01-01-2024,07-01-2024,Zepto,Full-time,42,Primary,57,Rural,Yes,3884,647,1,C,0.44
6818-7429-8016,Anil Sen,01-01-2024,07-01-2024,Zepto,Full-time,31,Secondary,16,Urban,Sometimes,3365,561,1,B,0.44
8079-7829-1460,Ramesh Kumar,01-01-2024,07-01-2024,Zepto,Part-time,23,Primary,59,Semi-urban,Always,1422,237,1,A,0.44
7256-8339-9462,Sunita Das,01-01-2024,07-01-2024,Zepto,Full-time,43,Secondary,60,Semi-urban,Yes,2910,485,1,B,0.44
6041-2781-6418,Padma Verma,01-01-2024,07-01-2024,Zepto,Full-time,24,Secondary,46,Urban,Yes,2817,470,1,B,0.44
4482-2603-7750,Mamta Rajput,01-01-2024,07-01-2024,Zepto,Full-time,33,Secondary,58,Semi-urban,Always,3079,513,1,B,0.44
6414-6037-8077,Sanjay Nair,01-01-2024,07-01-2024,Zepto,Full-time,37,Primary,11,Urban,No,3237,540,1,B,0.44
2483-4676-5279,Dinesh Dey,01-01-2024,07-01-2024,Zepto,Full-time,21,Secondary,21,Semi-urban,Sometimes,3295,549,1,B,0.44
7804-3515-9206,Varun Rao,01-01-2024,07-01-2024,Zepto,Full-time,37,Primary,22,Semi-urban,Sometimes,3104,517,1,B,0.44
9797-8716-1961,Nikhil Rao,01-01-2024,07-01-2024,Zepto,Full-time,48,Secondary,8,Semi-urban,Always,3000,500,1,B,0.44
4462-9028-3672,Santosh Khan,01-01-2024,07-01-2024,Zepto,Part-time,34,Secondary,28,Semi-urban,Rarely,704,117,1,A,0.44
1735-4310-3302,Mahesh Chauhan,01-01-2024,07-01-2024,Zepto,Full-time,29,Secondary,25,Semi-urban,Yes,3960,660,1,C,0.44
2551-6100-2942,Mamta Amin,01-01-2024,07-01-2024,Zepto,Full-time,23,Primary,7,Urban,Sometimes,3572,595,1,C,0.44
1348-9324-9910,Vimala Hegde,01-01-2024,07-01-2024,Zepto,Full-time,30,Primary,1,Semi-urban,Always,3449,575,1,B,0.44
6465-3300-6600,Harish Khan,01-01-2024,07-01-2024,Zepto,Full-time,20,Primary,30,Semi-urban,Sometimes,2101,350,1,A,0.44
9457-8502-3009,Mohit Siddiqui,01-01-2024,07-01-2024,Zepto,Full-time,28,Primary,27,Urban,Rarely,4141,690,1,D,0.44
2033-2074-2058,Yogesh Das,01-01-2024,07-01-2024,Zepto,Full-time,34,Secondary,32,Rural,Sometimes,3069,512,1,B,0.44
3746-6095-1214,Manoj Jain,01-01-2024,07-01-2024,Zepto,Part-time,46,Secondary,5,Urban,Rarely,956,159,1,A,0.44
9455-6586-6436,Shyam Naik,01-01-2024,07-01-2024,Zepto,Full-time,27,Primary,50,Urban,Yes,3043,507,1,B,0.44
7351-8165-6845,Pradeep Islam,01-01-2024,07-01-2024,Zepto,Full-time,30,Secondary,48,Urban,Sometimes,3819,636,1,C,0.44
5009-4335-5100,Sarita Bhatt,01-01-2024,07-01-2024,Zepto,Full-time,22,Secondary,33,Rural,Sometimes,3346,558,1,B,0.44
6915-8928-2630,Pushpa Bose,01-01-2024,07-01-2024,Zepto,Full-time,27,Secondary,53,Urban,Always,3197,533,1,B,0.44
7406-5446-8105,Priya Yadav,01-01-2024,07-01-2024,Zepto,Full-time,26,Secondary,32,Urban,Sometimes,2889,482,1,B,0.44
4209-5506-9159,Naresh Nair,01-01-2024,07-01-2024,Zepto,Full-time,47,Secondary,56,Urban,Yes,3010,502,1,B,0.44
2239-6681-5708,Priya Desai,01-01-2024,07-01-2024,Zepto,Part-time,34,Primary,30,Urban,Sometimes,1617,270,1,A,0.44
3326-6509-5579,Kapil Sharma,01-01-2024,07-01-2024,Zepto,Full-time,43,Secondary,52,Semi-urban,Sometimes,2848,475,1,B,0.44
2521-5112-5365,Neha Gupta,01-01-2024,07-01-2024,Zepto,Full-time,28,Secondary,7,Urban,Sometimes,2564,427,1,A,0.44
2033-2118-9585,Satish Roy,01-01-2024,07-01-2024,Zepto,Full-time,36,Primary,13,Rural,Sometimes,3180,530,1,B,0.44
8014-3404-1919,Asha Tiwari,01-01-2024,07-01-2024,Zepto,Full-time,19,Secondary,9,Urban,Sometimes,3660,610,1,C,0.44
9202-6749-6844,Pradeep Rajput,01-01-2024,07-01-2024,Blinkit,Full-time,24,Secondary,26,Rural,Yes,3693,616,1,C,0.4
5014-9165-3640,Priya Naidu,01-01-2024,07-01-2024,Blinkit,Full-time,21,Secondary,41,Urban,No,3341,557,1,B,0.4
7753-1486-7826,Anita Kumar,01-01-2024,07-01-2024,Blinkit,Part-time,41,Primary,33,Urban,Sometimes,1451,242,1,A,0.4
6180-9079-6426,Ravi Naik,01-01-2024,07-01-2024,Blinkit,Full-time,45,Primary,37,Urban,Yes,4160,693,1,D,0.4
8521-8512-7159,Arjun Bose,01-01-2024,07-01-2024,Blinkit,Part-time,31,Secondary,7,Urban,Always,1484,247,1,A,0.4
8327-5663-4874,Harish Verma,01-01-2024,07-01-2024,Blinkit,Full-time,45,Primary,35,Rural,No,2690,448,1,A,0.4
7377-8689-9316,Rakesh Kamat,01-01-2024,07-01-2024,Blinkit,Full-time,43,Secondary,58,Urban,Sometimes,3242,540,1,B,0.4
2268-5463-1782,Anil Dey,01-01-2024,07-01-2024,Blinkit,Full-time,33,Primary,55,Urban,Yes,2739,456,1,B,0.4
4070-6532-2454,Divya Bhat,01-01-2024,07-01-2024,Blinkit,Full-time,45,Secondary,6,Urban,Sometimes,3508,585,1,C,0.4
5271-2109-5451,Pradeep Khan,01-01-2024,07-01-2024,Blinkit,Full-time,38,Secondary,20,Urban,Yes,3290,548,1,B,0.4
5297-6353-5050,Varun Sen,01-01-2024,07-01-2024,Blinkit,Full-time,36,Secondary,2,Urban,Yes,4178,696,1,D,0.4
9001-7801-8730,Ajay Mukherjee,01-01-2024,07-01-2024,Blinkit,Full-time,19,Secondary,46,Rural,Always,2941,490,1,B,0.4
4634-5063-8818,Ramesh Banerjee,01-01-2024,07-01-2024,Blinkit,Full-time,44,Primary,58,Urban,No,2851,475,1,B,0.4
4139-7446-7687,Varun Modi,01-01-2024,07-01-2024,Blinkit,Full-time,38,Secondary,3,Rural,No,2745,458,1,B,0.4
5373-2619-9934,Sunita Trivedi,01-01-2024,07-01-2024,Blinkit,Full-time,23,Secondary,49,Semi-urban,No,3564,594,1,C,0.4
1555-3163-5853,Lokesh Shenoy,01-01-2024,07-01-2024,Blinkit,Part-time,25,Secondary,55,Rural,No,1133,189,1,A,0.4
3047-2262-3071,Pradeep Hegde,01-01-2024,07-01-2024,Blinkit,Full-time,29,Primary,16,Semi-urban,No,4094,682,1,D,0.4
6417-1894-3945,Sunita Mehta,01-01-2024,07-01-2024,Blinkit,Full-time,42,Primary,21,Urban,Yes,2717,453,1,B,0.4
4822-8935-8605,Laxmi Patel,01-01-2024,07-01-2024,Blinkit,Part-time,21,Secondary,44,Urban,No,1368,228,1,A,0.4
6834-7745-4886,Kapil Bhat,01-01-2024,07-01-2024,Blinkit,Part-time,38,Primary,43,Urban,Sometimes,1660,277,1,A,0.4
6826-1871-7520,Mahesh Siddiqui,01-01-2024,07-01-2024,Blinkit,Part-time,28,Secondary,37,Semi-urban,Yes,1649,275,1,A,0.4
8757-2544-7734,Aarav Jain,01-01-2024,07-01-2024,Blinkit,Full-time,35,Secondary,11,Semi-urban,Yes,3433,572,1,B,0.4
3340-7756-3915,Vishal Gupta,01-01-2024,07-01-2024,Blinkit,Full-time,41,Secondary,43,Urban,Always,4239,706,1,D,0.4
6573-4718-6955,Divya Mishra,01-01-2024,07-01-2024,Blinkit,Full-time,45,Primary,29,Rural,Sometimes,4089,682,1,D,0.4
5370-6487-7772,Ramesh Sharma,01-01-2024,07-01-2024,Blinkit,Full-time,20,Primary,40,Rural,Rarely,2910,485,1,B,0.4
4118-4049-5677,Rekha Siddiqui,01-01-2024,07-01-2024,Blinkit,Full-time,30,Primary,33,Semi-urban,Rarely,4031,672,1,C,0.4
9959-7368-3780,Praveen Mukherjee,01-01-2024,07-01-2024,Blinkit,Full-time,37,Secondary,13,Urban,Yes,4440,740,1,D,0.4
2240-3139-8297,Meena Ansari,01-01-2024,07-01-2024,Blinkit,Part-time,25,Primary,22,Semi-urban,Sometimes,820,137,1,A,0.4
3942-2789-4617,Tarun Dey,01-01-2024,07-01-2024,Blinkit,Full-time,45,Primary,44,Urban,Always,4031,672,1,C,0.4
4927-4748-6169,Suman Banerjee,01-01-2024,07-01-2024,Blinkit,Full-time,23,Secondary,52,Urban,Yes,4750,792,1,D,0.4
1862-8218-4480,Sanjay Amin,01-01-2024,07-01-2024,Blinkit,Full-time,36,Primary,58,Urban,Sometimes,3562,594,1,C,0.4
2111-8430-2288,Durga Naik,01-01-2024,07-01-2024,Blinkit,Full-time,38,Primary,14,Rural,Rarely,3916,653,1,C,0.4
6218-5384-6149,Sachin Trivedi,01-01-2024,07-01-2024,Blinkit,Full-time,44,Secondary,10,Rural,Yes,3630,605,1,C,0.4
7264-5239-1887,Neha Rao,01-01-2024,07-01-2024,Blinkit,Full-time,46,Primary,25,Urban,Yes,3417,570,1,B,0.4
4696-7598-4562,Sunita Naidu,01-01-2024,07-01-2024,Blinkit,Full-time,20,Primary,14,Semi-urban,Sometimes,3596,599,1,C,0.4
1322-5323-2045,Ganesh Ahmed,01-01-2024,07-01-2024,Blinkit,Full-time,35,Primary,2,Urban,Yes,2668,445,1,A,0.4
7831-2315-7694,Harish Mishra,01-01-2024,07-01-2024,Blinkit,Full-time,44,Secondary,21,Urban,Sometimes,3550,592,1,C,0.4
1915-5277-5334,Kavita Paul,01-01-2024,07-01-2024,Blinkit,Full-time,44,Primary,11,Urban,Yes,3175,529,1,B,0.4
2466-6952-4429,Sarita Hussain,01-01-2024,07-01-2024,Blinkit,Full-time,31,Primary,16,Semi-urban,Yes,3604,601,1,C,0.4
2890-3106-6044,Kapil Mehta,01-01-2024,07-01-2024,Blinkit,Part-time,37,Secondary,35,Semi-urban,Yes,1599,266,1,A,0.4
8862-1595-2899,Prakash Bhatt,01-01-2024,07-01-2024,Blinkit,Full-time,27,Secondary,28,Urban,Rarely,4520,753,1,D,0.4
1613-9232-2974,Ramesh Shaikh,01-01-2024,07-01-2024,Blinkit,Part-time,27,Primary,55,Urban,Sometimes,1567,261,1,A,0.4
3567-7571-4188,Usha Bhatt,01-01-2024,07-01-2024,Blinkit,Part-time,22,Secondary,30,Semi-urban,Yes,1788,298,1,A,0.4
3401-3729-9774,Padma Siddiqui,01-01-2024,07-01-2024,Blinkit,Full-time,46,Primary,18,Urban,Rarely,3938,656,1,C,0.4
6500-9493-8365,Usha Shetty,01-01-2024,07-01-2024,Blinkit,Full-time,30,Primary,16,Urban,Yes,2851,475,1,B,0.4
4872-7040-4666,Sunita Desai,01-01-2024,07-01-2024,Blinkit,Full-time,37,Primary,16,Semi-urban,No,3773,629,1,C,0.4
1484-7249-6499,Arjun Modi,01-01-2024,07-01-2024,Blinkit,Full-time,30,Primary,25,Urban,Yes,3687,614,1,C,0.4
8685-9699-4233,Ganesh Menon,01-01-2024,07-01-2024,Blinkit,Full-time,47,Secondary,22,Semi-urban,Always,3834,639,1,C,0.4
6547-5811-5618,Savita Joshi,01-01-2024,07-01-2024,Blinkit,Full-time,41,Primary,29,Semi-urban,Always,3349,558,1,B,0.4
3061-3355-7797,Manoj Bhatt,01-01-2024,07-01-2024,Blinkit,Full-time,37,Primary,58,Rural,Yes,2726,454,1,B,0.4
6326-9135-8321,Geeta Hegde,01-01-2024,07-01-2024,Porter,Full-time,42,Secondary,57,Urban,Rarely,3722,620,1,C,0.38
2070-9865-1623,Umesh Qureshi,01-01-2024,07-01-2024,Porter,Part-time,46,Primary,17,Rural,Sometimes,1334,222,1,A,0.38
4988-8107-5587,Priya Modi,01-01-2024,07-01-2024,Porter,Part-time,27,Primary,40,Rural,Rarely,1259,210,1,A,0.38
1146-2904-8391,Vimala Bhat,01-01-2024,07-01-2024,Porter,Part-time,43,Primary,41,Semi-urban,No,698,116,1,A,0.38
1617-6704-7185,Sunita Pandey,01-01-2024,07-01-2024,Porter,Full-time,38,Secondary,4,Semi-urban,Yes,4131,688,1,D,0.38
9252-3759-3336,Ritesh Verma,01-01-2024,07-01-2024,Porter,Full-time,45,Secondary,28,Urban,No,3986,664,1,C,0.38
1799-2093-4593,Pooja Ghosh,01-01-2024,07-01-2024,Porter,Full-time,21,Secondary,32,Semi-urban,Yes,4176,696,1,D,0.38
2229-3941-9805,Sachin Agarwal,01-01-2024,07-01-2024,Porter,Full-time,25,Secondary,60,Rural,Always,3072,512,1,B,0.38
4575-5534-8473,Sarita Dave,01-01-2024,07-01-2024,Porter,Full-time,34,Secondary,44,Urban,Yes,2898,483,1,B,0.38
2382-5049-6367,Laxmi Qureshi,01-01-2024,07-01-2024,Porter,Full-time,43,Primary,57,Urban,Yes,4504,751,1,D,0.38
4300-7108-8649,Harish Yadav,01-01-2024,07-01-2024,Porter,Full-time,40,Secondary,53,Rural,Always,4360,727,1,D,0.38
5061-5940-3963,Vimala Yadav,01-01-2024,07-01-2024,Porter,Part-time,22,Primary,16,Urban,Rarely,399,66,1,A,0.38
5942-9523-2599,Meena Rao,01-01-2024,07-01-2024,Porter,Full-time,48,Primary,23,Urban,Sometimes,3897,650,1,C,0.38
4899-3975-5662,Lokesh Bose,01-01-2024,07-01-2024,Porter,Full-time,44,Secondary,54,Rural,Yes,1962,327,1,A,0.38
4479-1551-3816,Pushpa Gowda,01-01-2024,07-01-2024,Porter,Full-time,42,Secondary,15,Semi-urban,Yes,4161,694,1,D,0.38
5624-4228-8500,Rajesh Poojary,01-01-2024,07-01-2024,Porter,Full-time,26,Secondary,56,Urban,Sometimes,2946,491,1,B,0.38
3161-2751-4469,Sumit Iyer,01-01-2024,07-01-2024,Porter,Full-time,23,Primary,15,Urban,Always,3791,632,1,C,0.38
8988-9671-4407,Satish Joshi,01-01-2024,07-01-2024,Porter,Full-time,28,Secondary,2,Semi-urban,No,3526,588,1,C,0.38
9404-3993-1691,Tarun Bose,01-01-2024,07-01-2024,Porter,Full-time,48,Primary,31,Semi-urban,No,4332,722,1,D,0.38
4080-1727-1034,Santosh Modi,01-01-2024,07-01-2024,Porter,Full-time,48,Secondary,24,Semi-urban,No,4113,686,1,D,0.38
9977-6212-4855,Prakash Gupta,01-01-2024,07-01-2024,Porter,Full-time,34,Primary,23,Rural,No,3346,558,1,B,0.38
7775-7053-9446,Mahesh Kamat,01-01-2024,07-01-2024,Porter,Full-time,37,Secondary,13,Urban,No,4445,741,1,D,0.38
4691-4127-5162,Manju Gupta,01-01-2024,07-01-2024,Porter,Full-time,29,Primary,8,Urban,Yes,3603,600,1,C,0.38
2956-8564-4689,Divya Bose,01-01-2024,07-01-2024,Porter,Full-time,40,Secondary,9,Urban,Yes,4695,782,1,D,0.38
5980-1632-8862,Vimala Pandey,01-01-2024,07-01-2024,Porter,Part-time,20,Secondary,39,Urban,Sometimes,1756,293,1,A,0.38
7333-9835-7270,Bharat Das,01-01-2024,07-01-2024,Porter,Full-time,41,Primary,40,Rural,Yes,3826,638,1,C,0.38
7750-1012-3323,Kavita Malik,01-01-2024,07-01-2024,Porter,Full-time,35,Secondary,40,Urban,No,2527,421,1,A,0.38
9875-4589-5207,Ritesh Dave,01-01-2024,07-01-2024,Porter,Full-time,48,Secondary,8,Rural,No,2965,494,1,B,0.38
3621-5963-5898,Lalit Shenoy,01-01-2024,07-01-2024,Porter,Full-time,30,Secondary,15,Urban,Always,3336,556,1,B,0.38
7832-6167-2215,Rekha Gupta,01-01-2024,07-01-2024,Porter,Full-time,38,Secondary,18,Semi-urban,No,3110,518,1,B,0.38
7730-2202-5691,Praveen Chauhan,01-01-2024,07-01-2024,Porter,Part-time,22,Secondary,9,Urban,Sometimes,990,165,1,A,0.38
5022-3638-9422,Naresh Yadav,01-01-2024,07-01-2024,Porter,Part-time,42,Primary,1,Rural,Sometimes,2162,360,1,A,0.38
2118-7729-3810,Rakesh Bhatt,01-01-2024,07-01-2024,Porter,Full-time,45,Primary,8,Semi-urban,Yes,2448,408,1,A,0.38
6505-9684-9306,Meena Sharma,01-01-2024,07-01-2024,Porter,Full-time,38,Secondary,5,Urban,Sometimes,3063,510,1,B,0.38
8344-6419-3058,Bharat Dey,01-01-2024,07-01-2024,Porter,Full-time,22,Secondary,28,Urban,Yes,4091,682,1,D,0.38
8755-1169-5596,Nikhil Qureshi,01-01-2024,07-01-2024,Porter,Full-time,39,Secondary,4,Rural,Always,4426,738,1,D,0.38
7056-7523-1176,Sumit Dave,01-01-2024,07-01-2024,Porter,Full-time,31,Secondary,42,Semi-urban,Yes,4056,676,1,C,0.38
8132-7925-5463,Ritesh Yadav,01-01-2024,07-01-2024,Porter,Full-time,38,Primary,27,Urban,Always,4559,760,1,D,0.38
5822-9364-5125,Aarav Dey,01-01-2024,07-01-2024,Porter,Full-time,23,Secondary,41,Urban,Sometimes,3868,645,1,C,0.38
9265-8584-6075,Seema Parekh,01-01-2024,07-01-2024,Porter,Full-time,41,Primary,48,Semi-urban,Yes,4681,780,1,D,0.38
2607-1089-4413,Sarita Chatterjee,01-01-2024,07-01-2024,Shadowfax,Full-time,41,Secondary,57,Rural,Always,4268,711,1,D,0.33
2878-3901-7066,Anita Das,01-01-2024,07-01-2024,Shadowfax,Full-time,30,Primary,51,Semi-urban,Yes,3574,596,1,C,0.33
9630-7258-4744,Ramesh Bhatt,01-01-2024,07-01-2024,Shadowfax,Part-time,34,Primary,53,Urban,Yes,1707,284,1,A,0.33
9580-8699-5763,Suresh Gowda,01-01-2024,07-01-2024,Shadowfax,Part-time,38,Secondary,30,Semi-urban,Yes,1169,195,1,A,0.33
4058-6841-8721,Harish Trivedi,01-01-2024,07-01-2024,Shadowfax,Full-time,37,Secondary,30,Semi-urban,Sometimes,3781,630,1,C,0.33
3629-6720-4784,Shyam Ansari,01-01-2024,07-01-2024,Shadowfax,Full-time,40,Secondary,38,Rural,No,2759,460,1,B,0.33
7768-5261-1697,Pradeep Qureshi,01-01-2024,07-01-2024,Shadowfax,Full-time,28,Primary,21,Urban,Sometimes,4178,696,1,D,0.33
8788-5209-4660,Laxmi Siddiqui,01-01-2024,07-01-2024,Shadowfax,Part-time,41,Primary,19,Urban,Sometimes,2245,374,1,A,0.33
9736-4560-2907,Naresh Sen,01-01-2024,07-01-2024,Shadowfax,Part-time,22,Secondary,1,Urban,Always,1649,275,1,A,0.33
1968-3875-9262,Ritu Verma,01-01-2024,07-01-2024,Shadowfax,Full-time,20,Secondary,17,Rural,Always,3469,578,1,C,0.33
3102-8397-8216,Pooja Shaikh,01-01-2024,07-01-2024,Shadowfax,Full-time,44,Secondary,28,Semi-urban,Rarely,3730,622,1,C,0.33
1380-6424-7833,Dinesh Bhat,01-01-2024,07-01-2024,Shadowfax,Part-time,37,Primary,42,Urban,No,2381,397,1,A,0.33
8337-3768-6140,Priya Das,01-01-2024,07-01-2024,Shadowfax,Part-time,33,Secondary,38,Urban,Rarely,1640,273,1,A,0.33
8269-1104-6188,Sunita Agarwal,01-01-2024,07-01-2024,Shadowfax,Full-time,32,Secondary,15,Semi-urban,Always,4234,706,1,D,0.33
8020-2921-2114,Lalita Das,01-01-2024,07-01-2024,Shadowfax,Full-time,38,Primary,44,Rural,No,2668,445,1,A,0.33
9350-8578-1054,Anil Qureshi,01-01-2024,07-01-2024,Shadowfax,Full-time,37,Primary,6,Urban,Yes,3173,529,1,B,0.33
4228-8521-1010,Praveen Kamat,01-01-2024,07-01-2024,Shadowfax,Full-time,19,Secondary,3,Urban,Yes,3631,605,1,C,0.33
5992-2170-3781,Umesh Jain,01-01-2024,07-01-2024,Shadowfax,Full-time,43,Primary,2,Urban,No,3191,532,1,B,0.33
9314-1649-6154,Sunita Sen,01-01-2024,07-01-2024,Shadowfax,Full-time,21,Secondary,11,Semi-urban,No,3221,537,1,B,0.33
3896-9225-1083,Suman Bhat,01-01-2024,07-01-2024,Shadowfax,Full-time,30,Secondary,44,Rural,Yes,3328,555,1,B,0.33
4447-8609-7975,Arun Reddy,01-01-2024,07-01-2024,Shadowfax,Full-time,22,Primary,38,Urban,Yes,4314,719,1,D,0.33
3867-4050-2614,Sunil Reddy,01-01-2024,07-01-2024,Shadowfax,Full-time,32,Secondary,38,Urban,Sometimes,3540,590,1,C,0.33
5298-6973-6743,Aarav Naidu,01-01-2024,07-01-2024,Shadowfax,Full-time,40,Secondary,10,Urban,No,3725,621,1,C,0.33
9727-8688-7973,Kapil Jain,01-01-2024,07-01-2024,Shadowfax,Full-time,24,Secondary,21,Semi-urban,Always,3456,576,1,C,0.33
4953-7882-7764,Sunita Ahmed,01-01-2024,07-01-2024,Shadowfax,Full-time,44,Primary,1,Urban,Always,3121,520,1,B,0.33
7421-2430-3385,Vishal Agarwal,01-01-2024,07-01-2024,Shadowfax,Full-time,23,Secondary,8,Semi-urban,Sometimes,2804,467,1,B,0.33
7267-5650-7034,Sarita Paul,01-01-2024,07-01-2024,Shadowfax,Part-time,46,Primary,6,Urban,Yes,535,89,1,A,0.33
8226-3217-7206,Santosh Sen,01-01-2024,07-01-2024,Shadowfax,Full-time,47,Primary,22,Urban,Always,3427,571,1,B,0.33
6542-5439-2604,Naveen Gupta,01-01-2024,07-01-2024,Shadowfax,Full-time,36,Primary,51,Urban,Yes,3233,539,1,B,0.33
3292-5967-3586,Arun Mukherjee,01-01-2024,07-01-2024,Shadowfax,Full-time,41,Primary,31,Urban,Yes,3470,578,1,C,0.33
2892-7057-9673,Radha Kumar,01-01-2024,07-01-2024,Shadowfax,Full-time,21,Secondary,52,Semi-urban,No,3996,666,1,C,0.33
9567-9290-6285,Mukesh Naidu,01-01-2024,07-01-2024,Shadowfax,Full-time,23,Primary,28,Semi-urban,Sometimes,4411,735,1,D,0.33
6092-5153-1696,Mukesh Mehta,01-01-2024,07-01-2024,Shadowfax,Full-time,31,Secondary,30,Urban,Rarely,2964,494,1,B,0.33
1422-6542-6146,Mahesh Trivedi,01-01-2024,07-01-2024,Shadowfax,Full-time,48,Secondary,23,Urban,Yes,3765,628,1,C,0.33
5900-8868-7961,Kamla Menon,01-01-2024,07-01-2024,Shadowfax,Part-time,46,Primary,5,Urban,Always,1809,302,1,A,0.33
2895-2004-3220,Praveen Roy,01-01-2024,07-01-2024,Shadowfax,Full-time,41,Secondary,3,Urban,No,3192,532,1,B,0.33
8768-2792-9432,Nisha Shetty,01-01-2024,07-01-2024,Shadowfax,Full-time,34,Primary,47,Urban,Always,2310,385,1,A,0.33
2754-5801-8725,Radha Chatterjee,01-01-2024,07-01-2024,Shadowfax,Full-time,26,Primary,36,Semi-urban,Sometimes,3628,605,1,C,0.33
5950-7600-8162,Vinod Yadav,01-01-2024,07-01-2024,Shadowfax,Full-time,37,Primary,41,Urban,No,3252,542,1,B,0.33
4472-3746-2545,Nilesh Mehta,01-01-2024,07-01-2024,Shadowfax,Full-time,33,Primary,36,Rural,Yes,4132,689,1,D,0.33
2640-1363-8065,Vinod Singh,08-01-2024,14-01-2024,Amazon,Full-time,32,Secondary,47,Urban,Sometimes,4524,754,1,D,0.27
6217-9921-2907,Santosh Verma,08-01-2024,14-01-2024,Amazon,Full-time,22,Secondary,17,Urban,Rarely,2757,460,1,B,0.27
7349-3472-7936,Rahul Sharma,08-01-2024,14-01-2024,Amazon,Full-time,38,Secondary,46,Urban,Always,4713,786,1,D,0.27
4112-3965-6397,Arun Patel,08-01-2024,14-01-2024,Amazon,Full-time,40,Secondary,37,Semi-urban,Yes,5498,916,1,D,0.27
2396-3088-2429,Nikhil Banerjee,08-01-2024,14-01-2024,Amazon,Full-time,28,Primary,54,Semi-urban,Yes,3391,565,1,B,0.27
4963-7821-7884,Bharat Bhat,08-01-2024,14-01-2024,Amazon,Full-time,25,Primary,57,Urban,No,4353,726,1,D,0.27
4232-5218-7253,Shanti Trivedi,08-01-2024,14-01-2024,Amazon,Full-time,24,Primary,46,Urban,No,3538,590,1,C,0.27
2746-6763-3672,Sarita Dey,08-01-2024,14-01-2024,Amazon,Full-time,28,Primary,51,Urban,Yes,4811,802,1,D,0.27
1230-1892-1086,Arun Sen,08-01-2024,14-01-2024,Amazon,Full-time,29,Secondary,56,Urban,No,5463,910,1,D,0.27
4387-6738-2811,Seema Sen,08-01-2024,14-01-2024,Amazon,Full-time,29,Primary,4,Rural,Yes,3264,544,1,B,0.27
9265-4321-1594,Girish Rao,08-01-2024,14-01-2024,Amazon,Full-time,38,Secondary,53,Urban,No,2522,420,1,A,0.27
3496-4426-1355,Rakesh Shaikh,08-01-2024,14-01-2024,Amazon,Full-time,45,Primary,5,Urban,Sometimes,4928,821,1,D,0.27
9969-4113-2677,Bharat Naik,08-01-2024,14-01-2024,Amazon,Part-time,39,Primary,49,Urban,Always,1628,271,1,A,0.27
8660-5353-2598,Ajay Kumar,08-01-2024,14-01-2024,Amazon,Full-time,41,Secondary,24,Urban,Sometimes,4155,692,1,D,0.27
3391-4834-2854,Sunil Kumar,08-01-2024,14-01-2024,Amazon,Part-time,39,Primary,45,Urban,Rarely,1505,251,1,A,0.27
6918-6429-4550,Kiran Verma,08-01-2024,14-01-2024,Amazon,Full-time,21,Primary,42,Urban,Yes,4645,774,1,D,0.27
5779-5313-9445,Kavita Nair,08-01-2024,14-01-2024,Amazon,Full-time,36,Secondary,6,Urban,Rarely,4714,786,1,D,0.27
6010-8812-6995,Nisha Malik,08-01-2024,14-01-2024,Amazon,Full-time,28,Primary,4,Urban,Sometimes,5568,928,1,D,0.27
1628-1185-5009,Mahesh Shenoy,08-01-2024,14-01-2024,Amazon,Full-time,22,Secondary,31,Semi-urban,Yes,3921,654,1,C,0.27
1621-9807-5954,Rohit Shetty,08-01-2024,14-01-2024,Amazon,Full-time,22,Secondary,29,Urban,Sometimes,3124,521,1,B,0.27
7558-2428-2814,Suman Reddy,08-01-2024,14-01-2024,Amazon,Part-time,34,Secondary,53,Semi-urban,Sometimes,1733,289,1,A,0.27
1688-6901-4145,Vinod Shaikh,08-01-2024,14-01-2024,Amazon,Full-time,43,Secondary,29,Urban,Sometimes,3768,628,1,C,0.27
4414-1094-1798,Bharat Shaikh,08-01-2024,14-01-2024,Amazon,Part-time,36,Primary,24,Semi-urban,Rarely,1176,196,1,A,0.27
2987-8989-5637,Asha Ahmed,08-01-2024,14-01-2024,Amazon,Full-time,37,Primary,37,Semi-urban,Always,3930,655,1,C,0.27
9046-6192-5651,Nikhil Hegde,08-01-2024,14-01-2024,Amazon,Full-time,23,Primary,50,Urban,Sometimes,3725,621,1,C,0.27
5860-2403-4817,Lalit Tiwari,08-01-2024,14-01-2024,Amazon,Part-time,37,Primary,30,Semi-urban,No,1790,298,1,A,0.27
7800-1547-6954,Ajay Mishra,08-01-2024,14-01-2024,Amazon,Part-time,41,Secondary,2,Urban,Always,1651,275,1,A,0.27
2738-7941-6804,Lalita Sharma,08-01-2024,14-01-2024,Amazon,Full-time,19,Primary,38,Rural,Always,2899,483,1,B,0.27
3256-5540-4851,Shanti Yadav,08-01-2024,14-01-2024,Amazon,Full-time,25,Secondary,12,Urban,Always,5065,844,1,D,0.27
7140-7812-4750,Ganesh Jain,08-01-2024,14-01-2024,Amazon,Full-time,19,Primary,45,Semi-urban,Sometimes,4960,827,1,D,0.27
5573-3048-3614,Neha Trivedi,08-01-2024,14-01-2024,Amazon,Full-time,41,Secondary,6,Rural,Yes,4568,761,1,D,0.27
2206-8886-3158,Bharat Hegde,08-01-2024,14-01-2024,Amazon,Part-time,20,Primary,51,Semi-urban,Sometimes,2978,496,1,B,0.27
4979-6633-5580,Amit Singh,08-01-2024,14-01-2024,Amazon,Part-time,19,Secondary,5,Urban,Sometimes,1031,172,1,A,0.27
6224-4837-3146,Varun Bhatt,08-01-2024,14-01-2024,Amazon,Full-time,33,Secondary,6,Urban,Always,4884,814,1,D,0.27
9548-4920-3613,Sita Hegde,08-01-2024,14-01-2024,Amazon,Full-time,22,Primary,23,Rural,No,3838,640,1,C,0.27
5511-3905-9262,Pushpa Rao,08-01-2024,14-01-2024,Amazon,Full-time,21,Secondary,20,Semi-urban,Yes,3871,645,1,C,0.27
4394-6808-6099,Vimala Shah,08-01-2024,14-01-2024,Amazon,Full-time,40,Secondary,21,Semi-urban,Yes,4406,734,1,D,0.27
4831-4995-7037,Sita Parekh,08-01-2024,14-01-2024,Amazon,Full-time,31,Primary,16,Rural,Always,4827,804,1,D,0.27
1269-6334-3728,Ravi Singh,08-01-2024,14-01-2024,Amazon,Part-time,30,Primary,33,Urban,Always,2522,420,1,A,0.27
3337-7610-1012,Anita Jain,08-01-2024,14-01-2024,Amazon,Full-time,44,Secondary,37,Semi-urban,Sometimes,5216,869,1,D,0.27
4940-1805-6603,Sarita Ali,08-01-2024,14-01-2024,Amazon,Full-time,19,Secondary,54,Semi-urban,Sometimes,3047,508,1,B,0.27
8560-9896-2115,Sumit Kumar,08-01-2024,14-01-2024,Amazon,Full-time,46,Secondary,43,Semi-urban,No,4236,706,1,D,0.27
5451-5314-8283,Kamla Gowda,08-01-2024,14-01-2024,Amazon,Full-time,35,Secondary,42,Urban,Yes,4817,803,1,D,0.27
1380-5070-5438,Ritesh Patel,08-01-2024,14-01-2024,Amazon,Full-time,41,Secondary,9,Urban,Yes,3631,605,1,C,0.27
4609-9133-4819,Amit Mishra,08-01-2024,14-01-2024,Amazon,Part-time,24,Secondary,16,Urban,Sometimes,1505,251,1,A,0.27
3459-1579-8738,Tarun Naidu,08-01-2024,14-01-2024,Amazon,Full-time,33,Secondary,43,Rural,Sometimes,5251,875,1,D,0.27
7329-6865-6886,Harish Kumar,08-01-2024,14-01-2024,Amazon,Part-time,25,Secondary,36,Urban,Yes,1664,277,1,A,0.27
6936-2496-9328,Sunil Bhat,08-01-2024,14-01-2024,Amazon,Part-time,32,Secondary,21,Rural,No,2125,354,1,A,0.27
6595-2186-8035,Ramesh Paul,08-01-2024,14-01-2024,Amazon,Full-time,27,Primary,32,Semi-urban,Always,4030,672,1,C,0.27
1364-5726-7613,Dinesh Shah,08-01-2024,14-01-2024,Amazon,Full-time,47,Secondary,47,Urban,Always,5315,886,1,D,0.27
4231-2372-4282,Varun Shah,08-01-2024,14-01-2024,Amazon,Part-time,39,Secondary,25,Urban,Sometimes,990,165,1,A,0.27
1639-9454-1738,Padma Bose,08-01-2024,14-01-2024,Amazon,Full-time,48,Primary,5,Urban,No,2796,466,1,B,0.27
1365-1216-3667,Ravi Gupta,08-01-2024,14-01-2024,Amazon,Full-time,33,Secondary,52,Urban,Yes,4952,825,1,D,0.27
9585-7551-1282,Sita Chauhan,08-01-2024,14-01-2024,Amazon,Full-time,45,Secondary,34,Urban,Yes,5191,865,1,D,0.27
2440-9742-5006,Lalit Hegde,08-01-2024,14-01-2024,Amazon,Full-time,40,Primary,16,Rural,Yes,5671,945,1,D,0.27
8119-5398-8401,Deepak Amin,08-01-2024,14-01-2024,Amazon,Full-time,33,Primary,30,Urban,No,4257,710,1,D,0.27
9536-5487-9929,Ramesh Jain,08-01-2024,14-01-2024,Amazon,Full-time,32,Secondary,56,Urban,Yes,5505,918,1,D,0.27
9275-1761-4737,Lalita Bose,08-01-2024,14-01-2024,Amazon,Full-time,38,Primary,28,Semi-urban,Always,4281,714,1,D,0.27
3473-5694-9734,Sanjay Hegde,08-01-2024,14-01-2024,Amazon,Full-time,46,Secondary,25,Rural,No,4377,730,1,D,0.27
8538-5651-3019,Usha Qureshi,08-01-2024,14-01-2024,Amazon,Full-time,29,Primary,52,Urban,No,4122,687,1,D,0.27
5851-9238-5792,Deepak Iyer,08-01-2024,14-01-2024,Amazon,Full-time,25,Secondary,35,Urban,Yes,4550,758,1,D,0.27
1995-4204-5323,Yogesh Rajput,08-01-2024,14-01-2024,Amazon,Full-time,46,Primary,49,Semi-urban,No,4151,692,1,D,0.27
9066-5812-5044,Neha Malik,08-01-2024,14-01-2024,Amazon,Full-time,44,Secondary,29,Semi-urban,Always,4208,701,1,D,0.27
8466-1900-4700,Kavita Shenoy,08-01-2024,14-01-2024,Amazon,Full-time,24,Primary,1,Semi-urban,No,4718,786,1,D,0.27
2676-1661-7233,Kamla Ansari,08-01-2024,14-01-2024,Amazon,Full-time,42,Primary,60,Semi-urban,Yes,5294,882,1,D,0.27
9729-5078-9709,Shanti Pandey,08-01-2024,14-01-2024,Amazon,Full-time,22,Secondary,28,Urban,Sometimes,5020,837,1,D,0.27
9735-7101-8282,Deepak Naik,08-01-2024,14-01-2024,Amazon,Full-time,36,Primary,55,Semi-urban,Sometimes,4562,760,1,D,0.27
3378-9204-6948,Arun Das,08-01-2024,14-01-2024,Amazon,Full-time,47,Primary,41,Urban,Sometimes,5783,964,1,D,0.27
5550-7560-6627,Ritu Ahmed,08-01-2024,14-01-2024,Amazon,Full-time,37,Primary,59,Semi-urban,Sometimes,4787,798,1,D,0.27
4864-3874-7119,Divya Chatterjee,08-01-2024,14-01-2024,Amazon,Full-time,38,Primary,32,Rural,Always,4005,668,1,C,0.27
8031-8567-1256,Sanjay Ghosh,08-01-2024,14-01-2024,Ekart,Part-time,45,Secondary,60,Semi-urban,No,1769,295,1,A,0.31
7934-9201-3568,Satish Modi,08-01-2024,14-01-2024,Ekart,Full-time,33,Secondary,22,Semi-urban,Yes,4343,724,1,D,0.31
9840-7391-1437,Yogesh Kumar,08-01-2024,14-01-2024,Ekart,Full-time,26,Secondary,32,Semi-urban,No,2584,431,1,A,0.31
7001-5659-2958,Amit Mehta,08-01-2024,14-01-2024,Ekart,Full-time,36,Primary,41,Semi-urban,Yes,3286,548,1,B,0.31
9007-1153-6548,Shyam Parekh,08-01-2024,14-01-2024,Ekart,Full-time,24,Secondary,44,Semi-urban,No,3955,659,1,C,0.31
9232-9765-9480,Vinod Shah,08-01-2024,14-01-2024,Ekart,Full-time,40,Secondary,31,Urban,Yes,4006,668,1,C,0.31
7075-6470-5726,Prakash Khan,08-01-2024,14-01-2024,Ekart,Full-time,26,Secondary,11,Rural,Always,4370,728,1,D,0.31
4647-4190-4886,Sachin Patel,08-01-2024,14-01-2024,Ekart,Full-time,23,Secondary,60,Urban,No,4696,783,1,D,0.31
8832-1295-6372,Geeta Rajput,08-01-2024,14-01-2024,Ekart,Part-time,41,Secondary,4,Urban,Yes,2308,385,1,A,0.31
9459-3589-3492,Naresh Naidu,08-01-2024,14-01-2024,Ekart,Part-time,26,Secondary,54,Semi-urban,No,1857,310,1,A,0.31
5123-7434-5080,Tarun Amin,08-01-2024,14-01-2024,Ekart,Full-time,44,Primary,4,Urban,Always,3192,532,1,B,0.31
9998-1196-2904,Prakash Ahmed,08-01-2024,14-01-2024,Ekart,Full-time,27,Secondary,18,Semi-urban,Sometimes,4260,710,1,D,0.31
2768-8501-8984,Praveen Banerjee,08-01-2024,14-01-2024,Ekart,Full-time,43,Secondary,2,Rural,Sometimes,4326,721,1,D,0.31
2599-6664-4192,Pradeep Shah,08-01-2024,14-01-2024,Ekart,Full-time,22,Primary,15,Semi-urban,Always,3916,653,1,C,0.31
1502-7401-9940,Ravi Patel,08-01-2024,14-01-2024,Ekart,Full-time,24,Primary,39,Semi-urban,Sometimes,2352,392,1,A,0.31
7668-7974-4742,Sita Islam,08-01-2024,14-01-2024,Ekart,Full-time,40,Secondary,5,Rural,Yes,3633,606,1,C,0.31
2648-8281-8986,Shanti Rao,08-01-2024,14-01-2024,Ekart,Full-time,25,Secondary,43,Urban,Rarely,3386,564,1,B,0.31
9157-3668-4315,Mamta Iyer,08-01-2024,14-01-2024,Ekart,Full-time,46,Secondary,33,Urban,Always,3189,532,1,B,0.31
8573-6512-1728,Padma Thakur,08-01-2024,14-01-2024,Ekart,Full-time,43,Secondary,46,Semi-urban,Yes,3496,583,1,C,0.31
6804-8724-6821,Mamta Paul,08-01-2024,14-01-2024,Ekart,Part-time,30,Secondary,23,Semi-urban,Always,2060,343,1,A,0.31
1455-5435-7016,Rajesh Hegde,08-01-2024,14-01-2024,Ekart,Full-time,39,Secondary,37,Urban,Yes,4344,724,1,D,0.31
9023-1820-1936,Rajesh Shah,08-01-2024,14-01-2024,Ekart,Full-time,30,Secondary,16,Semi-urban,No,3635,606,1,C,0.31
9112-3293-1037,Vimala Chatterjee,08-01-2024,14-01-2024,Ekart,Full-time,24,Secondary,22,Semi-urban,Yes,3968,661,1,C,0.31
3500-9794-9532,Asha Khan,08-01-2024,14-01-2024,Ekart,Full-time,38,Primary,35,Urban,Sometimes,3759,626,1,C,0.31
7911-2412-1499,Vishal Bhat,08-01-2024,14-01-2024,Ekart,Full-time,46,Primary,1,Urban,Yes,4020,670,1,C,0.31
5458-2600-8079,Aarav Ahmed,08-01-2024,14-01-2024,Ekart,Part-time,44,Secondary,14,Rural,Sometimes,743,124,1,A,0.31
2609-2674-1106,Anil Sharma,08-01-2024,14-01-2024,Ekart,Full-time,32,Secondary,59,Semi-urban,Yes,2529,422,1,A,0.31
8312-9891-3626,Vimala Modi,08-01-2024,14-01-2024,Ekart,Full-time,22,Primary,24,Semi-urban,Sometimes,4588,765,1,D,0.31
4346-3791-1321,Rohit Siddiqui,08-01-2024,14-01-2024,Ekart,Full-time,26,Primary,37,Urban,Always,4750,792,1,D,0.31
5196-4344-8856,Asha Modi,08-01-2024,14-01-2024,Ekart,Part-time,23,Secondary,26,Urban,Sometimes,869,145,1,A,0.31
6495-6067-6597,Naveen Ansari,08-01-2024,14-01-2024,Ekart,Full-time,37,Primary,46,Urban,Rarely,4576,763,1,D,0.31
5470-2093-5454,Usha Rajput,08-01-2024,14-01-2024,Ekart,Full-time,26,Primary,20,Urban,No,3952,659,1,C,0.31
5023-2669-6392,Tarun Modi,08-01-2024,14-01-2024,Ekart,Part-time,44,Secondary,50,Urban,No,1423,237,1,A,0.31
5636-9843-4026,Dinesh Naidu,08-01-2024,14-01-2024,Ekart,Full-time,40,Secondary,7,Urban,Sometimes,3291,548,1,B,0.31
2669-7347-6948,Nilesh Ansari,08-01-2024,14-01-2024,Ekart,Full-time,24,Primary,58,Rural,Sometimes,4758,793,1,D,0.31
2256-9496-1522,Nikhil Pillai,08-01-2024,14-01-2024,Ekart,Full-time,48,Primary,59,Urban,No,3664,611,1,C,0.31
1123-4845-3631,Vijay Modi,08-01-2024,14-01-2024,Ekart,Full-time,41,Primary,7,Semi-urban,Sometimes,4649,775,1,D,0.31
9742-4652-9363,Radha Shaikh,08-01-2024,14-01-2024,Ekart,Full-time,31,Primary,22,Rural,Yes,4213,702,1,D,0.31
6542-9149-1032,Sarita Yadav,08-01-2024,14-01-2024,Ekart,Full-time,41,Secondary,4,Rural,Yes,3357,560,1,B,0.31
3324-7953-1844,Vijay Sharma,08-01-2024,14-01-2024,Ekart,Full-time,25,Secondary,1,Urban,Yes,4034,672,1,C,0.31
6048-4906-2910,Sarita Modi,08-01-2024,14-01-2024,Ekart,Full-time,28,Secondary,58,Urban,No,3067,511,1,B,0.31
9894-9893-6612,Nilesh Shenoy,08-01-2024,14-01-2024,Ekart,Full-time,39,Secondary,34,Urban,No,3205,534,1,B,0.31
3807-7792-5341,Rohit Khan,08-01-2024,14-01-2024,Ekart,Full-time,43,Primary,50,Urban,Yes,3206,534,1,B,0.31
7699-7037-7589,Meena Gupta,08-01-2024,14-01-2024,Ekart,Full-time,22,Secondary,29,Urban,Yes,3552,592,1,C,0.31
4001-7245-3685,Savita Bhatt,08-01-2024,14-01-2024,Ekart,Part-time,34,Primary,47,Urban,Rarely,1541,257,1,A,0.31
5680-3005-5418,Sachin Das,08-01-2024,14-01-2024,Ekart,Full-time,20,Secondary,28,Rural,No,4643,774,1,D,0.31
1837-1339-6538,Mahesh Malik,08-01-2024,14-01-2024,Ekart,Full-time,39,Primary,6,Semi-urban,Always,4584,764,1,D,0.31
5558-9721-7990,Mamta Sen,08-01-2024,14-01-2024,Ekart,Full-time,21,Primary,1,Urban,Sometimes,4362,727,1,D,0.31
3760-1701-2126,Vinod Hussain,08-01-2024,14-01-2024,Ekart,Full-time,22,Primary,34,Semi-urban,Sometimes,4594,766,1,D,0.31
1512-9860-3209,Umesh Amin,08-01-2024,14-01-2024,Ekart,Full-time,20,Primary,24,Rural,Sometimes,4251,708,1,D,0.31
2927-5069-5480,Usha Siddiqui,08-01-2024,14-01-2024,Ekart,Part-time,31,Primary,40,Semi-urban,No,2188,365,1,A,0.31
3667-7876-6594,Naresh Bhat,08-01-2024,14-01-2024,Ekart,Part-time,24,Primary,35,Rural,Sometimes,1857,310,1,A,0.31
7125-2311-2980,Manoj Reddy,08-01-2024,14-01-2024,Ekart,Full-time,39,Secondary,22,Semi-urban,Rarely,3344,557,1,B,0.31
4277-5990-6396,Varun Gupta,08-01-2024,14-01-2024,Ekart,Full-time,32,Secondary,59,Semi-urban,Sometimes,3517,586,1,C,0.31
6196-3764-4181,Ganesh Kumar,08-01-2024,14-01-2024,Ekart,Full-time,47,Secondary,7,Urban,No,3652,609,1,C,0.31
6808-5031-5191,Manoj Siddiqui,08-01-2024,14-01-2024,Ekart,Part-time,28,Primary,9,Semi-urban,Sometimes,716,119,1,A,0.31
2906-1935-9229,Dinesh Chatterjee,08-01-2024,14-01-2024,Ekart,Full-time,40,Primary,60,Semi-urban,Yes,3569,595,1,C,0.31
5134-6438-5831,Rahul Pandey,08-01-2024,14-01-2024,Ekart,Full-time,21,Primary,2,Urban,Yes,3864,644,1,C,0.31
2166-1879-8599,Dinesh Modi,08-01-2024,14-01-2024,Ekart,Full-time,32,Secondary,33,Urban,No,4901,817,1,D,0.31
5400-6850-2940,Laxmi Tiwari,08-01-2024,14-01-2024,Ekart,Full-time,22,Secondary,17,Urban,Sometimes,3401,567,1,B,0.31
5612-8502-8582,Shanti Naidu,08-01-2024,14-01-2024,Delhivery,Full-time,20,Primary,42,Urban,Sometimes,3802,634,1,C,0.36
1099-3113-2449,Anita Bhatt,08-01-2024,14-01-2024,Delhivery,Full-time,34,Primary,15,Semi-urban,Sometimes,3428,571,1,B,0.36
5987-3835-6925,Satish Thakur,08-01-2024,14-01-2024,Delhivery,Full-time,32,Secondary,34,Rural,Yes,3128,521,1,B,0.36
7430-9674-5855,Bharat Banerjee,08-01-2024,14-01-2024,Delhivery,Full-time,37,Secondary,43,Urban,No,2648,441,1,A,0.36
4644-7327-8179,Anita Paul,08-01-2024,14-01-2024,Delhivery,Full-time,33,Secondary,12,Semi-urban,Yes,2997,500,1,B,0.36
1862-9944-7412,Durga Bhatt,08-01-2024,14-01-2024,Delhivery,Full-time,47,Secondary,50,Semi-urban,Sometimes,3438,573,1,C,0.36
1981-3769-1663,Vishal Shetty,08-01-2024,14-01-2024,Delhivery,Full-time,45,Primary,20,Urban,Always,4077,680,1,D,0.36
6738-4064-3147,Rakesh Mukherjee,08-01-2024,14-01-2024,Delhivery,Full-time,30,Primary,31,Urban,No,2713,452,1,B,0.36
2583-6357-3282,Anita Modi,08-01-2024,14-01-2024,Delhivery,Part-time,38,Secondary,24,Semi-urban,No,1784,297,1,A,0.36
7249-3187-7723,Mohit Ali,08-01-2024,14-01-2024,Delhivery,Part-time,41,Secondary,20,Urban,Yes,1630,272,1,A,0.36
3877-9342-5256,Sumit Ali,08-01-2024,14-01-2024,Delhivery,Part-time,32,Primary,14,Urban,Yes,1256,209,1,A,0.36
8071-8576-8329,Divya Trivedi,08-01-2024,14-01-2024,Delhivery,Full-time,35,Secondary,59,Semi-urban,Always,3662,610,1,C,0.36
2719-1252-7336,Ritu Kamat,08-01-2024,14-01-2024,Delhivery,Full-time,25,Secondary,5,Semi-urban,Yes,4191,698,1,D,0.36
8418-4502-8986,Rakesh Desai,08-01-2024,14-01-2024,Delhivery,Full-time,42,Primary,52,Urban,No,1909,318,1,A,0.36
6748-8511-4875,Mukesh Joshi,08-01-2024,14-01-2024,Delhivery,Full-time,21,Secondary,5,Semi-urban,Yes,3240,540,1,B,0.36
5797-8603-4104,Lalita Modi,08-01-2024,14-01-2024,Delhivery,Full-time,24,Secondary,47,Urban,Sometimes,3936,656,1,C,0.36
1913-1753-6591,Satish Shenoy,08-01-2024,14-01-2024,Delhivery,Part-time,43,Primary,1,Urban,Yes,605,101,1,A,0.36
6979-9831-3279,Praveen Rajput,08-01-2024,14-01-2024,Delhivery,Part-time,20,Secondary,7,Semi-urban,Always,497,83,1,A,0.36
8500-8289-9537,Nilesh Sharma,08-01-2024,14-01-2024,Delhivery,Full-time,38,Secondary,38,Rural,No,3715,619,1,C,0.36
2684-6961-3879,Sunil Malik,08-01-2024,14-01-2024,Delhivery,Part-time,47,Secondary,40,Rural,Always,1257,210,1,A,0.36
1321-5336-5256,Shyam Trivedi,08-01-2024,14-01-2024,Delhivery,Part-time,24,Primary,23,Semi-urban,Sometimes,1196,199,1,A,0.36
7726-2862-8823,Vimala Pillai,08-01-2024,14-01-2024,Delhivery,Full-time,19,Secondary,15,Urban,Yes,2952,492,1,B,0.36
5864-6629-8835,Lokesh Verma,08-01-2024,14-01-2024,Delhivery,Full-time,36,Primary,50,Urban,No,3519,586,1,C,0.36
5998-6165-6950,Sarita Ahmed,08-01-2024,14-01-2024,Delhivery,Full-time,26,Secondary,54,Semi-urban,Yes,4162,694,1,D,0.36
9788-6499-1889,Padma Sharma,08-01-2024,14-01-2024,Delhivery,Full-time,41,Secondary,24,Rural,Yes,3771,628,1,C,0.36
2700-7445-8892,Ajay Das,08-01-2024,14-01-2024,Delhivery,Full-time,43,Primary,41,Urban,Yes,3081,514,1,B,0.36
5958-1314-4063,Suman Tiwari,08-01-2024,14-01-2024,Delhivery,Full-time,30,Primary,44,Semi-urban,Yes,4338,723,1,D,0.36
9329-4417-7309,Rekha Poojary,08-01-2024,14-01-2024,Delhivery,Full-time,22,Secondary,43,Rural,Yes,4540,757,1,D,0.36
9126-8412-3795,Vinod Islam,08-01-2024,14-01-2024,Delhivery,Full-time,33,Secondary,3,Rural,Yes,3688,615,1,C,0.36
6040-5876-8389,Manoj Dave,08-01-2024,14-01-2024,Delhivery,Full-time,19,Secondary,45,Semi-urban,No,3124,521,1,B,0.36
4643-9689-6282,Nisha Rajput,08-01-2024,14-01-2024,Delhivery,Full-time,38,Secondary,34,Semi-urban,Yes,4399,733,1,D,0.36
1987-5547-7635,Kapil Dey,08-01-2024,14-01-2024,Delhivery,Full-time,24,Secondary,59,Semi-urban,Always,2770,462,1,B,0.36
6333-7245-1404,Ritu Gupta,08-01-2024,14-01-2024,Delhivery,Full-time,27,Secondary,28,Urban,Yes,3992,665,1,C,0.36
8117-7929-8772,Lalit Malik,08-01-2024,14-01-2024,Delhivery,Full-time,25,Primary,50,Semi-urban,No,4390,732,1,D,0.36
7602-3934-5871,Mohit Amin,08-01-2024,14-01-2024,Delhivery,Full-time,25,Secondary,32,Urban,Always,3676,613,1,C,0.36
7125-8727-2057,Harish Joshi,08-01-2024,14-01-2024,Delhivery,Part-time,27,Primary,48,Urban,Sometimes,2158,360,1,A,0.36
5999-8346-6133,Varun Reddy,08-01-2024,14-01-2024,Delhivery,Part-time,23,Primary,12,Urban,Yes,896,149,1,A,0.36
6290-1666-2434,Ravi Ahmed,08-01-2024,14-01-2024,Delhivery,Full-time,30,Primary,50,Rural,Yes,3717,620,1,C,0.36
5492-8199-8516,Ritu Amin,08-01-2024,14-01-2024,Delhivery,Full-time,22,Primary,23,Semi-urban,Always,4342,724,1,D,0.36
2973-6073-4036,Nikhil Dave,08-01-2024,14-01-2024,Delhivery,Full-time,45,Primary,49,Urban,Sometimes,3760,627,1,C,0.36
4899-1022-7211,Amit Reddy,08-01-2024,14-01-2024,Delhivery,Full-time,27,Secondary,26,Rural,Sometimes,3809,635,1,C,0.36
8511-7298-3740,Radha Das,08-01-2024,14-01-2024,Delhivery,Full-time,21,Primary,19,Urban,Sometimes,3459,576,1,C,0.36
6604-7654-9546,Naveen Modi,08-01-2024,14-01-2024,Delhivery,Part-time,40,Primary,49,Semi-urban,No,1726,288,1,A,0.36
8461-5366-9651,Nilesh Gowda,08-01-2024,14-01-2024,Delhivery,Full-time,42,Primary,40,Urban,Sometimes,3593,599,1,C,0.36
3775-9974-6275,Rahul Thakur,08-01-2024,14-01-2024,Delhivery,Full-time,35,Primary,35,Semi-urban,No,3424,571,1,B,0.36
4276-2010-6228,Lalita Hussain,08-01-2024,14-01-2024,Delhivery,Full-time,48,Primary,29,Rural,No,4316,719,1,D,0.36
2116-3067-1674,Rekha Desai,08-01-2024,14-01-2024,Delhivery,Full-time,42,Secondary,57,Semi-urban,Yes,4081,680,1,D,0.36
8631-3121-8268,Rohit Chatterjee,08-01-2024,14-01-2024,Delhivery,Full-time,30,Primary,39,Urban,Yes,3865,644,1,C,0.36
6753-1346-5760,Shanti Amin,08-01-2024,14-01-2024,Delhivery,Part-time,22,Primary,17,Urban,Always,1456,243,1,A,0.36
5109-9416-5088,Vijay Khan,08-01-2024,14-01-2024,Delhivery,Full-time,38,Secondary,43,Semi-urban,No,3355,559,1,B,0.36
2886-9417-5363,Prakash Shetty,08-01-2024,14-01-2024,Delhivery,Full-time,38,Secondary,11,Urban,Yes,3228,538,1,B,0.36
5560-9189-6749,Gaurav Kumar,08-01-2024,14-01-2024,Delhivery,Full-time,43,Secondary,41,Semi-urban,Always,3843,640,1,C,0.36
5947-6172-5000,Asha Jain,08-01-2024,14-01-2024,Delhivery,Full-time,45,Primary,58,Urban,Always,2736,456,1,B,0.36
6777-3439-5887,Sunil Bhatt,08-01-2024,14-01-2024,Delhivery,Full-time,43,Primary,21,Urban,Rarely,5069,845,1,D,0.36
7793-4934-6349,Vijay Thakur,08-01-2024,14-01-2024,Delhivery,Full-time,29,Primary,29,Semi-urban,Rarely,4317,720,1,D,0.36
2438-2387-9170,Priya Chatterjee,08-01-2024,14-01-2024,Dunzo,Part-time,34,Secondary,19,Semi-urban,Always,589,98,1,A,0.42
7487-4851-1905,Rakesh Thakur,08-01-2024,14-01-2024,Dunzo,Full-time,41,Secondary,21,Urban,Sometimes,2242,374,1,A,0.42
9828-2159-3406,Aarav Roy,08-01-2024,14-01-2024,Dunzo,Full-time,28,Secondary,19,Urban,Sometimes,2345,391,1,A,0.42
4061-2308-3601,Pradeep Shaikh,08-01-2024,14-01-2024,Dunzo,Full-time,25,Secondary,35,Semi-urban,Sometimes,4246,708,1,D,0.42
4619-6601-6408,Padma Bhatt,08-01-2024,14-01-2024,Dunzo,Full-time,41,Secondary,37,Urban,Yes,3341,557,1,B,0.42
8919-3727-2053,Praveen Bhat,08-01-2024,14-01-2024,Dunzo,Full-time,47,Primary,17,Urban,Always,3826,638,1,C,0.42
9481-2654-9452,Kapil Hegde,08-01-2024,14-01-2024,Dunzo,Full-time,33,Primary,22,Semi-urban,Always,3171,528,1,B,0.42
1572-1323-3492,Mohit Naidu,08-01-2024,14-01-2024,Dunzo,Part-time,47,Secondary,3,Urban,Yes,1148,191,1,A,0.42
1660-7607-3971,Manoj Trivedi,08-01-2024,14-01-2024,Dunzo,Full-time,30,Primary,40,Urban,Rarely,3336,556,1,B,0.42
5227-8577-1307,Radha Iyer,08-01-2024,14-01-2024,Dunzo,Full-time,38,Secondary,25,Urban,Yes,4240,707,1,D,0.42
6771-6236-7161,Yogesh Dave,08-01-2024,14-01-2024,Dunzo,Full-time,20,Primary,58,Rural,Yes,3363,560,1,B,0.42
4465-4777-3713,Kavita Hegde,08-01-2024,14-01-2024,Dunzo,Part-time,29,Secondary,32,Urban,Sometimes,988,165,1,A,0.42
5974-2046-1311,Suman Malik,08-01-2024,14-01-2024,Dunzo,Part-time,23,Secondary,36,Urban,Always,1673,279,1,A,0.42
9980-6047-2819,Rajesh Malik,08-01-2024,14-01-2024,Dunzo,Full-time,33,Secondary,38,Semi-urban,Yes,2834,472,1,B,0.42
4208-2014-8395,Usha Shaikh,08-01-2024,14-01-2024,Dunzo,Part-time,22,Primary,20,Semi-urban,Sometimes,1350,225,1,A,0.42
6323-9581-2367,Mukesh Rao,08-01-2024,14-01-2024,Dunzo,Full-time,43,Secondary,26,Urban,Yes,3149,525,1,B,0.42
1499-5584-7603,Sunil Menon,08-01-2024,14-01-2024,Dunzo,Part-time,48,Secondary,10,Rural,Always,1707,284,1,A,0.42
8357-6432-9198,Girish Tiwari,08-01-2024,14-01-2024,Dunzo,Full-time,19,Primary,39,Semi-urban,No,2797,466,1,B,0.42
9040-5914-4655,Savita Parekh,08-01-2024,14-01-2024,Dunzo,Full-time,20,Primary,39,Urban,Sometimes,4381,730,1,D,0.42
5109-8274-1285,Lalita Ali,08-01-2024,14-01-2024,Dunzo,Full-time,29,Primary,29,Urban,Sometimes,3416,569,1,B,0.42
9261-9046-1608,Rekha Bose,08-01-2024,14-01-2024,Dunzo,Full-time,34,Secondary,59,Semi-urban,Yes,3481,580,1,C,0.42
4854-1032-1196,Suresh Naidu,08-01-2024,14-01-2024,Dunzo,Part-time,23,Primary,14,Semi-urban,Rarely,1985,331,1,A,0.42
6835-4327-9739,Dinesh Reddy,08-01-2024,14-01-2024,Dunzo,Full-time,44,Secondary,25,Semi-urban,Always,2941,490,1,B,0.42
3364-2196-6398,Padma Shenoy,08-01-2024,14-01-2024,Dunzo,Full-time,39,Secondary,5,Semi-urban,No,2884,481,1,B,0.42
7671-6836-1676,Radha Ahmed,08-01-2024,14-01-2024,Dunzo,Full-time,38,Primary,36,Semi-urban,Always,3822,637,1,C,0.42
8126-4230-6414,Divya Mehta,08-01-2024,14-01-2024,Dunzo,Full-time,19,Secondary,28,Semi-urban,Sometimes,2797,466,1,B,0.42
4180-9572-8985,Lalita Parekh,08-01-2024,14-01-2024,Dunzo,Full-time,27,Secondary,25,Rural,No,2893,482,1,B,0.42
5079-3646-3077,Ritesh Nair,08-01-2024,14-01-2024,Dunzo,Full-time,47,Secondary,50,Urban,Yes,3341,557,1,B,0.42
2400-3376-3339,Rohit Mehta,08-01-2024,14-01-2024,Dunzo,Full-time,39,Primary,54,Rural,Sometimes,3402,567,1,B,0.42
9920-4026-7185,Vimala Bose,08-01-2024,14-01-2024,Dunzo,Full-time,23,Secondary,35,Urban,Yes,2489,415,1,A,0.42
3686-5049-4800,Sarita Khan,08-01-2024,14-01-2024,Dunzo,Part-time,27,Secondary,48,Semi-urban,Yes,275,46,1,A,0.42
3934-5542-7702,Suresh Shah,08-01-2024,14-01-2024,Dunzo,Full-time,31,Secondary,34,Urban,Rarely,2820,470,1,B,0.42
6135-4805-5605,Naveen Chauhan,08-01-2024,14-01-2024,Dunzo,Full-time,21,Secondary,59,Urban,Sometimes,3170,528,1,B,0.42
4448-5403-1398,Sunita Dave,08-01-2024,14-01-2024,Dunzo,Full-time,28,Primary,52,Urban,No,4524,754,1,D,0.42
4708-8668-8628,Usha Ahmed,08-01-2024,14-01-2024,Dunzo,Full-time,37,Secondary,12,Semi-urban,Yes,3247,541,1,B,0.42
2335-9611-1121,Gaurav Patel,08-01-2024,14-01-2024,Dunzo,Full-time,39,Secondary,6,Semi-urban,Always,3007,501,1,B,0.42
8070-7613-1909,Santosh Shaikh,08-01-2024,14-01-2024,Dunzo,Part-time,39,Primary,28,Semi-urban,Always,788,131,1,A,0.42
1595-1805-3262,Nilesh Bhatt,08-01-2024,14-01-2024,Dunzo,Full-time,26,Secondary,40,Semi-urban,Yes,3468,578,1,C,0.42
1015-6502-4755,Kamla Poojary,08-01-2024,14-01-2024,Dunzo,Full-time,20,Secondary,30,Urban,Sometimes,2582,430,1,A,0.42
6417-3646-4360,Praveen Dave,08-01-2024,14-01-2024,Dunzo,Part-time,34,Primary,9,Urban,No,1636,273,1,A,0.42
4302-3011-7837,Rohit Jain,08-01-2024,14-01-2024,Dunzo,Part-time,28,Secondary,42,Urban,Sometimes,1533,256,1,A,0.42
2024-2715-9869,Anita Reddy,08-01-2024,14-01-2024,Dunzo,Part-time,31,Primary,10,Urban,Sometimes,1200,200,1,A,0.42
2042-5833-8155,Vishal Menon,08-01-2024,14-01-2024,Dunzo,Full-time,46,Primary,55,Rural,Sometimes,4064,677,1,D,0.42
4113-3235-5227,Radha Ghosh,08-01-2024,14-01-2024,Dunzo,Full-time,32,Secondary,4,Semi-urban,Sometimes,3151,525,1,B,0.42
5386-8233-5206,Sumit Shaikh,08-01-2024,14-01-2024,Dunzo,Part-time,38,Secondary,58,Urban,No,1516,253,1,A,0.42
6469-9036-6851,Arjun Mishra,08-01-2024,14-01-2024,Dunzo,Part-time,32,Secondary,52,Semi-urban,Sometimes,1198,200,1,A,0.42
4332-3345-5245,Rahul Mehta,08-01-2024,14-01-2024,Dunzo,Full-time,19,Primary,54,Rural,Sometimes,3498,583,1,C,0.42
9828-6083-7369,Geeta Rao,08-01-2024,14-01-2024,Dunzo,Full-time,40,Primary,3,Urban,Yes,3247,541,1,B,0.42
2315-5565-2950,Aarav Thakur,08-01-2024,14-01-2024,Dunzo,Full-time,22,Secondary,17,Urban,Yes,3633,606,1,C,0.42
6432-7615-2711,Harish Singh,08-01-2024,14-01-2024,Dunzo,Part-time,35,Primary,59,Semi-urban,Always,2153,359,1,A,0.42
5261-6367-8576,Rohit Joshi,08-01-2024,14-01-2024,Zepto,Full-time,31,Primary,55,Urban,Sometimes,2591,432,1,A,0.44
9114-9868-9592,Ajay Dey,08-01-2024,14-01-2024,Zepto,Part-time,22,Primary,32,Urban,Rarely,1187,198,1,A,0.44
7614-1219-4858,Ritu Paul,08-01-2024,14-01-2024,Zepto,Full-time,32,Secondary,3,Rural,Sometimes,3014,502,1,B,0.44
6718-8442-3547,Mahesh Tiwari,08-01-2024,14-01-2024,Zepto,Full-time,29,Secondary,50,Semi-urban,Sometimes,3855,642,1,C,0.44
9271-8904-1121,Neha Kamat,08-01-2024,14-01-2024,Zepto,Full-time,44,Secondary,33,Semi-urban,Sometimes,3659,610,1,C,0.44
9774-7544-4734,Padma Hussain,08-01-2024,14-01-2024,Zepto,Full-time,42,Secondary,48,Urban,Yes,2469,412,1,A,0.44
3757-5533-8291,Arun Bose,08-01-2024,14-01-2024,Zepto,Part-time,36,Primary,59,Rural,Yes,261,44,1,A,0.44
3700-8975-8328,Vishal Parekh,08-01-2024,14-01-2024,Zepto,Full-time,40,Secondary,23,Urban,Always,3336,556,1,B,0.44
6658-1837-7096,Ritu Parekh,08-01-2024,14-01-2024,Zepto,Full-time,26,Primary,40,Semi-urban,Yes,2877,480,1,B,0.44
6600-9402-1991,Rahul Khan,08-01-2024,14-01-2024,Zepto,Full-time,34,Primary,11,Urban,Yes,3456,576,1,C,0.44
5175-3095-2616,Ravi Iyer,08-01-2024,14-01-2024,Zepto,Full-time,34,Secondary,19,Urban,Always,3461,577,1,C,0.44
4226-2988-5451,Naveen Bhat,08-01-2024,14-01-2024,Zepto,Full-time,28,Secondary,16,Urban,Always,2880,480,1,B,0.44
8962-1833-2315,Sumit Naik,08-01-2024,14-01-2024,Zepto,Full-time,42,Secondary,37,Urban,Yes,3390,565,1,B,0.44
6581-1385-9779,Kapil Patel,08-01-2024,14-01-2024,Zepto,Part-time,21,Secondary,48,Urban,Yes,925,154,1,A,0.44
1316-3182-3102,Dinesh Menon,08-01-2024,14-01-2024,Zepto,Full-time,19,Primary,19,Rural,Yes,2771,462,1,B,0.44
5279-6760-1948,Ritu Chatterjee,08-01-2024,14-01-2024,Zepto,Part-time,41,Primary,16,Urban,Sometimes,1419,236,1,A,0.44
6684-1843-4043,Anil Thakur,08-01-2024,14-01-2024,Zepto,Full-time,42,Primary,57,Rural,Yes,3241,540,1,B,0.44
6818-7429-8016,Anil Sen,08-01-2024,14-01-2024,Zepto,Full-time,31,Secondary,16,Urban,Sometimes,2909,485,1,B,0.44
8079-7829-1460,Ramesh Kumar,08-01-2024,14-01-2024,Zepto,Part-time,23,Primary,59,Semi-urban,Always,1342,224,1,A,0.44
7256-8339-9462,Sunita Das,08-01-2024,14-01-2024,Zepto,Full-time,43,Secondary,60,Semi-urban,Yes,3340,557,1,B,0.44
6041-2781-6418,Padma Verma,08-01-2024,14-01-2024,Zepto,Full-time,24,Secondary,46,Urban,Yes,3117,520,1,B,0.44
4482-2603-7750,Mamta Rajput,08-01-2024,14-01-2024,Zepto,Full-time,33,Secondary,58,Semi-urban,Always,2973,496,1,B,0.44
6414-6037-8077,Sanjay Nair,08-01-2024,14-01-2024,Zepto,Full-time,37,Primary,11,Urban,No,4198,700,1,D,0.44
2483-4676-5279,Dinesh Dey,08-01-2024,14-01-2024,Zepto,Full-time,21,Secondary,21,Semi-urban,Sometimes,2840,473,1,B,0.44
7804-3515-9206,Varun Rao,08-01-2024,14-01-2024,Zepto,Full-time,37,Primary,22,Semi-urban,Sometimes,3098,516,1,B,0.44
9797-8716-1961,Nikhil Rao,08-01-2024,14-01-2024,Zepto,Full-time,48,Secondary,8,Semi-urban,Always,3608,601,1,C,0.44
4462-9028-3672,Santosh Khan,08-01-2024,14-01-2024,Zepto,Part-time,34,Secondary,28,Semi-urban,Rarely,935,156,1,A,0.44
1735-4310-3302,Mahesh Chauhan,08-01-2024,14-01-2024,Zepto,Full-time,29,Secondary,25,Semi-urban,Yes,4047,674,1,C,0.44
2551-6100-2942,Mamta Amin,08-01-2024,14-01-2024,Zepto,Full-time,23,Primary,7,Urban,Sometimes,2951,492,1,B,0.44
1348-9324-9910,Vimala Hegde,08-01-2024,14-01-2024,Zepto,Full-time,30,Primary,1,Semi-urban,Always,3745,624,1,C,0.44
6465-3300-6600,Harish Khan,08-01-2024,14-01-2024,Zepto,Full-time,20,Primary,30,Semi-urban,Sometimes,2710,452,1,A,0.44
9457-8502-3009,Mohit Siddiqui,08-01-2024,14-01-2024,Zepto,Full-time,28,Primary,27,Urban,Rarely,4351,725,1,D,0.44
2033-2074-2058,Yogesh Das,08-01-2024,14-01-2024,Zepto,Full-time,34,Secondary,32,Rural,Sometimes,3430,572,1,B,0.44
3746-6095-1214,Manoj Jain,08-01-2024,14-01-2024,Zepto,Part-time,46,Secondary,5,Urban,Rarely,892,149,1,A,0.44
9455-6586-6436,Shyam Naik,08-01-2024,14-01-2024,Zepto,Full-time,27,Primary,50,Urban,Yes,2953,492,1,B,0.44
7351-8165-6845,Pradeep Islam,08-01-2024,14-01-2024,Zepto,Full-time,30,Secondary,48,Urban,Sometimes,2189,365,1,A,0.44
5009-4335-5100,Sarita Bhatt,08-01-2024,14-01-2024,Zepto,Full-time,22,Secondary,33,Rural,Sometimes,3777,630,1,C,0.44
6915-8928-2630,Pushpa Bose,08-01-2024,14-01-2024,Zepto,Full-time,27,Secondary,53,Urban,Always,3658,610,1,C,0.44
7406-5446-8105,Priya Yadav,08-01-2024,14-01-2024,Zepto,Full-time,26,Secondary,32,Urban,Sometimes,2569,428,1,A,0.44
4209-5506-9159,Naresh Nair,08-01-2024,14-01-2024,Zepto,Full-time,47,Secondary,56,Urban,Yes,3437,573,1,C,0.44
2239-6681-5708,Priya Desai,08-01-2024,14-01-2024,Zepto,Part-time,34,Primary,30,Urban,Sometimes,1122,187,1,A,0.44
3326-6509-5579,Kapil Sharma,08-01-2024,14-01-2024,Zepto,Full-time,43,Secondary,52,Semi-urban,Sometimes,3710,618,1,C,0.44
2521-5112-5365,Neha Gupta,08-01-2024,14-01-2024,Zepto,Full-time,28,Secondary,7,Urban,Sometimes,4149,692,1,D,0.44
2033-2118-9585,Satish Roy,08-01-2024,14-01-2024,Zepto,Full-time,36,Primary,13,Rural,Sometimes,2339,390,1,A,0.44
8014-3404-1919,Asha Tiwari,08-01-2024,14-01-2024,Zepto,Full-time,19,Secondary,9,Urban,Sometimes,3496,583,1,C,0.44
9202-6749-6844,Pradeep Rajput,08-01-2024,14-01-2024,Blinkit,Full-time,24,Secondary,26,Rural,Yes,4237,706,1,D,0.4
5014-9165-3640,Priya Naidu,08-01-2024,14-01-2024,Blinkit,Full-time,21,Secondary,41,Urban,No,3441,574,1,C,0.4
7753-1486-7826,Anita Kumar,08-01-2024,14-01-2024,Blinkit,Part-time,41,Primary,33,Urban,Sometimes,1190,198,1,A,0.4
6180-9079-6426,Ravi Naik,08-01-2024,14-01-2024,Blinkit,Full-time,45,Primary,37,Urban,Yes,4041,674,1,C,0.4
8521-8512-7159,Arjun Bose,08-01-2024,14-01-2024,Blinkit,Part-time,31,Secondary,7,Urban,Always,1067,178,1,A,0.4
8327-5663-4874,Harish Verma,08-01-2024,14-01-2024,Blinkit,Full-time,45,Primary,35,Rural,No,3398,566,1,B,0.4
7377-8689-9316,Rakesh Kamat,08-01-2024,14-01-2024,Blinkit,Full-time,43,Secondary,58,Urban,Sometimes,3188,531,1,B,0.4
2268-5463-1782,Anil Dey,08-01-2024,14-01-2024,Blinkit,Full-time,33,Primary,55,Urban,Yes,2159,360,1,A,0.4
4070-6532-2454,Divya Bhat,08-01-2024,14-01-2024,Blinkit,Full-time,45,Secondary,6,Urban,Sometimes,3315,552,1,B,0.4
5271-2109-5451,Pradeep Khan,08-01-2024,14-01-2024,Blinkit,Full-time,38,Secondary,20,Urban,Yes,2329,388,1,A,0.4
5297-6353-5050,Varun Sen,08-01-2024,14-01-2024,Blinkit,Full-time,36,Secondary,2,Urban,Yes,4373,729,1,D,0.4
9001-7801-8730,Ajay Mukherjee,08-01-2024,14-01-2024,Blinkit,Full-time,19,Secondary,46,Rural,Always,3283,547,1,B,0.4
4634-5063-8818,Ramesh Banerjee,08-01-2024,14-01-2024,Blinkit,Full-time,44,Primary,58,Urban,No,3155,526,1,B,0.4
4139-7446-7687,Varun Modi,08-01-2024,14-01-2024,Blinkit,Full-time,38,Secondary,3,Rural,No,3112,519,1,B,0.4
5373-2619-9934,Sunita Trivedi,08-01-2024,14-01-2024,Blinkit,Full-time,23,Secondary,49,Semi-urban,No,3610,602,1,C,0.4
1555-3163-5853,Lokesh Shenoy,08-01-2024,14-01-2024,Blinkit,Part-time,25,Secondary,55,Rural,No,1061,177,1,A,0.4
3047-2262-3071,Pradeep Hegde,08-01-2024,14-01-2024,Blinkit,Full-time,29,Primary,16,Semi-urban,No,4223,704,1,D,0.4
6417-1894-3945,Sunita Mehta,08-01-2024,14-01-2024,Blinkit,Full-time,42,Primary,21,Urban,Yes,2907,484,1,B,0.4
4822-8935-8605,Laxmi Patel,08-01-2024,14-01-2024,Blinkit,Part-time,21,Secondary,44,Urban,No,713,119,1,A,0.4
6834-7745-4886,Kapil Bhat,08-01-2024,14-01-2024,Blinkit,Part-time,38,Primary,43,Urban,Sometimes,1536,256,1,A,0.4
6826-1871-7520,Mahesh Siddiqui,08-01-2024,14-01-2024,Blinkit,Part-time,28,Secondary,37,Semi-urban,Yes,1169,195,1,A,0.4
8757-2544-7734,Aarav Jain,08-01-2024,14-01-2024,Blinkit,Full-time,35,Secondary,11,Semi-urban,Yes,1906,318,1,A,0.4
3340-7756-3915,Vishal Gupta,08-01-2024,14-01-2024,Blinkit,Full-time,41,Secondary,43,Urban,Always,3352,559,1,B,0.4
6573-4718-6955,Divya Mishra,08-01-2024,14-01-2024,Blinkit,Full-time,45,Primary,29,Rural,Sometimes,3933,656,1,C,0.4
5370-6487-7772,Ramesh Sharma,08-01-2024,14-01-2024,Blinkit,Full-time,20,Primary,40,Rural,Rarely,3369,562,1,B,0.4
4118-4049-5677,Rekha Siddiqui,08-01-2024,14-01-2024,Blinkit,Full-time,30,Primary,33,Semi-urban,Rarely,3535,589,1,C,0.4
9959-7368-3780,Praveen Mukherjee,08-01-2024,14-01-2024,Blinkit,Full-time,37,Secondary,13,Urban,Yes,3997,666,1,C,0.4
2240-3139-8297,Meena Ansari,08-01-2024,14-01-2024,Blinkit,Part-time,25,Primary,22,Semi-urban,Sometimes,1457,243,1,A,0.4
3942-2789-4617,Tarun Dey,08-01-2024,14-01-2024,Blinkit,Full-time,45,Primary,44,Urban,Always,4132,689,1,D,0.4
4927-4748-6169,Suman Banerjee,08-01-2024,14-01-2024,Blinkit,Full-time,23,Secondary,52,Urban,Yes,3957,660,1,C,0.4
1862-8218-4480,Sanjay Amin,08-01-2024,14-01-2024,Blinkit,Full-time,36,Primary,58,Urban,Sometimes,3425,571,1,B,0.4
2111-8430-2288,Durga Naik,08-01-2024,14-01-2024,Blinkit,Full-time,38,Primary,14,Rural,Rarely,2935,489,1,B,0.4
6218-5384-6149,Sachin Trivedi,08-01-2024,14-01-2024,Blinkit,Full-time,44,Secondary,10,Rural,Yes,3081,514,1,B,0.4
7264-5239-1887,Neha Rao,08-01-2024,14-01-2024,Blinkit,Full-time,46,Primary,25,Urban,Yes,3000,500,1,B,0.4
4696-7598-4562,Sunita Naidu,08-01-2024,14-01-2024,Blinkit,Full-time,20,Primary,14,Semi-urban,Sometimes,4322,720,1,D,0.4
1322-5323-2045,Ganesh Ahmed,08-01-2024,14-01-2024,Blinkit,Full-time,35,Primary,2,Urban,Yes,3534,589,1,C,0.4
7831-2315-7694,Harish Mishra,08-01-2024,14-01-2024,Blinkit,Full-time,44,Secondary,21,Urban,Sometimes,3388,565,1,B,0.4
1915-5277-5334,Kavita Paul,08-01-2024,14-01-2024,Blinkit,Full-time,44,Primary,11,Urban,Yes,3829,638,1,C,0.4
2466-6952-4429,Sarita Hussain,08-01-2024,14-01-2024,Blinkit,Full-time,31,Primary,16,Semi-urban,Yes,2295,382,1,A,0.4
2890-3106-6044,Kapil Mehta,08-01-2024,14-01-2024,Blinkit,Part-time,37,Secondary,35,Semi-urban,Yes,1953,326,1,A,0.4
8862-1595-2899,Prakash Bhatt,08-01-2024,14-01-2024,Blinkit,Full-time,27,Secondary,28,Urban,Rarely,2979,496,1,B,0.4
1613-9232-2974,Ramesh Shaikh,08-01-2024,14-01-2024,Blinkit,Part-time,27,Primary,55,Urban,Sometimes,1313,219,1,A,0.4
3567-7571-4188,Usha Bhatt,08-01-2024,14-01-2024,Blinkit,Part-time,22,Secondary,30,Semi-urban,Yes,2029,338,1,A,0.4
3401-3729-9774,Padma Siddiqui,08-01-2024,14-01-2024,Blinkit,Full-time,46,Primary,18,Urban,Rarely,3568,595,1,C,0.4
6500-9493-8365,Usha Shetty,08-01-2024,14-01-2024,Blinkit,Full-time,30,Primary,16,Urban,Yes,3198,533,1,B,0.4
4872-7040-4666,Sunita Desai,08-01-2024,14-01-2024,Blinkit,Full-time,37,Primary,16,Semi-urban,No,2881,480,1,B,0.4
1484-7249-6499,Arjun Modi,08-01-2024,14-01-2024,Blinkit,Full-time,30,Primary,25,Urban,Yes,3306,551,1,B,0.4
8685-9699-4233,Ganesh Menon,08-01-2024,14-01-2024,Blinkit,Full-time,47,Secondary,22,Semi-urban,Always,3886,648,1,C,0.4
6547-5811-5618,Savita Joshi,08-01-2024,14-01-2024,Blinkit,Full-time,41,Primary,29,Semi-urban,Always,4148,691,1,D,0.4
3061-3355-7797,Manoj Bhatt,08-01-2024,14-01-2024,Blinkit,Full-time,37,Primary,58,Rural,Yes,3517,586,1,C,0.4
6326-9135-8321,Geeta Hegde,08-01-2024,14-01-2024,Porter,Full-time,42,Secondary,57,Urban,Rarely,2763,460,1,B,0.38
2070-9865-1623,Umesh Qureshi,08-01-2024,14-01-2024,Porter,Part-time,46,Primary,17,Rural,Sometimes,1541,257,1,A,0.38
4988-8107-5587,Priya Modi,08-01-2024,14-01-2024,Porter,Part-time,27,Primary,40,Rural,Rarely,1273,212,1,A,0.38
1146-2904-8391,Vimala Bhat,08-01-2024,14-01-2024,Porter,Part-time,43,Primary,41,Semi-urban,No,1640,273,1,A,0.38
1617-6704-7185,Sunita Pandey,08-01-2024,14-01-2024,Porter,Full-time,38,Secondary,4,Semi-urban,Yes,3648,608,1,C,0.38
9252-3759-3336,Ritesh Verma,08-01-2024,14-01-2024,Porter,Full-time,45,Secondary,28,Urban,No,4626,771,1,D,0.38
1799-2093-4593,Pooja Ghosh,08-01-2024,14-01-2024,Porter,Full-time,21,Secondary,32,Semi-urban,Yes,2571,428,1,A,0.38
2229-3941-9805,Sachin Agarwal,08-01-2024,14-01-2024,Porter,Full-time,25,Secondary,60,Rural,Always,3357,560,1,B,0.38
4575-5534-8473,Sarita Dave,08-01-2024,14-01-2024,Porter,Full-time,34,Secondary,44,Urban,Yes,4338,723,1,D,0.38
2382-5049-6367,Laxmi Qureshi,08-01-2024,14-01-2024,Porter,Full-time,43,Primary,57,Urban,Yes,4321,720,1,D,0.38
4300-7108-8649,Harish Yadav,08-01-2024,14-01-2024,Porter,Full-time,40,Secondary,53,Rural,Always,4275,712,1,D,0.38
5061-5940-3963,Vimala Yadav,08-01-2024,14-01-2024,Porter,Part-time,22,Primary,16,Urban,Rarely,1182,197,1,A,0.38
5942-9523-2599,Meena Rao,08-01-2024,14-01-2024,Porter,Full-time,48,Primary,23,Urban,Sometimes,4178,696,1,D,0.38
4899-3975-5662,Lokesh Bose,08-01-2024,14-01-2024,Porter,Full-time,44,Secondary,54,Rural,Yes,4430,738,1,D,0.38
4479-1551-3816,Pushpa Gowda,08-01-2024,14-01-2024,Porter,Full-time,42,Secondary,15,Semi-urban,Yes,3381,564,1,B,0.38
5624-4228-8500,Rajesh Poojary,08-01-2024,14-01-2024,Porter,Full-time,26,Secondary,56,Urban,Sometimes,3502,584,1,C,0.38
3161-2751-4469,Sumit Iyer,08-01-2024,14-01-2024,Porter,Full-time,23,Primary,15,Urban,Always,3378,563,1,B,0.38
8988-9671-4407,Satish Joshi,08-01-2024,14-01-2024,Porter,Full-time,28,Secondary,2,Semi-urban,No,3624,604,1,C,0.38
9404-3993-1691,Tarun Bose,08-01-2024,14-01-2024,Porter,Full-time,48,Primary,31,Semi-urban,No,3490,582,1,C,0.38
4080-1727-1034,Santosh Modi,08-01-2024,14-01-2024,Porter,Full-time,48,Secondary,24,Semi-urban,No,3618,603,1,C,0.38
9977-6212-4855,Prakash Gupta,08-01-2024,14-01-2024,Porter,Full-time,34,Primary,23,Rural,No,4326,721,1,D,0.38
7775-7053-9446,Mahesh Kamat,08-01-2024,14-01-2024,Porter,Full-time,37,Secondary,13,Urban,No,3386,564,1,B,0.38
4691-4127-5162,Manju Gupta,08-01-2024,14-01-2024,Porter,Full-time,29,Primary,8,Urban,Yes,3472,579,1,C,0.38
2956-8564-4689,Divya Bose,08-01-2024,14-01-2024,Porter,Full-time,40,Secondary,9,Urban,Yes,4913,819,1,D,0.38
5980-1632-8862,Vimala Pandey,08-01-2024,14-01-2024,Porter,Part-time,20,Secondary,39,Urban,Sometimes,2130,355,1,A,0.38
7333-9835-7270,Bharat Das,08-01-2024,14-01-2024,Porter,Full-time,41,Primary,40,Rural,Yes,3585,598,1,C,0.38
7750-1012-3323,Kavita Malik,08-01-2024,14-01-2024,Porter,Full-time,35,Secondary,40,Urban,No,4355,726,1,D,0.38
9875-4589-5207,Ritesh Dave,08-01-2024,14-01-2024,Porter,Full-time,48,Secondary,8,Rural,No,3148,525,1,B,0.38
3621-5963-5898,Lalit Shenoy,08-01-2024,14-01-2024,Porter,Full-time,30,Secondary,15,Urban,Always,3597,600,1,C,0.38
7832-6167-2215,Rekha Gupta,08-01-2024,14-01-2024,Porter,Full-time,38,Secondary,18,Semi-urban,No,3136,523,1,B,0.38
7730-2202-5691,Praveen Chauhan,08-01-2024,14-01-2024,Porter,Part-time,22,Secondary,9,Urban,Sometimes,1411,235,1,A,0.38
5022-3638-9422,Naresh Yadav,08-01-2024,14-01-2024,Porter,Part-time,42,Primary,1,Rural,Sometimes,1802,300,1,A,0.38
2118-7729-3810,Rakesh Bhatt,08-01-2024,14-01-2024,Porter,Full-time,45,Primary,8,Semi-urban,Yes,3459,576,1,C,0.38
6505-9684-9306,Meena Sharma,08-01-2024,14-01-2024,Porter,Full-time,38,Secondary,5,Urban,Sometimes,3505,584,1,C,0.38
8344-6419-3058,Bharat Dey,08-01-2024,14-01-2024,Porter,Full-time,22,Secondary,28,Urban,Yes,3962,660,1,C,0.38
8755-1169-5596,Nikhil Qureshi,08-01-2024,14-01-2024,Porter,Full-time,39,Secondary,4,Rural,Always,4151,692,1,D,0.38
7056-7523-1176,Sumit Dave,08-01-2024,14-01-2024,Porter,Full-time,31,Secondary,42,Semi-urban,Yes,4112,685,1,D,0.38
8132-7925-5463,Ritesh Yadav,08-01-2024,14-01-2024,Porter,Full-time,38,Primary,27,Urban,Always,4393,732,1,D,0.38
5822-9364-5125,Aarav Dey,08-01-2024,14-01-2024,Porter,Full-time,23,Secondary,41,Urban,Sometimes,4205,701,1,D,0.38
9265-8584-6075,Seema Parekh,08-01-2024,14-01-2024,Porter,Full-time,41,Primary,48,Semi-urban,Yes,4751,792,1,D,0.38
2607-1089-4413,Sarita Chatterjee,08-01-2024,14-01-2024,Shadowfax,Full-time,41,Secondary,57,Rural,Always,2987,498,1,B,0.33
2878-3901-7066,Anita Das,08-01-2024,14-01-2024,Shadowfax,Full-time,30,Primary,51,Semi-urban,Yes,3641,607,1,C,0.33
9630-7258-4744,Ramesh Bhatt,08-01-2024,14-01-2024,Shadowfax,Part-time,34,Primary,53,Urban,Yes,1696,283,1,A,0.33
9580-8699-5763,Suresh Gowda,08-01-2024,14-01-2024,Shadowfax,Part-time,38,Secondary,30,Semi-urban,Yes,1268,211,1,A,0.33
4058-6841-8721,Harish Trivedi,08-01-2024,14-01-2024,Shadowfax,Full-time,37,Secondary,30,Semi-urban,Sometimes,4771,795,1,D,0.33
3629-6720-4784,Shyam Ansari,08-01-2024,14-01-2024,Shadowfax,Full-time,40,Secondary,38,Rural,No,3026,504,1,B,0.33
7768-5261-1697,Pradeep Qureshi,08-01-2024,14-01-2024,Shadowfax,Full-time,28,Primary,21,Urban,Sometimes,3917,653,1,C,0.33
8788-5209-4660,Laxmi Siddiqui,08-01-2024,14-01-2024,Shadowfax,Part-time,41,Primary,19,Urban,Sometimes,1530,255,1,A,0.33
9736-4560-2907,Naresh Sen,08-01-2024,14-01-2024,Shadowfax,Part-time,22,Secondary,1,Urban,Always,1968,328,1,A,0.33
1968-3875-9262,Ritu Verma,08-01-2024,14-01-2024,Shadowfax,Full-time,20,Secondary,17,Rural,Always,4097,683,1,D,0.33
3102-8397-8216,Pooja Shaikh,08-01-2024,14-01-2024,Shadowfax,Full-time,44,Secondary,28,Semi-urban,Rarely,3893,649,1,C,0.33
1380-6424-7833,Dinesh Bhat,08-01-2024,14-01-2024,Shadowfax,Part-time,37,Primary,42,Urban,No,1654,276,1,A,0.33
8337-3768-6140,Priya Das,08-01-2024,14-01-2024,Shadowfax,Part-time,33,Secondary,38,Urban,Rarely,1809,302,1,A,0.33
8269-1104-6188,Sunita Agarwal,08-01-2024,14-01-2024,Shadowfax,Full-time,32,Secondary,15,Semi-urban,Always,3899,650,1,C,0.33
8020-2921-2114,Lalita Das,08-01-2024,14-01-2024,Shadowfax,Full-time,38,Primary,44,Rural,No,3147,524,1,B,0.33
9350-8578-1054,Anil Qureshi,08-01-2024,14-01-2024,Shadowfax,Full-time,37,Primary,6,Urban,Yes,3968,661,1,C,0.33
4228-8521-1010,Praveen Kamat,08-01-2024,14-01-2024,Shadowfax,Full-time,19,Secondary,3,Urban,Yes,3443,574,1,C,0.33
5992-2170-3781,Umesh Jain,08-01-2024,14-01-2024,Shadowfax,Full-time,43,Primary,2,Urban,No,2853,476,1,B,0.33
9314-1649-6154,Sunita Sen,08-01-2024,14-01-2024,Shadowfax,Full-time,21,Secondary,11,Semi-urban,No,3507,584,1,C,0.33
3896-9225-1083,Suman Bhat,08-01-2024,14-01-2024,Shadowfax,Full-time,30,Secondary,44,Rural,Yes,4505,751,1,D,0.33
4447-8609-7975,Arun Reddy,08-01-2024,14-01-2024,Shadowfax,Full-time,22,Primary,38,Urban,Yes,4462,744,1,D,0.33
3867-4050-2614,Sunil Reddy,08-01-2024,14-01-2024,Shadowfax,Full-time,32,Secondary,38,Urban,Sometimes,3780,630,1,C,0.33
5298-6973-6743,Aarav Naidu,08-01-2024,14-01-2024,Shadowfax,Full-time,40,Secondary,10,Urban,No,2949,492,1,B,0.33
9727-8688-7973,Kapil Jain,08-01-2024,14-01-2024,Shadowfax,Full-time,24,Secondary,21,Semi-urban,Always,3250,542,1,B,0.33
4953-7882-7764,Sunita Ahmed,08-01-2024,14-01-2024,Shadowfax,Full-time,44,Primary,1,Urban,Always,2855,476,1,B,0.33
7421-2430-3385,Vishal Agarwal,08-01-2024,14-01-2024,Shadowfax,Full-time,23,Secondary,8,Semi-urban,Sometimes,3840,640,1,C,0.33
7267-5650-7034,Sarita Paul,08-01-2024,14-01-2024,Shadowfax,Part-time,46,Primary,6,Urban,Yes,610,102,1,A,0.33
8226-3217-7206,Santosh Sen,08-01-2024,14-01-2024,Shadowfax,Full-time,47,Primary,22,Urban,Always,3577,596,1,C,0.33
6542-5439-2604,Naveen Gupta,08-01-2024,14-01-2024,Shadowfax,Full-time,36,Primary,51,Urban,Yes,3747,624,1,C,0.33
3292-5967-3586,Arun Mukherjee,08-01-2024,14-01-2024,Shadowfax,Full-time,41,Primary,31,Urban,Yes,3336,556,1,B,0.33
2892-7057-9673,Radha Kumar,08-01-2024,14-01-2024,Shadowfax,Full-time,21,Secondary,52,Semi-urban,No,3740,623,1,C,0.33
9567-9290-6285,Mukesh Naidu,08-01-2024,14-01-2024,Shadowfax,Full-time,23,Primary,28,Semi-urban,Sometimes,4060,677,1,D,0.33
6092-5153-1696,Mukesh Mehta,08-01-2024,14-01-2024,Shadowfax,Full-time,31,Secondary,30,Urban,Rarely,3614,602,1,C,0.33
1422-6542-6146,Mahesh Trivedi,08-01-2024,14-01-2024,Shadowfax,Full-time,48,Secondary,23,Urban,Yes,3600,600,1,C,0.33
5900-8868-7961,Kamla Menon,08-01-2024,14-01-2024,Shadowfax,Part-time,46,Primary,5,Urban,Always,1141,190,1,A,0.33
2895-2004-3220,Praveen Roy,08-01-2024,14-01-2024,Shadowfax,Full-time,41,Secondary,3,Urban,No,3313,552,1,B,0.33
8768-2792-9432,Nisha Shetty,08-01-2024,14-01-2024,Shadowfax,Full-time,34,Primary,47,Urban,Always,4110,685,1,D,0.33
2754-5801-8725,Radha Chatterjee,08-01-2024,14-01-2024,Shadowfax,Full-time,26,Primary,36,Semi-urban,Sometimes,3506,584,1,C,0.33
5950-7600-8162,Vinod Yadav,08-01-2024,14-01-2024,Shadowfax,Full-time,37,Primary,41,Urban,No,3744,624,1,C,0.33
4472-3746-2545,Nilesh Mehta,08-01-2024,14-01-2024,Shadowfax,Full-time,33,Primary,36,Rural,Yes,3642,607,1,C,0.33
2640-1363-8065,Vinod Singh,15-01-2024,21-01-2024,Amazon,Full-time,32,Secondary,47,Urban,Sometimes,3806,634,1,C,0.27
6217-9921-2907,Santosh Verma,15-01-2024,21-01-2024,Amazon,Full-time,22,Secondary,17,Urban,Rarely,2575,429,1,B,0.27
7349-3472-7936,Rahul Sharma,15-01-2024,21-01-2024,Amazon,Full-time,38,Secondary,46,Urban,Always,4041,674,1,D,0.27
4112-3965-6397,Arun Patel,15-01-2024,21-01-2024,Amazon,Full-time,40,Secondary,37,Semi-urban,Yes,5122,854,1,D,0.27
2396-3088-2429,Nikhil Banerjee,15-01-2024,21-01-2024,Amazon,Full-time,28,Primary,54,Semi-urban,Yes,5073,846,1,D,0.27
4963-7821-7884,Bharat Bhat,15-01-2024,21-01-2024,Amazon,Full-time,25,Primary,57,Urban,No,3720,620,1,C,0.27
4232-5218-7253,Shanti Trivedi,15-01-2024,21-01-2024,Amazon,Full-time,24,Primary,46,Urban,No,4425,738,1,D,0.27
2746-6763-3672,Sarita Dey,15-01-2024,21-01-2024,Amazon,Full-time,28,Primary,51,Urban,Yes,4419,736,1,D,0.27
1230-1892-1086,Arun Sen,15-01-2024,21-01-2024,Amazon,Full-time,29,Secondary,56,Urban,No,5447,908,1,D,0.27
4387-6738-2811,Seema Sen,15-01-2024,21-01-2024,Amazon,Full-time,29,Primary,4,Rural,Yes,4288,715,1,D,0.27
9265-4321-1594,Girish Rao,15-01-2024,21-01-2024,Amazon,Full-time,38,Secondary,53,Urban,No,5014,836,1,D,0.27
3496-4426-1355,Rakesh Shaikh,15-01-2024,21-01-2024,Amazon,Full-time,45,Primary,5,Urban,Sometimes,4936,823,1,D,0.27
9969-4113-2677,Bharat Naik,15-01-2024,21-01-2024,Amazon,Part-time,39,Primary,49,Urban,Always,2203,367,1,A,0.27
8660-5353-2598,Ajay Kumar,15-01-2024,21-01-2024,Amazon,Full-time,41,Secondary,24,Urban,Sometimes,4087,681,1,D,0.27
3391-4834-2854,Sunil Kumar,15-01-2024,21-01-2024,Amazon,Part-time,39,Primary,45,Urban,Rarely,1273,212,1,A,0.27
6918-6429-4550,Kiran Verma,15-01-2024,21-01-2024,Amazon,Full-time,21,Primary,42,Urban,Yes,5820,970,1,D,0.27
5779-5313-9445,Kavita Nair,15-01-2024,21-01-2024,Amazon,Full-time,36,Secondary,6,Urban,Rarely,3261,544,1,B,0.27
6010-8812-6995,Nisha Malik,15-01-2024,21-01-2024,Amazon,Full-time,28,Primary,4,Urban,Sometimes,5781,964,1,D,0.27
1628-1185-5009,Mahesh Shenoy,15-01-2024,21-01-2024,Amazon,Full-time,22,Secondary,31,Semi-urban,Yes,3636,606,1,C,0.27
1621-9807-5954,Rohit Shetty,15-01-2024,21-01-2024,Amazon,Full-time,22,Secondary,29,Urban,Sometimes,3793,632,1,C,0.27
7558-2428-2814,Suman Reddy,15-01-2024,21-01-2024,Amazon,Part-time,34,Secondary,53,Semi-urban,Sometimes,1614,269,1,A,0.27
1688-6901-4145,Vinod Shaikh,15-01-2024,21-01-2024,Amazon,Full-time,43,Secondary,29,Urban,Sometimes,4332,722,1,D,0.27
4414-1094-1798,Bharat Shaikh,15-01-2024,21-01-2024,Amazon,Part-time,36,Primary,24,Semi-urban,Rarely,1761,294,1,A,0.27
2987-8989-5637,Asha Ahmed,15-01-2024,21-01-2024,Amazon,Full-time,37,Primary,37,Semi-urban,Always,4923,820,1,D,0.27
9046-6192-5651,Nikhil Hegde,15-01-2024,21-01-2024,Amazon,Full-time,23,Primary,50,Urban,Sometimes,3979,663,1,C,0.27
5860-2403-4817,Lalit Tiwari,15-01-2024,21-01-2024,Amazon,Part-time,37,Primary,30,Semi-urban,No,2287,381,1,A,0.27
7800-1547-6954,Ajay Mishra,15-01-2024,21-01-2024,Amazon,Part-time,41,Secondary,2,Urban,Always,2076,346,1,A,0.27
2738-7941-6804,Lalita Sharma,15-01-2024,21-01-2024,Amazon,Full-time,19,Primary,38,Rural,Always,3753,626,1,C,0.27
3256-5540-4851,Shanti Yadav,15-01-2024,21-01-2024,Amazon,Full-time,25,Secondary,12,Urban,Always,4772,795,1,D,0.27
7140-7812-4750,Ganesh Jain,15-01-2024,21-01-2024,Amazon,Full-time,19,Primary,45,Semi-urban,Sometimes,5025,838,1,D,0.27
5573-3048-3614,Neha Trivedi,15-01-2024,21-01-2024,Amazon,Full-time,41,Secondary,6,Rural,Yes,3747,624,1,C,0.27
2206-8886-3158,Bharat Hegde,15-01-2024,21-01-2024,Amazon,Part-time,20,Primary,51,Semi-urban,Sometimes,2173,362,1,A,0.27
4979-6633-5580,Amit Singh,15-01-2024,21-01-2024,Amazon,Part-time,19,Secondary,5,Urban,Sometimes,570,95,1,A,0.27
6224-4837-3146,Varun Bhatt,15-01-2024,21-01-2024,Amazon,Full-time,33,Secondary,6,Urban,Always,4585,764,1,D,0.27
9548-4920-3613,Sita Hegde,15-01-2024,21-01-2024,Amazon,Full-time,22,Primary,23,Rural,No,4157,693,1,D,0.27
5511-3905-9262,Pushpa Rao,15-01-2024,21-01-2024,Amazon,Full-time,21,Secondary,20,Semi-urban,Yes,4845,808,1,D,0.27
4394-6808-6099,Vimala Shah,15-01-2024,21-01-2024,Amazon,Full-time,40,Secondary,21,Semi-urban,Yes,4765,794,1,D,0.27
4831-4995-7037,Sita Parekh,15-01-2024,21-01-2024,Amazon,Full-time,31,Primary,16,Rural,Always,4559,760,1,D,0.27
1269-6334-3728,Ravi Singh,15-01-2024,21-01-2024,Amazon,Part-time,30,Primary,33,Urban,Always,2247,374,1,A,0.27
3337-7610-1012,Anita Jain,15-01-2024,21-01-2024,Amazon,Full-time,44,Secondary,37,Semi-urban,Sometimes,5895,982,1,D,0.27
4940-1805-6603,Sarita Ali,15-01-2024,21-01-2024,Amazon,Full-time,19,Secondary,54,Semi-urban,Sometimes,2874,479,1,B,0.27
8560-9896-2115,Sumit Kumar,15-01-2024,21-01-2024,Amazon,Full-time,46,Secondary,43,Semi-urban,No,4120,687,1,D,0.27
5451-5314-8283,Kamla Gowda,15-01-2024,21-01-2024,Amazon,Full-time,35,Secondary,42,Urban,Yes,4396,733,1,D,0.27
1380-5070-5438,Ritesh Patel,15-01-2024,21-01-2024,Amazon,Full-time,41,Secondary,9,Urban,Yes,3808,635,1,C,0.27
4609-9133-4819,Amit Mishra,15-01-2024,21-01-2024,Amazon,Part-time,24,Secondary,16,Urban,Sometimes,1540,257,1,A,0.27
3459-1579-8738,Tarun Naidu,15-01-2024,21-01-2024,Amazon,Full-time,33,Secondary,43,Rural,Sometimes,4715,786,1,D,0.27
7329-6865-6886,Harish Kumar,15-01-2024,21-01-2024,Amazon,Part-time,25,Secondary,36,Urban,Yes,2622,437,1,B,0.27
6936-2496-9328,Sunil Bhat,15-01-2024,21-01-2024,Amazon,Part-time,32,Secondary,21,Rural,No,1039,173,1,A,0.27
6595-2186-8035,Ramesh Paul,15-01-2024,21-01-2024,Amazon,Full-time,27,Primary,32,Semi-urban,Always,4274,712,1,D,0.27
1364-5726-7613,Dinesh Shah,15-01-2024,21-01-2024,Amazon,Full-time,47,Secondary,47,Urban,Always,5167,861,1,D,0.27
4231-2372-4282,Varun Shah,15-01-2024,21-01-2024,Amazon,Part-time,39,Secondary,25,Urban,Sometimes,1551,258,1,A,0.27
1639-9454-1738,Padma Bose,15-01-2024,21-01-2024,Amazon,Full-time,48,Primary,5,Urban,No,3842,640,1,C,0.27
1365-1216-3667,Ravi Gupta,15-01-2024,21-01-2024,Amazon,Full-time,33,Secondary,52,Urban,Yes,5337,890,1,D,0.27
9585-7551-1282,Sita Chauhan,15-01-2024,21-01-2024,Amazon,Full-time,45,Secondary,34,Urban,Yes,2552,425,1,A,0.27
2440-9742-5006,Lalit Hegde,15-01-2024,21-01-2024,Amazon,Full-time,40,Primary,16,Rural,Yes,4215,702,1,D,0.27
8119-5398-8401,Deepak Amin,15-01-2024,21-01-2024,Amazon,Full-time,33,Primary,30,Urban,No,3392,565,1,B,0.27
9536-5487-9929,Ramesh Jain,15-01-2024,21-01-2024,Amazon,Full-time,32,Secondary,56,Urban,Yes,4309,718,1,D,0.27
9275-1761-4737,Lalita Bose,15-01-2024,21-01-2024,Amazon,Full-time,38,Primary,28,Semi-urban,Always,3582,597,1,C,0.27
3473-5694-9734,Sanjay Hegde,15-01-2024,21-01-2024,Amazon,Full-time,46,Secondary,25,Rural,No,3670,612,1,C,0.27
8538-5651-3019,Usha Qureshi,15-01-2024,21-01-2024,Amazon,Full-time,29,Primary,52,Urban,No,4256,709,1,D,0.27
5851-9238-5792,Deepak Iyer,15-01-2024,21-01-2024,Amazon,Full-time,25,Secondary,35,Urban,Yes,4301,717,1,D,0.27
1995-4204-5323,Yogesh Rajput,15-01-2024,21-01-2024,Amazon,Full-time,46,Primary,49,Semi-urban,No,4249,708,1,D,0.27
9066-5812-5044,Neha Malik,15-01-2024,21-01-2024,Amazon,Full-time,44,Secondary,29,Semi-urban,Always,3220,537,1,B,0.27
8466-1900-4700,Kavita Shenoy,15-01-2024,21-01-2024,Amazon,Full-time,24,Primary,1,Semi-urban,No,4402,734,1,D,0.27
2676-1661-7233,Kamla Ansari,15-01-2024,21-01-2024,Amazon,Full-time,42,Primary,60,Semi-urban,Yes,4572,762,1,D,0.27
9729-5078-9709,Shanti Pandey,15-01-2024,21-01-2024,Amazon,Full-time,22,Secondary,28,Urban,Sometimes,4548,758,1,D,0.27
9735-7101-8282,Deepak Naik,15-01-2024,21-01-2024,Amazon,Full-time,36,Primary,55,Semi-urban,Sometimes,5387,898,1,D,0.27
3378-9204-6948,Arun Das,15-01-2024,21-01-2024,Amazon,Full-time,47,Primary,41,Urban,Sometimes,4394,732,1,D,0.27
5550-7560-6627,Ritu Ahmed,15-01-2024,21-01-2024,Amazon,Full-time,37,Primary,59,Semi-urban,Sometimes,4856,809,1,D,0.27
4864-3874-7119,Divya Chatterjee,15-01-2024,21-01-2024,Amazon,Full-time,38,Primary,32,Rural,Always,3716,619,1,C,0.27
8031-8567-1256,Sanjay Ghosh,15-01-2024,21-01-2024,Ekart,Part-time,45,Secondary,60,Semi-urban,No,1456,243,1,A,0.31
7934-9201-3568,Satish Modi,15-01-2024,21-01-2024,Ekart,Full-time,33,Secondary,22,Semi-urban,Yes,3899,650,1,C,0.31
9840-7391-1437,Yogesh Kumar,15-01-2024,21-01-2024,Ekart,Full-time,26,Secondary,32,Semi-urban,No,3560,593,1,C,0.31
7001-5659-2958,Amit Mehta,15-01-2024,21-01-2024,Ekart,Full-time,36,Primary,41,Semi-urban,Yes,4324,721,1,D,0.31
9007-1153-6548,Shyam Parekh,15-01-2024,21-01-2024,Ekart,Full-time,24,Secondary,44,Semi-urban,No,4034,672,1,C,0.31
9232-9765-9480,Vinod Shah,15-01-2024,21-01-2024,Ekart,Full-time,40,Secondary,31,Urban,Yes,4770,795,1,D,0.31
7075-6470-5726,Prakash Khan,15-01-2024,21-01-2024,Ekart,Full-time,26,Secondary,11,Rural,Always,4570,762,1,D,0.31
4647-4190-4886,Sachin Patel,15-01-2024,21-01-2024,Ekart,Full-time,23,Secondary,60,Urban,No,4517,753,1,D,0.31
8832-1295-6372,Geeta Rajput,15-01-2024,21-01-2024,Ekart,Part-time,41,Secondary,4,Urban,Yes,1571,262,1,A,0.31
9459-3589-3492,Naresh Naidu,15-01-2024,21-01-2024,Ekart,Part-time,26,Secondary,54,Semi-urban,No,1092,182,1,A,0.31
5123-7434-5080,Tarun Amin,15-01-2024,21-01-2024,Ekart,Full-time,44,Primary,4,Urban,Always,2802,467,1,B,0.31
9998-1196-2904,Prakash Ahmed,15-01-2024,21-01-2024,Ekart,Full-time,27,Secondary,18,Semi-urban,Sometimes,3531,588,1,C,0.31
2768-8501-8984,Praveen Banerjee,15-01-2024,21-01-2024,Ekart,Full-time,43,Secondary,2,Rural,Sometimes,3720,620,1,C,0.31
2599-6664-4192,Pradeep Shah,15-01-2024,21-01-2024,Ekart,Full-time,22,Primary,15,Semi-urban,Always,4329,722,1,D,0.31
1502-7401-9940,Ravi Patel,15-01-2024,21-01-2024,Ekart,Full-time,24,Primary,39,Semi-urban,Sometimes,4110,685,1,D,0.31
7668-7974-4742,Sita Islam,15-01-2024,21-01-2024,Ekart,Full-time,40,Secondary,5,Rural,Yes,4647,774,1,D,0.31
2648-8281-8986,Shanti Rao,15-01-2024,21-01-2024,Ekart,Full-time,25,Secondary,43,Urban,Rarely,3695,616,1,C,0.31
9157-3668-4315,Mamta Iyer,15-01-2024,21-01-2024,Ekart,Full-time,46,Secondary,33,Urban,Always,3389,565,1,B,0.31
8573-6512-1728,Padma Thakur,15-01-2024,21-01-2024,Ekart,Full-time,43,Secondary,46,Semi-urban,Yes,3624,604,1,C,0.31
6804-8724-6821,Mamta Paul,15-01-2024,21-01-2024,Ekart,Part-time,30,Secondary,23,Semi-urban,Always,1573,262,1,A,0.31
1455-5435-7016,Rajesh Hegde,15-01-2024,21-01-2024,Ekart,Full-time,39,Secondary,37,Urban,Yes,3767,628,1,C,0.31
9023-1820-1936,Rajesh Shah,15-01-2024,21-01-2024,Ekart,Full-time,30,Secondary,16,Semi-urban,No,2682,447,1,B,0.31
9112-3293-1037,Vimala Chatterjee,15-01-2024,21-01-2024,Ekart,Full-time,24,Secondary,22,Semi-urban,Yes,3781,630,1,C,0.31
3500-9794-9532,Asha Khan,15-01-2024,21-01-2024,Ekart,Full-time,38,Primary,35,Urban,Sometimes,3810,635,1,C,0.31
7911-2412-1499,Vishal Bhat,15-01-2024,21-01-2024,Ekart,Full-time,46,Primary,1,Urban,Yes,4388,731,1,D,0.31
5458-2600-8079,Aarav Ahmed,15-01-2024,21-01-2024,Ekart,Part-time,44,Secondary,14,Rural,Sometimes,2031,338,1,A,0.31
2609-2674-1106,Anil Sharma,15-01-2024,21-01-2024,Ekart,Full-time,32,Secondary,59,Semi-urban,Yes,3104,517,1,B,0.31
8312-9891-3626,Vimala Modi,15-01-2024,21-01-2024,Ekart,Full-time,22,Primary,24,Semi-urban,Sometimes,4418,736,1,D,0.31
4346-3791-1321,Rohit Siddiqui,15-01-2024,21-01-2024,Ekart,Full-time,26,Primary,37,Urban,Always,4366,728,1,D,0.31
5196-4344-8856,Asha Modi,15-01-2024,21-01-2024,Ekart,Part-time,23,Secondary,26,Urban,Sometimes,1984,331,1,A,0.31
6495-6067-6597,Naveen Ansari,15-01-2024,21-01-2024,Ekart,Full-time,37,Primary,46,Urban,Rarely,4046,674,1,D,0.31
5470-2093-5454,Usha Rajput,15-01-2024,21-01-2024,Ekart,Full-time,26,Primary,20,Urban,No,3721,620,1,C,0.31
5023-2669-6392,Tarun Modi,15-01-2024,21-01-2024,Ekart,Part-time,44,Secondary,50,Urban,No,1829,305,1,A,0.31
5636-9843-4026,Dinesh Naidu,15-01-2024,21-01-2024,Ekart,Full-time,40,Secondary,7,Urban,Sometimes,3459,576,1,C,0.31
2669-7347-6948,Nilesh Ansari,15-01-2024,21-01-2024,Ekart,Full-time,24,Primary,58,Rural,Sometimes,5050,842,1,D,0.31
2256-9496-1522,Nikhil Pillai,15-01-2024,21-01-2024,Ekart,Full-time,48,Primary,59,Urban,No,4317,720,1,D,0.31
1123-4845-3631,Vijay Modi,15-01-2024,21-01-2024,Ekart,Full-time,41,Primary,7,Semi-urban,Sometimes,4562,760,1,D,0.31
9742-4652-9363,Radha Shaikh,15-01-2024,21-01-2024,Ekart,Full-time,31,Primary,22,Rural,Yes,4416,736,1,D,0.31
6542-9149-1032,Sarita Yadav,15-01-2024,21-01-2024,Ekart,Full-time,41,Secondary,4,Rural,Yes,2500,417,1,A,0.31
3324-7953-1844,Vijay Sharma,15-01-2024,21-01-2024,Ekart,Full-time,25,Secondary,1,Urban,Yes,3664,611,1,C,0.31
6048-4906-2910,Sarita Modi,15-01-2024,21-01-2024,Ekart,Full-time,28,Secondary,58,Urban,No,2823,470,1,B,0.31
9894-9893-6612,Nilesh Shenoy,15-01-2024,21-01-2024,Ekart,Full-time,39,Secondary,34,Urban,No,3071,512,1,B,0.31
3807-7792-5341,Rohit Khan,15-01-2024,21-01-2024,Ekart,Full-time,43,Primary,50,Urban,Yes,3944,657,1,C,0.31
7699-7037-7589,Meena Gupta,15-01-2024,21-01-2024,Ekart,Full-time,22,Secondary,29,Urban,Yes,4080,680,1,D,0.31
4001-7245-3685,Savita Bhatt,15-01-2024,21-01-2024,Ekart,Part-time,34,Primary,47,Urban,Rarely,1697,283,1,A,0.31
5680-3005-5418,Sachin Das,15-01-2024,21-01-2024,Ekart,Full-time,20,Secondary,28,Rural,No,3349,558,1,B,0.31
1837-1339-6538,Mahesh Malik,15-01-2024,21-01-2024,Ekart,Full-time,39,Primary,6,Semi-urban,Always,4959,826,1,D,0.31
5558-9721-7990,Mamta Sen,15-01-2024,21-01-2024,Ekart,Full-time,21,Primary,1,Urban,Sometimes,4462,744,1,D,0.31
3760-1701-2126,Vinod Hussain,15-01-2024,21-01-2024,Ekart,Full-time,22,Primary,34,Semi-urban,Sometimes,4737,790,1,D,0.31
1512-9860-3209,Umesh Amin,15-01-2024,21-01-2024,Ekart,Full-time,20,Primary,24,Rural,Sometimes,2785,464,1,B,0.31
2927-5069-5480,Usha Siddiqui,15-01-2024,21-01-2024,Ekart,Part-time,31,Primary,40,Semi-urban,No,1477,246,1,A,0.31
3667-7876-6594,Naresh Bhat,15-01-2024,21-01-2024,Ekart,Part-time,24,Primary,35,Rural,Sometimes,2104,351,1,A,0.31
7125-2311-2980,Manoj Reddy,15-01-2024,21-01-2024,Ekart,Full-time,39,Secondary,22,Semi-urban,Rarely,2796,466,1,B,0.31
4277-5990-6396,Varun Gupta,15-01-2024,21-01-2024,Ekart,Full-time,32,Secondary,59,Semi-urban,Sometimes,3927,654,1,C,0.31
6196-3764-4181,Ganesh Kumar,15-01-2024,21-01-2024,Ekart,Full-time,47,Secondary,7,Urban,No,2814,469,1,B,0.31
6808-5031-5191,Manoj Siddiqui,15-01-2024,21-01-2024,Ekart,Part-time,28,Primary,9,Semi-urban,Sometimes,857,143,1,A,0.31
2906-1935-9229,Dinesh Chatterjee,15-01-2024,21-01-2024,Ekart,Full-time,40,Primary,60,Semi-urban,Yes,3770,628,1,C,0.31
5134-6438-5831,Rahul Pandey,15-01-2024,21-01-2024,Ekart,Full-time,21,Primary,2,Urban,Yes,4344,724,1,D,0.31
2166-1879-8599,Dinesh Modi,15-01-2024,21-01-2024,Ekart,Full-time,32,Secondary,33,Urban,No,4837,806,1,D,0.31
5400-6850-2940,Laxmi Tiwari,15-01-2024,21-01-2024,Ekart,Full-time,22,Secondary,17,Urban,Sometimes,3969,662,1,C,0.31
5612-8502-8582,Shanti Naidu,15-01-2024,21-01-2024,Delhivery,Full-time,20,Primary,42,Urban,Sometimes,3970,662,1,C,0.36
1099-3113-2449,Anita Bhatt,15-01-2024,21-01-2024,Delhivery,Full-time,34,Primary,15,Semi-urban,Sometimes,2382,397,1,A,0.36
5987-3835-6925,Satish Thakur,15-01-2024,21-01-2024,Delhivery,Full-time,32,Secondary,34,Rural,Yes,2476,413,1,A,0.36
7430-9674-5855,Bharat Banerjee,15-01-2024,21-01-2024,Delhivery,Full-time,37,Secondary,43,Urban,No,3975,662,1,C,0.36
4644-7327-8179,Anita Paul,15-01-2024,21-01-2024,Delhivery,Full-time,33,Secondary,12,Semi-urban,Yes,4181,697,1,D,0.36
1862-9944-7412,Durga Bhatt,15-01-2024,21-01-2024,Delhivery,Full-time,47,Secondary,50,Semi-urban,Sometimes,3598,600,1,C,0.36
1981-3769-1663,Vishal Shetty,15-01-2024,21-01-2024,Delhivery,Full-time,45,Primary,20,Urban,Always,2892,482,1,B,0.36
6738-4064-3147,Rakesh Mukherjee,15-01-2024,21-01-2024,Delhivery,Full-time,30,Primary,31,Urban,No,4290,715,1,D,0.36
2583-6357-3282,Anita Modi,15-01-2024,21-01-2024,Delhivery,Part-time,38,Secondary,24,Semi-urban,No,1321,220,1,A,0.36
7249-3187-7723,Mohit Ali,15-01-2024,21-01-2024,Delhivery,Part-time,41,Secondary,20,Urban,Yes,1059,176,1,A,0.36
3877-9342-5256,Sumit Ali,15-01-2024,21-01-2024,Delhivery,Part-time,32,Primary,14,Urban,Yes,975,162,1,A,0.36
8071-8576-8329,Divya Trivedi,15-01-2024,21-01-2024,Delhivery,Full-time,35,Secondary,59,Semi-urban,Always,2856,476,1,B,0.36
2719-1252-7336,Ritu Kamat,15-01-2024,21-01-2024,Delhivery,Full-time,25,Secondary,5,Semi-urban,Yes,3846,641,1,C,0.36
8418-4502-8986,Rakesh Desai,15-01-2024,21-01-2024,Delhivery,Full-time,42,Primary,52,Urban,No,3764,627,1,C,0.36
6748-8511-4875,Mukesh Joshi,15-01-2024,21-01-2024,Delhivery,Full-time,21,Secondary,5,Semi-urban,Yes,2556,426,1,B,0.36
5797-8603-4104,Lalita Modi,15-01-2024,21-01-2024,Delhivery,Full-time,24,Secondary,47,Urban,Sometimes,3789,632,1,C,0.36
1913-1753-6591,Satish Shenoy,15-01-2024,21-01-2024,Delhivery,Part-time,43,Primary,1,Urban,Yes,1876,313,1,A,0.36
6979-9831-3279,Praveen Rajput,15-01-2024,21-01-2024,Delhivery,Part-time,20,Secondary,7,Semi-urban,Always,1265,211,1,A,0.36
8500-8289-9537,Nilesh Sharma,15-01-2024,21-01-2024,Delhivery,Full-time,38,Secondary,38,Rural,No,3912,652,1,C,0.36
2684-6961-3879,Sunil Malik,15-01-2024,21-01-2024,Delhivery,Part-time,47,Secondary,40,Rural,Always,872,145,1,A,0.36
1321-5336-5256,Shyam Trivedi,15-01-2024,21-01-2024,Delhivery,Part-time,24,Primary,23,Semi-urban,Sometimes,2078,346,1,A,0.36
7726-2862-8823,Vimala Pillai,15-01-2024,21-01-2024,Delhivery,Full-time,19,Secondary,15,Urban,Yes,3316,553,1,B,0.36
5864-6629-8835,Lokesh Verma,15-01-2024,21-01-2024,Delhivery,Full-time,36,Primary,50,Urban,No,3210,535,1,B,0.36
5998-6165-6950,Sarita Ahmed,15-01-2024,21-01-2024,Delhivery,Full-time,26,Secondary,54,Semi-urban,Yes,3620,603,1,C,0.36
9788-6499-1889,Padma Sharma,15-01-2024,21-01-2024,Delhivery,Full-time,41,Secondary,24,Rural,Yes,4325,721,1,D,0.36
2700-7445-8892,Ajay Das,15-01-2024,21-01-2024,Delhivery,Full-time,43,Primary,41,Urban,Yes,3464,577,1,C,0.36
5958-1314-4063,Suman Tiwari,15-01-2024,21-01-2024,Delhivery,Full-time,30,Primary,44,Semi-urban,Yes,3268,545,1,B,0.36
9329-4417-7309,Rekha Poojary,15-01-2024,21-01-2024,Delhivery,Full-time,22,Secondary,43,Rural,Yes,3511,585,1,C,0.36
9126-8412-3795,Vinod Islam,15-01-2024,21-01-2024,Delhivery,Full-time,33,Secondary,3,Rural,Yes,2380,397,1,A,0.36
6040-5876-8389,Manoj Dave,15-01-2024,21-01-2024,Delhivery,Full-time,19,Secondary,45,Semi-urban,No,3126,521,1,B,0.36
4643-9689-6282,Nisha Rajput,15-01-2024,21-01-2024,Delhivery,Full-time,38,Secondary,34,Semi-urban,Yes,2734,456,1,B,0.36
1987-5547-7635,Kapil Dey,15-01-2024,21-01-2024,Delhivery,Full-time,24,Secondary,59,Semi-urban,Always,3015,502,1,B,0.36
6333-7245-1404,Ritu Gupta,15-01-2024,21-01-2024,Delhivery,Full-time,27,Secondary,28,Urban,Yes,3108,518,1,B,0.36
8117-7929-8772,Lalit Malik,15-01-2024,21-01-2024,Delhivery,Full-time,25,Primary,50,Semi-urban,No,4349,725,1,D,0.36
7602-3934-5871,Mohit Amin,15-01-2024,21-01-2024,Delhivery,Full-time,25,Secondary,32,Urban,Always,4429,738,1,D,0.36
7125-8727-2057,Harish Joshi,15-01-2024,21-01-2024,Delhivery,Part-time,27,Primary,48,Urban,Sometimes,1887,314,1,A,0.36
5999-8346-6133,Varun Reddy,15-01-2024,21-01-2024,Delhivery,Part-time,23,Primary,12,Urban,Yes,1097,183,1,A,0.36
6290-1666-2434,Ravi Ahmed,15-01-2024,21-01-2024,Delhivery,Full-time,30,Primary,50,Rural,Yes,3452,575,1,C,0.36
5492-8199-8516,Ritu Amin,15-01-2024,21-01-2024,Delhivery,Full-time,22,Primary,23,Semi-urban,Always,3812,635,1,C,0.36
2973-6073-4036,Nikhil Dave,15-01-2024,21-01-2024,Delhivery,Full-time,45,Primary,49,Urban,Sometimes,3427,571,1,C,0.36
4899-1022-7211,Amit Reddy,15-01-2024,21-01-2024,Delhivery,Full-time,27,Secondary,26,Rural,Sometimes,3688,615,1,C,0.36
8511-7298-3740,Radha Das,15-01-2024,21-01-2024,Delhivery,Full-time,21,Primary,19,Urban,Sometimes,3838,640,1,C,0.36
6604-7654-9546,Naveen Modi,15-01-2024,21-01-2024,Delhivery,Part-time,40,Primary,49,Semi-urban,No,254,42,1,A,0.36
8461-5366-9651,Nilesh Gowda,15-01-2024,21-01-2024,Delhivery,Full-time,42,Primary,40,Urban,Sometimes,3840,640,1,C,0.36
3775-9974-6275,Rahul Thakur,15-01-2024,21-01-2024,Delhivery,Full-time,35,Primary,35,Semi-urban,No,3874,646,1,C,0.36
4276-2010-6228,Lalita Hussain,15-01-2024,21-01-2024,Delhivery,Full-time,48,Primary,29,Rural,No,4463,744,1,D,0.36
2116-3067-1674,Rekha Desai,15-01-2024,21-01-2024,Delhivery,Full-time,42,Secondary,57,Semi-urban,Yes,3483,580,1,C,0.36
8631-3121-8268,Rohit Chatterjee,15-01-2024,21-01-2024,Delhivery,Full-time,30,Primary,39,Urban,Yes,3381,564,1,B,0.36
6753-1346-5760,Shanti Amin,15-01-2024,21-01-2024,Delhivery,Part-time,22,Primary,17,Urban,Always,1580,263,1,A,0.36
5109-9416-5088,Vijay Khan,15-01-2024,21-01-2024,Delhivery,Full-time,38,Secondary,43,Semi-urban,No,2635,439,1,B,0.36
2886-9417-5363,Prakash Shetty,15-01-2024,21-01-2024,Delhivery,Full-time,38,Secondary,11,Urban,Yes,3560,593,1,C,0.36
5560-9189-6749,Gaurav Kumar,15-01-2024,21-01-2024,Delhivery,Full-time,43,Secondary,41,Semi-urban,Always,3277,546,1,B,0.36
5947-6172-5000,Asha Jain,15-01-2024,21-01-2024,Delhivery,Full-time,45,Primary,58,Urban,Always,3586,598,1,C,0.36
6777-3439-5887,Sunil Bhatt,15-01-2024,21-01-2024,Delhivery,Full-time,43,Primary,21,Urban,Rarely,4295,716,1,D,0.36
7793-4934-6349,Vijay Thakur,15-01-2024,21-01-2024,Delhivery,Full-time,29,Primary,29,Semi-urban,Rarely,4320,720,1,D,0.36
2438-2387-9170,Priya Chatterjee,15-01-2024,21-01-2024,Dunzo,Part-time,34,Secondary,19,Semi-urban,Always,1052,175,1,A,0.42
7487-4851-1905,Rakesh Thakur,15-01-2024,21-01-2024,Dunzo,Full-time,41,Secondary,21,Urban,Sometimes,3300,550,1,B,0.42
9828-2159-3406,Aarav Roy,15-01-2024,21-01-2024,Dunzo,Full-time,28,Secondary,19,Urban,Sometimes,3703,617,1,C,0.42
4061-2308-3601,Pradeep Shaikh,15-01-2024,21-01-2024,Dunzo,Full-time,25,Secondary,35,Semi-urban,Sometimes,3828,638,1,C,0.42
4619-6601-6408,Padma Bhatt,15-01-2024,21-01-2024,Dunzo,Full-time,41,Secondary,37,Urban,Yes,3403,567,1,B,0.42
8919-3727-2053,Praveen Bhat,15-01-2024,21-01-2024,Dunzo,Full-time,47,Primary,17,Urban,Always,3213,536,1,B,0.42
9481-2654-9452,Kapil Hegde,15-01-2024,21-01-2024,Dunzo,Full-time,33,Primary,22,Semi-urban,Always,4036,673,1,D,0.42
1572-1323-3492,Mohit Naidu,15-01-2024,21-01-2024,Dunzo,Part-time,47,Secondary,3,Urban,Yes,528,88,1,A,0.42
1660-7607-3971,Manoj Trivedi,15-01-2024,21-01-2024,Dunzo,Full-time,30,Primary,40,Urban,Rarely,2729,455,1,B,0.42
5227-8577-1307,Radha Iyer,15-01-2024,21-01-2024,Dunzo,Full-time,38,Secondary,25,Urban,Yes,4213,702,1,D,0.42
6771-6236-7161,Yogesh Dave,15-01-2024,21-01-2024,Dunzo,Full-time,20,Primary,58,Rural,Yes,3064,511,1,B,0.42
4465-4777-3713,Kavita Hegde,15-01-2024,21-01-2024,Dunzo,Part-time,29,Secondary,32,Urban,Sometimes,1324,221,1,A,0.42
5974-2046-1311,Suman Malik,15-01-2024,21-01-2024,Dunzo,Part-time,23,Secondary,36,Urban,Always,2074,346,1,A,0.42
9980-6047-2819,Rajesh Malik,15-01-2024,21-01-2024,Dunzo,Full-time,33,Secondary,38,Semi-urban,Yes,3919,653,1,C,0.42
4208-2014-8395,Usha Shaikh,15-01-2024,21-01-2024,Dunzo,Part-time,22,Primary,20,Semi-urban,Sometimes,1120,187,1,A,0.42
6323-9581-2367,Mukesh Rao,15-01-2024,21-01-2024,Dunzo,Full-time,43,Secondary,26,Urban,Yes,4238,706,1,D,0.42
1499-5584-7603,Sunil Menon,15-01-2024,21-01-2024,Dunzo,Part-time,48,Secondary,10,Rural,Always,1308,218,1,A,0.42
8357-6432-9198,Girish Tiwari,15-01-2024,21-01-2024,Dunzo,Full-time,19,Primary,39,Semi-urban,No,3594,599,1,C,0.42
9040-5914-4655,Savita Parekh,15-01-2024,21-01-2024,Dunzo,Full-time,20,Primary,39,Urban,Sometimes,3712,619,1,C,0.42
5109-8274-1285,Lalita Ali,15-01-2024,21-01-2024,Dunzo,Full-time,29,Primary,29,Urban,Sometimes,3339,556,1,B,0.42
9261-9046-1608,Rekha Bose,15-01-2024,21-01-2024,Dunzo,Full-time,34,Secondary,59,Semi-urban,Yes,4027,671,1,C,0.42
4854-1032-1196,Suresh Naidu,15-01-2024,21-01-2024,Dunzo,Part-time,23,Primary,14,Semi-urban,Rarely,2164,361,1,A,0.42
6835-4327-9739,Dinesh Reddy,15-01-2024,21-01-2024,Dunzo,Full-time,44,Secondary,25,Semi-urban,Always,3248,541,1,B,0.42
3364-2196-6398,Padma Shenoy,15-01-2024,21-01-2024,Dunzo,Full-time,39,Secondary,5,Semi-urban,No,2776,463,1,B,0.42
7671-6836-1676,Radha Ahmed,15-01-2024,21-01-2024,Dunzo,Full-time,38,Primary,36,Semi-urban,Always,3113,519,1,B,0.42
8126-4230-6414,Divya Mehta,15-01-2024,21-01-2024,Dunzo,Full-time,19,Secondary,28,Semi-urban,Sometimes,2963,494,1,B,0.42
4180-9572-8985,Lalita Parekh,15-01-2024,21-01-2024,Dunzo,Full-time,27,Secondary,25,Rural,No,3095,516,1,B,0.42
5079-3646-3077,Ritesh Nair,15-01-2024,21-01-2024,Dunzo,Full-time,47,Secondary,50,Urban,Yes,3454,576,1,C,0.42
2400-3376-3339,Rohit Mehta,15-01-2024,21-01-2024,Dunzo,Full-time,39,Primary,54,Rural,Sometimes,3211,535,1,B,0.42
9920-4026-7185,Vimala Bose,15-01-2024,21-01-2024,Dunzo,Full-time,23,Secondary,35,Urban,Yes,2056,343,1,A,0.42
3686-5049-4800,Sarita Khan,15-01-2024,21-01-2024,Dunzo,Part-time,27,Secondary,48,Semi-urban,Yes,1067,178,1,A,0.42
3934-5542-7702,Suresh Shah,15-01-2024,21-01-2024,Dunzo,Full-time,31,Secondary,34,Urban,Rarely,3713,619,1,C,0.42
6135-4805-5605,Naveen Chauhan,15-01-2024,21-01-2024,Dunzo,Full-time,21,Secondary,59,Urban,Sometimes,2138,356,1,A,0.42
4448-5403-1398,Sunita Dave,15-01-2024,21-01-2024,Dunzo,Full-time,28,Primary,52,Urban,No,4108,685,1,D,0.42
4708-8668-8628,Usha Ahmed,15-01-2024,21-01-2024,Dunzo,Full-time,37,Secondary,12,Semi-urban,Yes,2459,410,1,A,0.42
2335-9611-1121,Gaurav Patel,15-01-2024,21-01-2024,Dunzo,Full-time,39,Secondary,6,Semi-urban,Always,1984,331,1,A,0.42
8070-7613-1909,Santosh Shaikh,15-01-2024,21-01-2024,Dunzo,Part-time,39,Primary,28,Semi-urban,Always,654,109,1,A,0.42
1595-1805-3262,Nilesh Bhatt,15-01-2024,21-01-2024,Dunzo,Full-time,26,Secondary,40,Semi-urban,Yes,3699,616,1,C,0.42
1015-6502-4755,Kamla Poojary,15-01-2024,21-01-2024,Dunzo,Full-time,20,Secondary,30,Urban,Sometimes,3095,516,1,B,0.42
6417-3646-4360,Praveen Dave,15-01-2024,21-01-2024,Dunzo,Part-time,34,Primary,9,Urban,No,851,142,1,A,0.42
4302-3011-7837,Rohit Jain,15-01-2024,21-01-2024,Dunzo,Part-time,28,Secondary,42,Urban,Sometimes,2186,364,1,A,0.42
2024-2715-9869,Anita Reddy,15-01-2024,21-01-2024,Dunzo,Part-time,31,Primary,10,Urban,Sometimes,1115,186,1,A,0.42
2042-5833-8155,Vishal Menon,15-01-2024,21-01-2024,Dunzo,Full-time,46,Primary,55,Rural,Sometimes,3952,659,1,C,0.42
4113-3235-5227,Radha Ghosh,15-01-2024,21-01-2024,Dunzo,Full-time,32,Secondary,4,Semi-urban,Sometimes,3907,651,1,C,0.42
5386-8233-5206,Sumit Shaikh,15-01-2024,21-01-2024,Dunzo,Part-time,38,Secondary,58,Urban,No,778,130,1,A,0.42
6469-9036-6851,Arjun Mishra,15-01-2024,21-01-2024,Dunzo,Part-time,32,Secondary,52,Semi-urban,Sometimes,1237,206,1,A,0.42
4332-3345-5245,Rahul Mehta,15-01-2024,21-01-2024,Dunzo,Full-time,19,Primary,54,Rural,Sometimes,2585,431,1,B,0.42
9828-6083-7369,Geeta Rao,15-01-2024,21-01-2024,Dunzo,Full-time,40,Primary,3,Urban,Yes,3208,535,1,B,0.42
2315-5565-2950,Aarav Thakur,15-01-2024,21-01-2024,Dunzo,Full-time,22,Secondary,17,Urban,Yes,3757,626,1,C,0.42
6432-7615-2711,Harish Singh,15-01-2024,21-01-2024,Dunzo,Part-time,35,Primary,59,Semi-urban,Always,2188,365,1,A,0.42
5261-6367-8576,Rohit Joshi,15-01-2024,21-01-2024,Zepto,Full-time,31,Primary,55,Urban,Sometimes,3633,606,1,C,0.44
9114-9868-9592,Ajay Dey,15-01-2024,21-01-2024,Zepto,Part-time,22,Primary,32,Urban,Rarely,671,112,1,A,0.44
7614-1219-4858,Ritu Paul,15-01-2024,21-01-2024,Zepto,Full-time,32,Secondary,3,Rural,Sometimes,3214,536,1,B,0.44
6718-8442-3547,Mahesh Tiwari,15-01-2024,21-01-2024,Zepto,Full-time,29,Secondary,50,Semi-urban,Sometimes,3997,666,1,C,0.44
9271-8904-1121,Neha Kamat,15-01-2024,21-01-2024,Zepto,Full-time,44,Secondary,33,Semi-urban,Sometimes,3363,560,1,B,0.44
9774-7544-4734,Padma Hussain,15-01-2024,21-01-2024,Zepto,Full-time,42,Secondary,48,Urban,Yes,2823,470,1,B,0.44
3757-5533-8291,Arun Bose,15-01-2024,21-01-2024,Zepto,Part-time,36,Primary,59,Rural,Yes,963,160,1,A,0.44
3700-8975-8328,Vishal Parekh,15-01-2024,21-01-2024,Zepto,Full-time,40,Secondary,23,Urban,Always,2358,393,1,A,0.44
6658-1837-7096,Ritu Parekh,15-01-2024,21-01-2024,Zepto,Full-time,26,Primary,40,Semi-urban,Yes,3682,614,1,C,0.44
6600-9402-1991,Rahul Khan,15-01-2024,21-01-2024,Zepto,Full-time,34,Primary,11,Urban,Yes,3449,575,1,C,0.44
5175-3095-2616,Ravi Iyer,15-01-2024,21-01-2024,Zepto,Full-time,34,Secondary,19,Urban,Always,4230,705,1,D,0.44
4226-2988-5451,Naveen Bhat,15-01-2024,21-01-2024,Zepto,Full-time,28,Secondary,16,Urban,Always,2913,486,1,B,0.44
8962-1833-2315,Sumit Naik,15-01-2024,21-01-2024,Zepto,Full-time,42,Secondary,37,Urban,Yes,2814,469,1,B,0.44
6581-1385-9779,Kapil Patel,15-01-2024,21-01-2024,Zepto,Part-time,21,Secondary,48,Urban,Yes,2074,346,1,A,0.44
1316-3182-3102,Dinesh Menon,15-01-2024,21-01-2024,Zepto,Full-time,19,Primary,19,Rural,Yes,2381,397,1,A,0.44
5279-6760-1948,Ritu Chatterjee,15-01-2024,21-01-2024,Zepto,Part-time,41,Primary,16,Urban,Sometimes,1198,200,1,A,0.44
6684-1843-4043,Anil Thakur,15-01-2024,21-01-2024,Zepto,Full-time,42,Primary,57,Rural,Yes,4225,704,1,D,0.44
6818-7429-8016,Anil Sen,15-01-2024,21-01-2024,Zepto,Full-time,31,Secondary,16,Urban,Sometimes,3316,553,1,B,0.44
8079-7829-1460,Ramesh Kumar,15-01-2024,21-01-2024,Zepto,Part-time,23,Primary,59,Semi-urban,Always,969,162,1,A,0.44
7256-8339-9462,Sunita Das,15-01-2024,21-01-2024,Zepto,Full-time,43,Secondary,60,Semi-urban,Yes,3512,585,1,C,0.44
6041-2781-6418,Padma Verma,15-01-2024,21-01-2024,Zepto,Full-time,24,Secondary,46,Urban,Yes,2982,497,1,B,0.44
4482-2603-7750,Mamta Rajput,15-01-2024,21-01-2024,Zepto,Full-time,33,Secondary,58,Semi-urban,Always,2441,407,1,A,0.44
6414-6037-8077,Sanjay Nair,15-01-2024,21-01-2024,Zepto,Full-time,37,Primary,11,Urban,No,4098,683,1,D,0.44
2483-4676-5279,Dinesh Dey,15-01-2024,21-01-2024,Zepto,Full-time,21,Secondary,21,Semi-urban,Sometimes,3157,526,1,B,0.44
7804-3515-9206,Varun Rao,15-01-2024,21-01-2024,Zepto,Full-time,37,Primary,22,Semi-urban,Sometimes,2955,492,1,B,0.44
9797-8716-1961,Nikhil Rao,15-01-2024,21-01-2024,Zepto,Full-time,48,Secondary,8,Semi-urban,Always,3522,587,1,C,0.44
4462-9028-3672,Santosh Khan,15-01-2024,21-01-2024,Zepto,Part-time,34,Secondary,28,Semi-urban,Rarely,1398,233,1,A,0.44
1735-4310-3302,Mahesh Chauhan,15-01-2024,21-01-2024,Zepto,Full-time,29,Secondary,25,Semi-urban,Yes,3336,556,1,B,0.44
2551-6100-2942,Mamta Amin,15-01-2024,21-01-2024,Zepto,Full-time,23,Primary,7,Urban,Sometimes,2287,381,1,A,0.44
1348-9324-9910,Vimala Hegde,15-01-2024,21-01-2024,Zepto,Full-time,30,Primary,1,Semi-urban,Always,3451,575,1,C,0.44
6465-3300-6600,Harish Khan,15-01-2024,21-01-2024,Zepto,Full-time,20,Primary,30,Semi-urban,Sometimes,3753,626,1,C,0.44
9457-8502-3009,Mohit Siddiqui,15-01-2024,21-01-2024,Zepto,Full-time,28,Primary,27,Urban,Rarely,3572,595,1,C,0.44
2033-2074-2058,Yogesh Das,15-01-2024,21-01-2024,Zepto,Full-time,34,Secondary,32,Rural,Sometimes,3673,612,1,C,0.44
3746-6095-1214,Manoj Jain,15-01-2024,21-01-2024,Zepto,Part-time,46,Secondary,5,Urban,Rarely,1409,235,1,A,0.44
9455-6586-6436,Shyam Naik,15-01-2024,21-01-2024,Zepto,Full-time,27,Primary,50,Urban,Yes,2769,462,1,B,0.44
7351-8165-6845,Pradeep Islam,15-01-2024,21-01-2024,Zepto,Full-time,30,Secondary,48,Urban,Sometimes,3794,632,1,C,0.44
5009-4335-5100,Sarita Bhatt,15-01-2024,21-01-2024,Zepto,Full-time,22,Secondary,33,Rural,Sometimes,2865,478,1,B,0.44
6915-8928-2630,Pushpa Bose,15-01-2024,21-01-2024,Zepto,Full-time,27,Secondary,53,Urban,Always,2586,431,1,B,0.44
7406-5446-8105,Priya Yadav,15-01-2024,21-01-2024,Zepto,Full-time,26,Secondary,32,Urban,Sometimes,3289,548,1,B,0.44
4209-5506-9159,Naresh Nair,15-01-2024,21-01-2024,Zepto,Full-time,47,Secondary,56,Urban,Yes,2521,420,1,A,0.44
2239-6681-5708,Priya Desai,15-01-2024,21-01-2024,Zepto,Part-time,34,Primary,30,Urban,Sometimes,773,129,1,A,0.44
3326-6509-5579,Kapil Sharma,15-01-2024,21-01-2024,Zepto,Full-time,43,Secondary,52,Semi-urban,Sometimes,3211,535,1,B,0.44
2521-5112-5365,Neha Gupta,15-01-2024,21-01-2024,Zepto,Full-time,28,Secondary,7,Urban,Sometimes,4137,690,1,D,0.44
2033-2118-9585,Satish Roy,15-01-2024,21-01-2024,Zepto,Full-time,36,Primary,13,Rural,Sometimes,3653,609,1,C,0.44
8014-3404-1919,Asha Tiwari,15-01-2024,21-01-2024,Zepto,Full-time,19,Secondary,9,Urban,Sometimes,2740,457,1,B,0.44
9202-6749-6844,Pradeep Rajput,15-01-2024,21-01-2024,Blinkit,Full-time,24,Secondary,26,Rural,Yes,4036,673,1,D,0.4
5014-9165-3640,Priya Naidu,15-01-2024,21-01-2024,Blinkit,Full-time,21,Secondary,41,Urban,No,3295,549,1,B,0.4
7753-1486-7826,Anita Kumar,15-01-2024,21-01-2024,Blinkit,Part-time,41,Primary,33,Urban,Sometimes,1869,312,1,A,0.4
6180-9079-6426,Ravi Naik,15-01-2024,21-01-2024,Blinkit,Full-time,45,Primary,37,Urban,Yes,3988,665,1,C,0.4
8521-8512-7159,Arjun Bose,15-01-2024,21-01-2024,Blinkit,Part-time,31,Secondary,7,Urban,Always,972,162,1,A,0.4
8327-5663-4874,Harish Verma,15-01-2024,21-01-2024,Blinkit,Full-time,45,Primary,35,Rural,No,3273,546,1,B,0.4
7377-8689-9316,Rakesh Kamat,15-01-2024,21-01-2024,Blinkit,Full-time,43,Secondary,58,Urban,Sometimes,3699,616,1,C,0.4
2268-5463-1782,Anil Dey,15-01-2024,21-01-2024,Blinkit,Full-time,33,Primary,55,Urban,Yes,2842,474,1,B,0.4
4070-6532-2454,Divya Bhat,15-01-2024,21-01-2024,Blinkit,Full-time,45,Secondary,6,Urban,Sometimes,2354,392,1,A,0.4
5271-2109-5451,Pradeep Khan,15-01-2024,21-01-2024,Blinkit,Full-time,38,Secondary,20,Urban,Yes,2326,388,1,A,0.4
5297-6353-5050,Varun Sen,15-01-2024,21-01-2024,Blinkit,Full-time,36,Secondary,2,Urban,Yes,3880,647,1,C,0.4
9001-7801-8730,Ajay Mukherjee,15-01-2024,21-01-2024,Blinkit,Full-time,19,Secondary,46,Rural,Always,3618,603,1,C,0.4
4634-5063-8818,Ramesh Banerjee,15-01-2024,21-01-2024,Blinkit,Full-time,44,Primary,58,Urban,No,3304,551,1,B,0.4
4139-7446-7687,Varun Modi,15-01-2024,21-01-2024,Blinkit,Full-time,38,Secondary,3,Rural,No,3591,598,1,C,0.4
5373-2619-9934,Sunita Trivedi,15-01-2024,21-01-2024,Blinkit,Full-time,23,Secondary,49,Semi-urban,No,3157,526,1,B,0.4
1555-3163-5853,Lokesh Shenoy,15-01-2024,21-01-2024,Blinkit,Part-time,25,Secondary,55,Rural,No,1502,250,1,A,0.4
3047-2262-3071,Pradeep Hegde,15-01-2024,21-01-2024,Blinkit,Full-time,29,Primary,16,Semi-urban,No,4044,674,1,D,0.4
6417-1894-3945,Sunita Mehta,15-01-2024,21-01-2024,Blinkit,Full-time,42,Primary,21,Urban,Yes,3301,550,1,B,0.4
4822-8935-8605,Laxmi Patel,15-01-2024,21-01-2024,Blinkit,Part-time,21,Secondary,44,Urban,No,1912,319,1,A,0.4
6834-7745-4886,Kapil Bhat,15-01-2024,21-01-2024,Blinkit,Part-time,38,Primary,43,Urban,Sometimes,1435,239,1,A,0.4
6826-1871-7520,Mahesh Siddiqui,15-01-2024,21-01-2024,Blinkit,Part-time,28,Secondary,37,Semi-urban,Yes,1785,298,1,A,0.4
8757-2544-7734,Aarav Jain,15-01-2024,21-01-2024,Blinkit,Full-time,35,Secondary,11,Semi-urban,Yes,2825,471,1,B,0.4
3340-7756-3915,Vishal Gupta,15-01-2024,21-01-2024,Blinkit,Full-time,41,Secondary,43,Urban,Always,2956,493,1,B,0.4
6573-4718-6955,Divya Mishra,15-01-2024,21-01-2024,Blinkit,Full-time,45,Primary,29,Rural,Sometimes,4524,754,1,D,0.4
5370-6487-7772,Ramesh Sharma,15-01-2024,21-01-2024,Blinkit,Full-time,20,Primary,40,Rural,Rarely,3215,536,1,B,0.4
4118-4049-5677,Rekha Siddiqui,15-01-2024,21-01-2024,Blinkit,Full-time,30,Primary,33,Semi-urban,Rarely,3027,504,1,B,0.4
9959-7368-3780,Praveen Mukherjee,15-01-2024,21-01-2024,Blinkit,Full-time,37,Secondary,13,Urban,Yes,3365,561,1,B,0.4
2240-3139-8297,Meena Ansari,15-01-2024,21-01-2024,Blinkit,Part-time,25,Primary,22,Semi-urban,Sometimes,1071,178,1,A,0.4
3942-2789-4617,Tarun Dey,15-01-2024,21-01-2024,Blinkit,Full-time,45,Primary,44,Urban,Always,3999,666,1,C,0.4
4927-4748-6169,Suman Banerjee,15-01-2024,21-01-2024,Blinkit,Full-time,23,Secondary,52,Urban,Yes,4697,783,1,D,0.4
1862-8218-4480,Sanjay Amin,15-01-2024,21-01-2024,Blinkit,Full-time,36,Primary,58,Urban,Sometimes,4397,733,1,D,0.4
2111-8430-2288,Durga Naik,15-01-2024,21-01-2024,Blinkit,Full-time,38,Primary,14,Rural,Rarely,3936,656,1,C,0.4
6218-5384-6149,Sachin Trivedi,15-01-2024,21-01-2024,Blinkit,Full-time,44,Secondary,10,Rural,Yes,3342,557,1,B,0.4
7264-5239-1887,Neha Rao,15-01-2024,21-01-2024,Blinkit,Full-time,46,Primary,25,Urban,Yes,3499,583,1,C,0.4
4696-7598-4562,Sunita Naidu,15-01-2024,21-01-2024,Blinkit,Full-time,20,Primary,14,Semi-urban,Sometimes,4426,738,1,D,0.4
1322-5323-2045,Ganesh Ahmed,15-01-2024,21-01-2024,Blinkit,Full-time,35,Primary,2,Urban,Yes,2809,468,1,B,0.4
7831-2315-7694,Harish Mishra,15-01-2024,21-01-2024,Blinkit,Full-time,44,Secondary,21,Urban,Sometimes,4363,727,1,D,0.4
1915-5277-5334,Kavita Paul,15-01-2024,21-01-2024,Blinkit,Full-time,44,Primary,11,Urban,Yes,4746,791,1,D,0.4
2466-6952-4429,Sarita Hussain,15-01-2024,21-01-2024,Blinkit,Full-time,31,Primary,16,Semi-urban,Yes,2883,480,1,B,0.4
2890-3106-6044,Kapil Mehta,15-01-2024,21-01-2024,Blinkit,Part-time,37,Secondary,35,Semi-urban,Yes,2045,341,1,A,0.4
8862-1595-2899,Prakash Bhatt,15-01-2024,21-01-2024,Blinkit,Full-time,27,Secondary,28,Urban,Rarely,4107,684,1,D,0.4
1613-9232-2974,Ramesh Shaikh,15-01-2024,21-01-2024,Blinkit,Part-time,27,Primary,55,Urban,Sometimes,1432,239,1,A,0.4
3567-7571-4188,Usha Bhatt,15-01-2024,21-01-2024,Blinkit,Part-time,22,Secondary,30,Semi-urban,Yes,1782,297,1,A,0.4
3401-3729-9774,Padma Siddiqui,15-01-2024,21-01-2024,Blinkit,Full-time,46,Primary,18,Urban,Rarely,3660,610,1,C,0.4
6500-9493-8365,Usha Shetty,15-01-2024,21-01-2024,Blinkit,Full-time,30,Primary,16,Urban,Yes,3679,613,1,C,0.4
4872-7040-4666,Sunita Desai,15-01-2024,21-01-2024,Blinkit,Full-time,37,Primary,16,Semi-urban,No,3404,567,1,B,0.4
1484-7249-6499,Arjun Modi,15-01-2024,21-01-2024,Blinkit,Full-time,30,Primary,25,Urban,Yes,3624,604,1,C,0.4
8685-9699-4233,Ganesh Menon,15-01-2024,21-01-2024,Blinkit,Full-time,47,Secondary,22,Semi-urban,Always,2637,440,1,B,0.4
6547-5811-5618,Savita Joshi,15-01-2024,21-01-2024,Blinkit,Full-time,41,Primary,29,Semi-urban,Always,3950,658,1,C,0.4
3061-3355-7797,Manoj Bhatt,15-01-2024,21-01-2024,Blinkit,Full-time,37,Primary,58,Rural,Yes,3927,654,1,C,0.4
6326-9135-8321,Geeta Hegde,15-01-2024,21-01-2024,Porter,Full-time,42,Secondary,57,Urban,Rarely,4148,691,1,D,0.38
2070-9865-1623,Umesh Qureshi,15-01-2024,21-01-2024,Porter,Part-time,46,Primary,17,Rural,Sometimes,2421,404,1,A,0.38
4988-8107-5587,Priya Modi,15-01-2024,21-01-2024,Porter,Part-time,27,Primary,40,Rural,Rarely,1721,287,1,A,0.38
1146-2904-8391,Vimala Bhat,15-01-2024,21-01-2024,Porter,Part-time,43,Primary,41,Semi-urban,No,1250,208,1,A,0.38
1617-6704-7185,Sunita Pandey,15-01-2024,21-01-2024,Porter,Full-time,38,Secondary,4,Semi-urban,Yes,3401,567,1,B,0.38
9252-3759-3336,Ritesh Verma,15-01-2024,21-01-2024,Porter,Full-time,45,Secondary,28,Urban,No,4806,801,1,D,0.38
1799-2093-4593,Pooja Ghosh,15-01-2024,21-01-2024,Porter,Full-time,21,Secondary,32,Semi-urban,Yes,4576,763,1,D,0.38
2229-3941-9805,Sachin Agarwal,15-01-2024,21-01-2024,Porter,Full-time,25,Secondary,60,Rural,Always,3017,503,1,B,0.38
4575-5534-8473,Sarita Dave,15-01-2024,21-01-2024,Porter,Full-time,34,Secondary,44,Urban,Yes,2907,484,1,B,0.38
2382-5049-6367,Laxmi Qureshi,15-01-2024,21-01-2024,Porter,Full-time,43,Primary,57,Urban,Yes,4112,685,1,D,0.38
4300-7108-8649,Harish Yadav,15-01-2024,21-01-2024,Porter,Full-time,40,Secondary,53,Rural,Always,2357,393,1,A,0.38
5061-5940-3963,Vimala Yadav,15-01-2024,21-01-2024,Porter,Part-time,22,Primary,16,Urban,Rarely,1779,296,1,A,0.38
5942-9523-2599,Meena Rao,15-01-2024,21-01-2024,Porter,Full-time,48,Primary,23,Urban,Sometimes,2930,488,1,B,0.38
4899-3975-5662,Lokesh Bose,15-01-2024,21-01-2024,Porter,Full-time,44,Secondary,54,Rural,Yes,3912,652,1,C,0.38
4479-1551-3816,Pushpa Gowda,15-01-2024,21-01-2024,Porter,Full-time,42,Secondary,15,Semi-urban,Yes,4108,685,1,D,0.38
5624-4228-8500,Rajesh Poojary,15-01-2024,21-01-2024,Porter,Full-time,26,Secondary,56,Urban,Sometimes,3854,642,1,C,0.38
3161-2751-4469,Sumit Iyer,15-01-2024,21-01-2024,Porter,Full-time,23,Primary,15,Urban,Always,3753,626,1,C,0.38
8988-9671-4407,Satish Joshi,15-01-2024,21-01-2024,Porter,Full-time,28,Secondary,2,Semi-urban,No,4034,672,1,C,0.38
9404-3993-1691,Tarun Bose,15-01-2024,21-01-2024,Porter,Full-time,48,Primary,31,Semi-urban,No,4534,756,1,D,0.38
4080-1727-1034,Santosh Modi,15-01-2024,21-01-2024,Porter,Full-time,48,Secondary,24,Semi-urban,No,4160,693,1,D,0.38
9977-6212-4855,Prakash Gupta,15-01-2024,21-01-2024,Porter,Full-time,34,Primary,23,Rural,No,2710,452,1,B,0.38
7775-7053-9446,Mahesh Kamat,15-01-2024,21-01-2024,Porter,Full-time,37,Secondary,13,Urban,No,3255,542,1,B,0.38
4691-4127-5162,Manju Gupta,15-01-2024,21-01-2024,Porter,Full-time,29,Primary,8,Urban,Yes,3569,595,1,C,0.38
2956-8564-4689,Divya Bose,15-01-2024,21-01-2024,Porter,Full-time,40,Secondary,9,Urban,Yes,5052,842,1,D,0.38
5980-1632-8862,Vimala Pandey,15-01-2024,21-01-2024,Porter,Part-time,20,Secondary,39,Urban,Sometimes,1275,212,1,A,0.38
7333-9835-7270,Bharat Das,15-01-2024,21-01-2024,Porter,Full-time,41,Primary,40,Rural,Yes,3347,558,1,B,0.38
7750-1012-3323,Kavita Malik,15-01-2024,21-01-2024,Porter,Full-time,35,Secondary,40,Urban,No,3251,542,1,B,0.38
9875-4589-5207,Ritesh Dave,15-01-2024,21-01-2024,Porter,Full-time,48,Secondary,8,Rural,No,2775,462,1,B,0.38
3621-5963-5898,Lalit Shenoy,15-01-2024,21-01-2024,Porter,Full-time,30,Secondary,15,Urban,Always,3012,502,1,B,0.38
7832-6167-2215,Rekha Gupta,15-01-2024,21-01-2024,Porter,Full-time,38,Secondary,18,Semi-urban,No,3837,640,1,C,0.38
7730-2202-5691,Praveen Chauhan,15-01-2024,21-01-2024,Porter,Part-time,22,Secondary,9,Urban,Sometimes,2165,361,1,A,0.38
5022-3638-9422,Naresh Yadav,15-01-2024,21-01-2024,Porter,Part-time,42,Primary,1,Rural,Sometimes,1406,234,1,A,0.38
2118-7729-3810,Rakesh Bhatt,15-01-2024,21-01-2024,Porter,Full-time,45,Primary,8,Semi-urban,Yes,3134,522,1,B,0.38
6505-9684-9306,Meena Sharma,15-01-2024,21-01-2024,Porter,Full-time,38,Secondary,5,Urban,Sometimes,2226,371,1,A,0.38
8344-6419-3058,Bharat Dey,15-01-2024,21-01-2024,Porter,Full-time,22,Secondary,28,Urban,Yes,2653,442,1,B,0.38
8755-1169-5596,Nikhil Qureshi,15-01-2024,21-01-2024,Porter,Full-time,39,Secondary,4,Rural,Always,4563,760,1,D,0.38
7056-7523-1176,Sumit Dave,15-01-2024,21-01-2024,Porter,Full-time,31,Secondary,42,Semi-urban,Yes,2452,409,1,A,0.38
8132-7925-5463,Ritesh Yadav,15-01-2024,21-01-2024,Porter,Full-time,38,Primary,27,Urban,Always,4680,780,1,D,0.38
5822-9364-5125,Aarav Dey,15-01-2024,21-01-2024,Porter,Full-time,23,Secondary,41,Urban,Sometimes,4225,704,1,D,0.38
9265-8584-6075,Seema Parekh,15-01-2024,21-01-2024,Porter,Full-time,41,Primary,48,Semi-urban,Yes,5369,895,1,D,0.38
2607-1089-4413,Sarita Chatterjee,15-01-2024,21-01-2024,Shadowfax,Full-time,41,Secondary,57,Rural,Always,4512,752,1,D,0.33
2878-3901-7066,Anita Das,15-01-2024,21-01-2024,Shadowfax,Full-time,30,Primary,51,Semi-urban,Yes,3026,504,1,B,0.33
9630-7258-4744,Ramesh Bhatt,15-01-2024,21-01-2024,Shadowfax,Part-time,34,Primary,53,Urban,Yes,583,97,1,A,0.33
9580-8699-5763,Suresh Gowda,15-01-2024,21-01-2024,Shadowfax,Part-time,38,Secondary,30,Semi-urban,Yes,981,164,1,A,0.33
4058-6841-8721,Harish Trivedi,15-01-2024,21-01-2024,Shadowfax,Full-time,37,Secondary,30,Semi-urban,Sometimes,3242,540,1,B,0.33
3629-6720-4784,Shyam Ansari,15-01-2024,21-01-2024,Shadowfax,Full-time,40,Secondary,38,Rural,No,4097,683,1,D,0.33
7768-5261-1697,Pradeep Qureshi,15-01-2024,21-01-2024,Shadowfax,Full-time,28,Primary,21,Urban,Sometimes,4544,757,1,D,0.33
8788-5209-4660,Laxmi Siddiqui,15-01-2024,21-01-2024,Shadowfax,Part-time,41,Primary,19,Urban,Sometimes,1240,207,1,A,0.33
9736-4560-2907,Naresh Sen,15-01-2024,21-01-2024,Shadowfax,Part-time,22,Secondary,1,Urban,Always,1943,324,1,A,0.33
1968-3875-9262,Ritu Verma,15-01-2024,21-01-2024,Shadowfax,Full-time,20,Secondary,17,Rural,Always,3470,578,1,C,0.33
3102-8397-8216,Pooja Shaikh,15-01-2024,21-01-2024,Shadowfax,Full-time,44,Secondary,28,Semi-urban,Rarely,3694,616,1,C,0.33
1380-6424-7833,Dinesh Bhat,15-01-2024,21-01-2024,Shadowfax,Part-time,37,Primary,42,Urban,No,1686,281,1,A,0.33
8337-3768-6140,Priya Das,15-01-2024,21-01-2024,Shadowfax,Part-time,33,Secondary,38,Urban,Rarely,1201,200,1,A,0.33
8269-1104-6188,Sunita Agarwal,15-01-2024,21-01-2024,Shadowfax,Full-time,32,Secondary,15,Semi-urban,Always,3947,658,1,C,0.33
8020-2921-2114,Lalita Das,15-01-2024,21-01-2024,Shadowfax,Full-time,38,Primary,44,Rural,No,3344,557,1,B,0.33
9350-8578-1054,Anil Qureshi,15-01-2024,21-01-2024,Shadowfax,Full-time,37,Primary,6,Urban,Yes,3226,538,1,B,0.33
4228-8521-1010,Praveen Kamat,15-01-2024,21-01-2024,Shadowfax,Full-time,19,Secondary,3,Urban,Yes,2197,366,1,A,0.33
5992-2170-3781,Umesh Jain,15-01-2024,21-01-2024,Shadowfax,Full-time,43,Primary,2,Urban,No,3235,539,1,B,0.33
9314-1649-6154,Sunita Sen,15-01-2024,21-01-2024,Shadowfax,Full-time,21,Secondary,11,Semi-urban,No,2558,426,1,B,0.33
3896-9225-1083,Suman Bhat,15-01-2024,21-01-2024,Shadowfax,Full-time,30,Secondary,44,Rural,Yes,4687,781,1,D,0.33
4447-8609-7975,Arun Reddy,15-01-2024,21-01-2024,Shadowfax,Full-time,22,Primary,38,Urban,Yes,3930,655,1,C,0.33
3867-4050-2614,Sunil Reddy,15-01-2024,21-01-2024,Shadowfax,Full-time,32,Secondary,38,Urban,Sometimes,2494,416,1,A,0.33
5298-6973-6743,Aarav Naidu,15-01-2024,21-01-2024,Shadowfax,Full-time,40,Secondary,10,Urban,No,4734,789,1,D,0.33
9727-8688-7973,Kapil Jain,15-01-2024,21-01-2024,Shadowfax,Full-time,24,Secondary,21,Semi-urban,Always,3722,620,1,C,0.33
4953-7882-7764,Sunita Ahmed,15-01-2024,21-01-2024,Shadowfax,Full-time,44,Primary,1,Urban,Always,2808,468,1,B,0.33
7421-2430-3385,Vishal Agarwal,15-01-2024,21-01-2024,Shadowfax,Full-time,23,Secondary,8,Semi-urban,Sometimes,3634,606,1,C,0.33
7267-5650-7034,Sarita Paul,15-01-2024,21-01-2024,Shadowfax,Part-time,46,Primary,6,Urban,Yes,1491,248,1,A,0.33
8226-3217-7206,Santosh Sen,15-01-2024,21-01-2024,Shadowfax,Full-time,47,Primary,22,Urban,Always,3222,537,1,B,0.33
6542-5439-2604,Naveen Gupta,15-01-2024,21-01-2024,Shadowfax,Full-time,36,Primary,51,Urban,Yes,3855,642,1,C,0.33
3292-5967-3586,Arun Mukherjee,15-01-2024,21-01-2024,Shadowfax,Full-time,41,Primary,31,Urban,Yes,4241,707,1,D,0.33
2892-7057-9673,Radha Kumar,15-01-2024,21-01-2024,Shadowfax,Full-time,21,Secondary,52,Semi-urban,No,3766,628,1,C,0.33
9567-9290-6285,Mukesh Naidu,15-01-2024,21-01-2024,Shadowfax,Full-time,23,Primary,28,Semi-urban,Sometimes,3771,628,1,C,0.33
6092-5153-1696,Mukesh Mehta,15-01-2024,21-01-2024,Shadowfax,Full-time,31,Secondary,30,Urban,Rarely,3164,527,1,B,0.33
1422-6542-6146,Mahesh Trivedi,15-01-2024,21-01-2024,Shadowfax,Full-time,48,Secondary,23,Urban,Yes,3344,557,1,B,0.33
5900-8868-7961,Kamla Menon,15-01-2024,21-01-2024,Shadowfax,Part-time,46,Primary,5,Urban,Always,1915,319,1,A,0.33
2895-2004-3220,Praveen Roy,15-01-2024,21-01-2024,Shadowfax,Full-time,41,Secondary,3,Urban,No,2830,472,1,B,0.33
8768-2792-9432,Nisha Shetty,15-01-2024,21-01-2024,Shadowfax,Full-time,34,Primary,47,Urban,Always,3260,543,1,B,0.33
2754-5801-8725,Radha Chatterjee,15-01-2024,21-01-2024,Shadowfax,Full-time,26,Primary,36,Semi-urban,Sometimes,2838,473,1,B,0.33
5950-7600-8162,Vinod Yadav,15-01-2024,21-01-2024,Shadowfax,Full-time,37,Primary,41,Urban,No,2769,462,1,B,0.33
4472-3746-2545,Nilesh Mehta,15-01-2024,21-01-2024,Shadowfax,Full-time,33,Primary,36,Rural,Yes,3573,596,1,C,0.33
2640-1363-8065,Vinod Singh,22-01-2024,28-01-2024,Amazon,Full-time,32,Secondary,47,Urban,Sometimes,4465,744,1,D,0.27
6217-9921-2907,Santosh Verma,22-01-2024,28-01-2024,Amazon,Full-time,22,Secondary,17,Urban,Rarely,3873,646,1,C,0.27
7349-3472-7936,Rahul Sharma,22-01-2024,28-01-2024,Amazon,Full-time,38,Secondary,46,Urban,Always,4609,768,1,D,0.27
4112-3965-6397,Arun Patel,22-01-2024,28-01-2024,Amazon,Full-time,40,Secondary,37,Semi-urban,Yes,5290,882,1,D,0.27
2396-3088-2429,Nikhil Banerjee,22-01-2024,28-01-2024,Amazon,Full-time,28,Primary,54,Semi-urban,Yes,3881,647,1,C,0.27
4963-7821-7884,Bharat Bhat,22-01-2024,28-01-2024,Amazon,Full-time,25,Primary,57,Urban,No,3815,636,1,C,0.27
4232-5218-7253,Shanti Trivedi,22-01-2024,28-01-2024,Amazon,Full-time,24,Primary,46,Urban,No,4673,779,1,D,0.27
2746-6763-3672,Sarita Dey,22-01-2024,28-01-2024,Amazon,Full-time,28,Primary,51,Urban,Yes,4774,796,1,D,0.27
1230-1892-1086,Arun Sen,22-01-2024,28-01-2024,Amazon,Full-time,29,Secondary,56,Urban,No,4256,709,1,D,0.27
4387-6738-2811,Seema Sen,22-01-2024,28-01-2024,Amazon,Full-time,29,Primary,4,Rural,Yes,4834,806,1,D,0.27
9265-4321-1594,Girish Rao,22-01-2024,28-01-2024,Amazon,Full-time,38,Secondary,53,Urban,No,5192,865,1,D,0.27
3496-4426-1355,Rakesh Shaikh,22-01-2024,28-01-2024,Amazon,Full-time,45,Primary,5,Urban,Sometimes,3778,630,1,C,0.27
9969-4113-2677,Bharat Naik,22-01-2024,28-01-2024,Amazon,Part-time,39,Primary,49,Urban,Always,2335,389,1,A,0.27
8660-5353-2598,Ajay Kumar,22-01-2024,28-01-2024,Amazon,Full-time,41,Secondary,24,Urban,Sometimes,4108,685,1,D,0.27
3391-4834-2854,Sunil Kumar,22-01-2024,28-01-2024,Amazon,Part-time,39,Primary,45,Urban,Rarely,1157,193,1,A,0.27
6918-6429-4550,Kiran Verma,22-01-2024,28-01-2024,Amazon,Full-time,21,Primary,42,Urban,Yes,3667,611,1,C,0.27
5779-5313-9445,Kavita Nair,22-01-2024,28-01-2024,Amazon,Full-time,36,Secondary,6,Urban,Rarely,3608,601,1,C,0.27
6010-8812-6995,Nisha Malik,22-01-2024,28-01-2024,Amazon,Full-time,28,Primary,4,Urban,Sometimes,4817,803,1,D,0.27
1628-1185-5009,Mahesh Shenoy,22-01-2024,28-01-2024,Amazon,Full-time,22,Secondary,31,Semi-urban,Yes,4219,703,1,D,0.27
1621-9807-5954,Rohit Shetty,22-01-2024,28-01-2024,Amazon,Full-time,22,Secondary,29,Urban,Sometimes,3150,525,1,B,0.27
7558-2428-2814,Suman Reddy,22-01-2024,28-01-2024,Amazon,Part-time,34,Secondary,53,Semi-urban,Sometimes,825,138,1,A,0.27
1688-6901-4145,Vinod Shaikh,22-01-2024,28-01-2024,Amazon,Full-time,43,Secondary,29,Urban,Sometimes,4040,673,1,C,0.27
4414-1094-1798,Bharat Shaikh,22-01-2024,28-01-2024,Amazon,Part-time,36,Primary,24,Semi-urban,Rarely,1692,282,1,A,0.27
2987-8989-5637,Asha Ahmed,22-01-2024,28-01-2024,Amazon,Full-time,37,Primary,37,Semi-urban,Always,3917,653,1,C,0.27
9046-6192-5651,Nikhil Hegde,22-01-2024,28-01-2024,Amazon,Full-time,23,Primary,50,Urban,Sometimes,4638,773,1,D,0.27
5860-2403-4817,Lalit Tiwari,22-01-2024,28-01-2024,Amazon,Part-time,37,Primary,30,Semi-urban,No,1069,178,1,A,0.27
7800-1547-6954,Ajay Mishra,22-01-2024,28-01-2024,Amazon,Part-time,41,Secondary,2,Urban,Always,2442,407,1,A,0.27
2738-7941-6804,Lalita Sharma,22-01-2024,28-01-2024,Amazon,Full-time,19,Primary,38,Rural,Always,2029,338,1,A,0.27
3256-5540-4851,Shanti Yadav,22-01-2024,28-01-2024,Amazon,Full-time,25,Secondary,12,Urban,Always,4748,791,1,D,0.27
7140-7812-4750,Ganesh Jain,22-01-2024,28-01-2024,Amazon,Full-time,19,Primary,45,Semi-urban,Sometimes,3929,655,1,C,0.27
5573-3048-3614,Neha Trivedi,22-01-2024,28-01-2024,Amazon,Full-time,41,Secondary,6,Rural,Yes,3976,663,1,C,0.27
2206-8886-3158,Bharat Hegde,22-01-2024,28-01-2024,Amazon,Part-time,20,Primary,51,Semi-urban,Sometimes,833,139,1,A,0.27
4979-6633-5580,Amit Singh,22-01-2024,28-01-2024,Amazon,Part-time,19,Secondary,5,Urban,Sometimes,1272,212,1,A,0.27
6224-4837-3146,Varun Bhatt,22-01-2024,28-01-2024,Amazon,Full-time,33,Secondary,6,Urban,Always,4712,785,1,D,0.27
9548-4920-3613,Sita Hegde,22-01-2024,28-01-2024,Amazon,Full-time,22,Primary,23,Rural,No,3872,645,1,C,0.27
5511-3905-9262,Pushpa Rao,22-01-2024,28-01-2024,Amazon,Full-time,21,Secondary,20,Semi-urban,Yes,4349,725,1,D,0.27
4394-6808-6099,Vimala Shah,22-01-2024,28-01-2024,Amazon,Full-time,40,Secondary,21,Semi-urban,Yes,4062,677,1,D,0.27
4831-4995-7037,Sita Parekh,22-01-2024,28-01-2024,Amazon,Full-time,31,Primary,16,Rural,Always,5409,902,1,D,0.27
1269-6334-3728,Ravi Singh,22-01-2024,28-01-2024,Amazon,Part-time,30,Primary,33,Urban,Always,2131,355,1,A,0.27
3337-7610-1012,Anita Jain,22-01-2024,28-01-2024,Amazon,Full-time,44,Secondary,37,Semi-urban,Sometimes,5280,880,1,D,0.27
4940-1805-6603,Sarita Ali,22-01-2024,28-01-2024,Amazon,Full-time,19,Secondary,54,Semi-urban,Sometimes,4003,667,1,C,0.27
8560-9896-2115,Sumit Kumar,22-01-2024,28-01-2024,Amazon,Full-time,46,Secondary,43,Semi-urban,No,5594,932,1,D,0.27
5451-5314-8283,Kamla Gowda,22-01-2024,28-01-2024,Amazon,Full-time,35,Secondary,42,Urban,Yes,4969,828,1,D,0.27
1380-5070-5438,Ritesh Patel,22-01-2024,28-01-2024,Amazon,Full-time,41,Secondary,9,Urban,Yes,4384,731,1,D,0.27
4609-9133-4819,Amit Mishra,22-01-2024,28-01-2024,Amazon,Part-time,24,Secondary,16,Urban,Sometimes,1018,170,1,A,0.27
3459-1579-8738,Tarun Naidu,22-01-2024,28-01-2024,Amazon,Full-time,33,Secondary,43,Rural,Sometimes,5128,855,1,D,0.27
7329-6865-6886,Harish Kumar,22-01-2024,28-01-2024,Amazon,Part-time,25,Secondary,36,Urban,Yes,1227,204,1,A,0.27
6936-2496-9328,Sunil Bhat,22-01-2024,28-01-2024,Amazon,Part-time,32,Secondary,21,Rural,No,484,81,1,A,0.27
6595-2186-8035,Ramesh Paul,22-01-2024,28-01-2024,Amazon,Full-time,27,Primary,32,Semi-urban,Always,4353,726,1,D,0.27
1364-5726-7613,Dinesh Shah,22-01-2024,28-01-2024,Amazon,Full-time,47,Secondary,47,Urban,Always,4539,756,1,D,0.27
4231-2372-4282,Varun Shah,22-01-2024,28-01-2024,Amazon,Part-time,39,Secondary,25,Urban,Sometimes,1373,229,1,A,0.27
1639-9454-1738,Padma Bose,22-01-2024,28-01-2024,Amazon,Full-time,48,Primary,5,Urban,No,4924,821,1,D,0.27
1365-1216-3667,Ravi Gupta,22-01-2024,28-01-2024,Amazon,Full-time,33,Secondary,52,Urban,Yes,4469,745,1,D,0.27
9585-7551-1282,Sita Chauhan,22-01-2024,28-01-2024,Amazon,Full-time,45,Secondary,34,Urban,Yes,4047,674,1,C,0.27
2440-9742-5006,Lalit Hegde,22-01-2024,28-01-2024,Amazon,Full-time,40,Primary,16,Rural,Yes,3755,626,1,C,0.27
8119-5398-8401,Deepak Amin,22-01-2024,28-01-2024,Amazon,Full-time,33,Primary,30,Urban,No,4097,683,1,D,0.27
9536-5487-9929,Ramesh Jain,22-01-2024,28-01-2024,Amazon,Full-time,32,Secondary,56,Urban,Yes,5154,859,1,D,0.27
9275-1761-4737,Lalita Bose,22-01-2024,28-01-2024,Amazon,Full-time,38,Primary,28,Semi-urban,Always,4384,731,1,D,0.27
3473-5694-9734,Sanjay Hegde,22-01-2024,28-01-2024,Amazon,Full-time,46,Secondary,25,Rural,No,4949,825,1,D,0.27
8538-5651-3019,Usha Qureshi,22-01-2024,28-01-2024,Amazon,Full-time,29,Primary,52,Urban,No,4772,795,1,D,0.27
5851-9238-5792,Deepak Iyer,22-01-2024,28-01-2024,Amazon,Full-time,25,Secondary,35,Urban,Yes,4356,726,1,D,0.27
1995-4204-5323,Yogesh Rajput,22-01-2024,28-01-2024,Amazon,Full-time,46,Primary,49,Semi-urban,No,3435,572,1,B,0.27
9066-5812-5044,Neha Malik,22-01-2024,28-01-2024,Amazon,Full-time,44,Secondary,29,Semi-urban,Always,4319,720,1,D,0.27
8466-1900-4700,Kavita Shenoy,22-01-2024,28-01-2024,Amazon,Full-time,24,Primary,1,Semi-urban,No,4349,725,1,D,0.27
2676-1661-7233,Kamla Ansari,22-01-2024,28-01-2024,Amazon,Full-time,42,Primary,60,Semi-urban,Yes,3886,648,1,C,0.27
9729-5078-9709,Shanti Pandey,22-01-2024,28-01-2024,Amazon,Full-time,22,Secondary,28,Urban,Sometimes,3795,632,1,C,0.27
9735-7101-8282,Deepak Naik,22-01-2024,28-01-2024,Amazon,Full-time,36,Primary,55,Semi-urban,Sometimes,5522,920,1,D,0.27
3378-9204-6948,Arun Das,22-01-2024,28-01-2024,Amazon,Full-time,47,Primary,41,Urban,Sometimes,5339,890,1,D,0.27
5550-7560-6627,Ritu Ahmed,22-01-2024,28-01-2024,Amazon,Full-time,37,Primary,59,Semi-urban,Sometimes,3852,642,1,C,0.27
4864-3874-7119,Divya Chatterjee,22-01-2024,28-01-2024,Amazon,Full-time,38,Primary,32,Rural,Always,3790,632,1,C,0.27
8031-8567-1256,Sanjay Ghosh,22-01-2024,28-01-2024,Ekart,Part-time,45,Secondary,60,Semi-urban,No,1028,171,1,A,0.31
7934-9201-3568,Satish Modi,22-01-2024,28-01-2024,Ekart,Full-time,33,Secondary,22,Semi-urban,Yes,4490,748,1,D,0.31
9840-7391-1437,Yogesh Kumar,22-01-2024,28-01-2024,Ekart,Full-time,26,Secondary,32,Semi-urban,No,3062,510,1,B,0.31
7001-5659-2958,Amit Mehta,22-01-2024,28-01-2024,Ekart,Full-time,36,Primary,41,Semi-urban,Yes,4416,736,1,D,0.31
9007-1153-6548,Shyam Parekh,22-01-2024,28-01-2024,Ekart,Full-time,24,Secondary,44,Semi-urban,No,3598,600,1,C,0.31
9232-9765-9480,Vinod Shah,22-01-2024,28-01-2024,Ekart,Full-time,40,Secondary,31,Urban,Yes,4780,797,1,D,0.31
7075-6470-5726,Prakash Khan,22-01-2024,28-01-2024,Ekart,Full-time,26,Secondary,11,Rural,Always,5034,839,1,D,0.31
4647-4190-4886,Sachin Patel,22-01-2024,28-01-2024,Ekart,Full-time,23,Secondary,60,Urban,No,4574,762,1,D,0.31
8832-1295-6372,Geeta Rajput,22-01-2024,28-01-2024,Ekart,Part-time,41,Secondary,4,Urban,Yes,1352,225,1,A,0.31
9459-3589-3492,Naresh Naidu,22-01-2024,28-01-2024,Ekart,Part-time,26,Secondary,54,Semi-urban,No,2013,336,1,A,0.31
5123-7434-5080,Tarun Amin,22-01-2024,28-01-2024,Ekart,Full-time,44,Primary,4,Urban,Always,3813,636,1,C,0.31
9998-1196-2904,Prakash Ahmed,22-01-2024,28-01-2024,Ekart,Full-time,27,Secondary,18,Semi-urban,Sometimes,5013,836,1,D,0.31
2768-8501-8984,Praveen Banerjee,22-01-2024,28-01-2024,Ekart,Full-time,43,Secondary,2,Rural,Sometimes,3771,628,1,C,0.31
2599-6664-4192,Pradeep Shah,22-01-2024,28-01-2024,Ekart,Full-time,22,Primary,15,Semi-urban,Always,3799,633,1,C,0.31
1502-7401-9940,Ravi Patel,22-01-2024,28-01-2024,Ekart,Full-time,24,Primary,39,Semi-urban,Sometimes,2857,476,1,B,0.31
7668-7974-4742,Sita Islam,22-01-2024,28-01-2024,Ekart,Full-time,40,Secondary,5,Rural,Yes,4230,705,1,D,0.31
2648-8281-8986,Shanti Rao,22-01-2024,28-01-2024,Ekart,Full-time,25,Secondary,43,Urban,Rarely,3416,569,1,B,0.31
9157-3668-4315,Mamta Iyer,22-01-2024,28-01-2024,Ekart,Full-time,46,Secondary,33,Urban,Always,3302,550,1,B,0.31
8573-6512-1728,Padma Thakur,22-01-2024,28-01-2024,Ekart,Full-time,43,Secondary,46,Semi-urban,Yes,4449,742,1,D,0.31
6804-8724-6821,Mamta Paul,22-01-2024,28-01-2024,Ekart,Part-time,30,Secondary,23,Semi-urban,Always,1806,301,1,A,0.31
1455-5435-7016,Rajesh Hegde,22-01-2024,28-01-2024,Ekart,Full-time,39,Secondary,37,Urban,Yes,4678,780,1,D,0.31
9023-1820-1936,Rajesh Shah,22-01-2024,28-01-2024,Ekart,Full-time,30,Secondary,16,Semi-urban,No,3493,582,1,C,0.31
9112-3293-1037,Vimala Chatterjee,22-01-2024,28-01-2024,Ekart,Full-time,24,Secondary,22,Semi-urban,Yes,4402,734,1,D,0.31
3500-9794-9532,Asha Khan,22-01-2024,28-01-2024,Ekart,Full-time,38,Primary,35,Urban,Sometimes,3542,590,1,C,0.31
7911-2412-1499,Vishal Bhat,22-01-2024,28-01-2024,Ekart,Full-time,46,Primary,1,Urban,Yes,3978,663,1,C,0.31
5458-2600-8079,Aarav Ahmed,22-01-2024,28-01-2024,Ekart,Part-time,44,Secondary,14,Rural,Sometimes,1905,318,1,A,0.31
2609-2674-1106,Anil Sharma,22-01-2024,28-01-2024,Ekart,Full-time,32,Secondary,59,Semi-urban,Yes,3701,617,1,C,0.31
8312-9891-3626,Vimala Modi,22-01-2024,28-01-2024,Ekart,Full-time,22,Primary,24,Semi-urban,Sometimes,4128,688,1,D,0.31
4346-3791-1321,Rohit Siddiqui,22-01-2024,28-01-2024,Ekart,Full-time,26,Primary,37,Urban,Always,4578,763,1,D,0.31
5196-4344-8856,Asha Modi,22-01-2024,28-01-2024,Ekart,Part-time,23,Secondary,26,Urban,Sometimes,824,137,1,A,0.31
6495-6067-6597,Naveen Ansari,22-01-2024,28-01-2024,Ekart,Full-time,37,Primary,46,Urban,Rarely,4168,695,1,D,0.31
5470-2093-5454,Usha Rajput,22-01-2024,28-01-2024,Ekart,Full-time,26,Primary,20,Urban,No,3797,633,1,C,0.31
5023-2669-6392,Tarun Modi,22-01-2024,28-01-2024,Ekart,Part-time,44,Secondary,50,Urban,No,1851,308,1,A,0.31
5636-9843-4026,Dinesh Naidu,22-01-2024,28-01-2024,Ekart,Full-time,40,Secondary,7,Urban,Sometimes,4227,704,1,D,0.31
2669-7347-6948,Nilesh Ansari,22-01-2024,28-01-2024,Ekart,Full-time,24,Primary,58,Rural,Sometimes,4592,765,1,D,0.31
2256-9496-1522,Nikhil Pillai,22-01-2024,28-01-2024,Ekart,Full-time,48,Primary,59,Urban,No,4036,673,1,C,0.31
1123-4845-3631,Vijay Modi,22-01-2024,28-01-2024,Ekart,Full-time,41,Primary,7,Semi-urban,Sometimes,4646,774,1,D,0.31
9742-4652-9363,Radha Shaikh,22-01-2024,28-01-2024,Ekart,Full-time,31,Primary,22,Rural,Yes,4857,810,1,D,0.31
6542-9149-1032,Sarita Yadav,22-01-2024,28-01-2024,Ekart,Full-time,41,Secondary,4,Rural,Yes,3786,631,1,C,0.31
3324-7953-1844,Vijay Sharma,22-01-2024,28-01-2024,Ekart,Full-time,25,Secondary,1,Urban,Yes,3539,590,1,C,0.31
6048-4906-2910,Sarita Modi,22-01-2024,28-01-2024,Ekart,Full-time,28,Secondary,58,Urban,No,3566,594,1,C,0.31
9894-9893-6612,Nilesh Shenoy,22-01-2024,28-01-2024,Ekart,Full-time,39,Secondary,34,Urban,No,4152,692,1,D,0.31
3807-7792-5341,Rohit Khan,22-01-2024,28-01-2024,Ekart,Full-time,43,Primary,50,Urban,Yes,4009,668,1,C,0.31
7699-7037-7589,Meena Gupta,22-01-2024,28-01-2024,Ekart,Full-time,22,Secondary,29,Urban,Yes,3377,563,1,B,0.31
4001-7245-3685,Savita Bhatt,22-01-2024,28-01-2024,Ekart,Part-time,34,Primary,47,Urban,Rarely,1757,293,1,A,0.31
5680-3005-5418,Sachin Das,22-01-2024,28-01-2024,Ekart,Full-time,20,Secondary,28,Rural,No,4596,766,1,D,0.31
1837-1339-6538,Mahesh Malik,22-01-2024,28-01-2024,Ekart,Full-time,39,Primary,6,Semi-urban,Always,4236,706,1,D,0.31
5558-9721-7990,Mamta Sen,22-01-2024,28-01-2024,Ekart,Full-time,21,Primary,1,Urban,Sometimes,3506,584,1,C,0.31
3760-1701-2126,Vinod Hussain,22-01-2024,28-01-2024,Ekart,Full-time,22,Primary,34,Semi-urban,Sometimes,4179,696,1,D,0.31
1512-9860-3209,Umesh Amin,22-01-2024,28-01-2024,Ekart,Full-time,20,Primary,24,Rural,Sometimes,4008,668,1,C,0.31
2927-5069-5480,Usha Siddiqui,22-01-2024,28-01-2024,Ekart,Part-time,31,Primary,40,Semi-urban,No,338,56,1,A,0.31
3667-7876-6594,Naresh Bhat,22-01-2024,28-01-2024,Ekart,Part-time,24,Primary,35,Rural,Sometimes,1575,262,1,A,0.31
7125-2311-2980,Manoj Reddy,22-01-2024,28-01-2024,Ekart,Full-time,39,Secondary,22,Semi-urban,Rarely,4066,678,1,D,0.31
4277-5990-6396,Varun Gupta,22-01-2024,28-01-2024,Ekart,Full-time,32,Secondary,59,Semi-urban,Sometimes,2769,462,1,B,0.31
6196-3764-4181,Ganesh Kumar,22-01-2024,28-01-2024,Ekart,Full-time,47,Secondary,7,Urban,No,2700,450,1,B,0.31
6808-5031-5191,Manoj Siddiqui,22-01-2024,28-01-2024,Ekart,Part-time,28,Primary,9,Semi-urban,Sometimes,515,86,1,A,0.31
2906-1935-9229,Dinesh Chatterjee,22-01-2024,28-01-2024,Ekart,Full-time,40,Primary,60,Semi-urban,Yes,4632,772,1,D,0.31
5134-6438-5831,Rahul Pandey,22-01-2024,28-01-2024,Ekart,Full-time,21,Primary,2,Urban,Yes,3822,637,1,C,0.31
2166-1879-8599,Dinesh Modi,22-01-2024,28-01-2024,Ekart,Full-time,32,Secondary,33,Urban,No,3810,635,1,C,0.31
5400-6850-2940,Laxmi Tiwari,22-01-2024,28-01-2024,Ekart,Full-time,22,Secondary,17,Urban,Sometimes,2668,445,1,B,0.31
5612-8502-8582,Shanti Naidu,22-01-2024,28-01-2024,Delhivery,Full-time,20,Primary,42,Urban,Sometimes,4374,729,1,D,0.36
1099-3113-2449,Anita Bhatt,22-01-2024,28-01-2024,Delhivery,Full-time,34,Primary,15,Semi-urban,Sometimes,2997,500,1,B,0.36
5987-3835-6925,Satish Thakur,22-01-2024,28-01-2024,Delhivery,Full-time,32,Secondary,34,Rural,Yes,2498,416,1,B,0.36
7430-9674-5855,Bharat Banerjee,22-01-2024,28-01-2024,Delhivery,Full-time,37,Secondary,43,Urban,No,4429,738,1,D,0.36
4644-7327-8179,Anita Paul,22-01-2024,28-01-2024,Delhivery,Full-time,33,Secondary,12,Semi-urban,Yes,4222,704,1,D,0.36
1862-9944-7412,Durga Bhatt,22-01-2024,28-01-2024,Delhivery,Full-time,47,Secondary,50,Semi-urban,Sometimes,4185,698,1,D,0.36
1981-3769-1663,Vishal Shetty,22-01-2024,28-01-2024,Delhivery,Full-time,45,Primary,20,Urban,Always,3820,637,1,C,0.36
6738-4064-3147,Rakesh Mukherjee,22-01-2024,28-01-2024,Delhivery,Full-time,30,Primary,31,Urban,No,4360,727,1,D,0.36
2583-6357-3282,Anita Modi,22-01-2024,28-01-2024,Delhivery,Part-time,38,Secondary,24,Semi-urban,No,2362,394,1,A,0.36
7249-3187-7723,Mohit Ali,22-01-2024,28-01-2024,Delhivery,Part-time,41,Secondary,20,Urban,Yes,887,148,1,A,0.36
3877-9342-5256,Sumit Ali,22-01-2024,28-01-2024,Delhivery,Part-time,32,Primary,14,Urban,Yes,980,163,1,A,0.36
8071-8576-8329,Divya Trivedi,22-01-2024,28-01-2024,Delhivery,Full-time,35,Secondary,59,Semi-urban,Always,2945,491,1,B,0.36
2719-1252-7336,Ritu Kamat,22-01-2024,28-01-2024,Delhivery,Full-time,25,Secondary,5,Semi-urban,Yes,3289,548,1,B,0.36
8418-4502-8986,Rakesh Desai,22-01-2024,28-01-2024,Delhivery,Full-time,42,Primary,52,Urban,No,3588,598,1,C,0.36
6748-8511-4875,Mukesh Joshi,22-01-2024,28-01-2024,Delhivery,Full-time,21,Secondary,5,Semi-urban,Yes,3079,513,1,B,0.36
5797-8603-4104,Lalita Modi,22-01-2024,28-01-2024,Delhivery,Full-time,24,Secondary,47,Urban,Sometimes,4018,670,1,C,0.36
1913-1753-6591,Satish Shenoy,22-01-2024,28-01-2024,Delhivery,Part-time,43,Primary,1,Urban,Yes,1758,293,1,A,0.36
6979-9831-3279,Praveen Rajput,22-01-2024,28-01-2024,Delhivery,Part-time,20,Secondary,7,Semi-urban,Always,586,98,1,A,0.36
8500-8289-9537,Nilesh Sharma,22-01-2024,28-01-2024,Delhivery,Full-time,38,Secondary,38,Rural,No,4305,718,1,D,0.36
2684-6961-3879,Sunil Malik,22-01-2024,28-01-2024,Delhivery,Part-time,47,Secondary,40,Rural,Always,1862,310,1,A,0.36
1321-5336-5256,Shyam Trivedi,22-01-2024,28-01-2024,Delhivery,Part-time,24,Primary,23,Semi-urban,Sometimes,1968,328,1,A,0.36
7726-2862-8823,Vimala Pillai,22-01-2024,28-01-2024,Delhivery,Full-time,19,Secondary,15,Urban,Yes,2912,485,1,B,0.36
5864-6629-8835,Lokesh Verma,22-01-2024,28-01-2024,Delhivery,Full-time,36,Primary,50,Urban,No,2550,425,1,B,0.36
5998-6165-6950,Sarita Ahmed,22-01-2024,28-01-2024,Delhivery,Full-time,26,Secondary,54,Semi-urban,Yes,4215,702,1,D,0.36
9788-6499-1889,Padma Sharma,22-01-2024,28-01-2024,Delhivery,Full-time,41,Secondary,24,Rural,Yes,3323,554,1,B,0.36
2700-7445-8892,Ajay Das,22-01-2024,28-01-2024,Delhivery,Full-time,43,Primary,41,Urban,Yes,3271,545,1,B,0.36
5958-1314-4063,Suman Tiwari,22-01-2024,28-01-2024,Delhivery,Full-time,30,Primary,44,Semi-urban,Yes,3578,596,1,C,0.36
9329-4417-7309,Rekha Poojary,22-01-2024,28-01-2024,Delhivery,Full-time,22,Secondary,43,Rural,Yes,4059,676,1,C,0.36
9126-8412-3795,Vinod Islam,22-01-2024,28-01-2024,Delhivery,Full-time,33,Secondary,3,Rural,Yes,3307,551,1,B,0.36
6040-5876-8389,Manoj Dave,22-01-2024,28-01-2024,Delhivery,Full-time,19,Secondary,45,Semi-urban,No,3597,600,1,C,0.36
4643-9689-6282,Nisha Rajput,22-01-2024,28-01-2024,Delhivery,Full-time,38,Secondary,34,Semi-urban,Yes,4057,676,1,C,0.36
1987-5547-7635,Kapil Dey,22-01-2024,28-01-2024,Delhivery,Full-time,24,Secondary,59,Semi-urban,Always,3300,550,1,B,0.36
6333-7245-1404,Ritu Gupta,22-01-2024,28-01-2024,Delhivery,Full-time,27,Secondary,28,Urban,Yes,2475,412,1,B,0.36
8117-7929-8772,Lalit Malik,22-01-2024,28-01-2024,Delhivery,Full-time,25,Primary,50,Semi-urban,No,4569,762,1,D,0.36
7602-3934-5871,Mohit Amin,22-01-2024,28-01-2024,Delhivery,Full-time,25,Secondary,32,Urban,Always,3046,508,1,B,0.36
7125-8727-2057,Harish Joshi,22-01-2024,28-01-2024,Delhivery,Part-time,27,Primary,48,Urban,Sometimes,1170,195,1,A,0.36
5999-8346-6133,Varun Reddy,22-01-2024,28-01-2024,Delhivery,Part-time,23,Primary,12,Urban,Yes,1696,283,1,A,0.36
6290-1666-2434,Ravi Ahmed,22-01-2024,28-01-2024,Delhivery,Full-time,30,Primary,50,Rural,Yes,3166,528,1,B,0.36
5492-8199-8516,Ritu Amin,22-01-2024,28-01-2024,Delhivery,Full-time,22,Primary,23,Semi-urban,Always,4239,706,1,D,0.36
2973-6073-4036,Nikhil Dave,22-01-2024,28-01-2024,Delhivery,Full-time,45,Primary,49,Urban,Sometimes,3569,595,1,C,0.36
4899-1022-7211,Amit Reddy,22-01-2024,28-01-2024,Delhivery,Full-time,27,Secondary,26,Rural,Sometimes,4077,680,1,D,0.36
8511-7298-3740,Radha Das,22-01-2024,28-01-2024,Delhivery,Full-time,21,Primary,19,Urban,Sometimes,3163,527,1,B,0.36
6604-7654-9546,Naveen Modi,22-01-2024,28-01-2024,Delhivery,Part-time,40,Primary,49,Semi-urban,No,1258,210,1,A,0.36
8461-5366-9651,Nilesh Gowda,22-01-2024,28-01-2024,Delhivery,Full-time,42,Primary,40,Urban,Sometimes,4554,759,1,D,0.36
3775-9974-6275,Rahul Thakur,22-01-2024,28-01-2024,Delhivery,Full-time,35,Primary,35,Semi-urban,No,3180,530,1,B,0.36
4276-2010-6228,Lalita Hussain,22-01-2024,28-01-2024,Delhivery,Full-time,48,Primary,29,Rural,No,3648,608,1,C,0.36
2116-3067-1674,Rekha Desai,22-01-2024,28-01-2024,Delhivery,Full-time,42,Secondary,57,Semi-urban,Yes,4403,734,1,D,0.36
8631-3121-8268,Rohit Chatterjee,22-01-2024,28-01-2024,Delhivery,Full-time,30,Primary,39,Urban,Yes,3515,586,1,C,0.36
6753-1346-5760,Shanti Amin,22-01-2024,28-01-2024,Delhivery,Part-time,22,Primary,17,Urban,Always,2372,395,1,A,0.36
5109-9416-5088,Vijay Khan,22-01-2024,28-01-2024,Delhivery,Full-time,38,Secondary,43,Semi-urban,No,3282,547,1,B,0.36
2886-9417-5363,Prakash Shetty,22-01-2024,28-01-2024,Delhivery,Full-time,38,Secondary,11,Urban,Yes,3974,662,1,C,0.36
5560-9189-6749,Gaurav Kumar,22-01-2024,28-01-2024,Delhivery,Full-time,43,Secondary,41,Semi-urban,Always,3125,521,1,B,0.36
5947-6172-5000,Asha Jain,22-01-2024,28-01-2024,Delhivery,Full-time,45,Primary,58,Urban,Always,3539,590,1,C,0.36
6777-3439-5887,Sunil Bhatt,22-01-2024,28-01-2024,Delhivery,Full-time,43,Primary,21,Urban,Rarely,4073,679,1,D,0.36
7793-4934-6349,Vijay Thakur,22-01-2024,28-01-2024,Delhivery,Full-time,29,Primary,29,Semi-urban,Rarely,4462,744,1,D,0.36
2438-2387-9170,Priya Chatterjee,22-01-2024,28-01-2024,Dunzo,Part-time,34,Secondary,19,Semi-urban,Always,519,86,1,A,0.42
7487-4851-1905,Rakesh Thakur,22-01-2024,28-01-2024,Dunzo,Full-time,41,Secondary,21,Urban,Sometimes,4350,725,1,D,0.42
9828-2159-3406,Aarav Roy,22-01-2024,28-01-2024,Dunzo,Full-time,28,Secondary,19,Urban,Sometimes,3641,607,1,C,0.42
4061-2308-3601,Pradeep Shaikh,22-01-2024,28-01-2024,Dunzo,Full-time,25,Secondary,35,Semi-urban,Sometimes,3183,530,1,B,0.42
4619-6601-6408,Padma Bhatt,22-01-2024,28-01-2024,Dunzo,Full-time,41,Secondary,37,Urban,Yes,2022,337,1,A,0.42
8919-3727-2053,Praveen Bhat,22-01-2024,28-01-2024,Dunzo,Full-time,47,Primary,17,Urban,Always,2306,384,1,A,0.42
9481-2654-9452,Kapil Hegde,22-01-2024,28-01-2024,Dunzo,Full-time,33,Primary,22,Semi-urban,Always,3206,534,1,B,0.42
1572-1323-3492,Mohit Naidu,22-01-2024,28-01-2024,Dunzo,Part-time,47,Secondary,3,Urban,Yes,1405,234,1,A,0.42
1660-7607-3971,Manoj Trivedi,22-01-2024,28-01-2024,Dunzo,Full-time,30,Primary,40,Urban,Rarely,3210,535,1,B,0.42
5227-8577-1307,Radha Iyer,22-01-2024,28-01-2024,Dunzo,Full-time,38,Secondary,25,Urban,Yes,3683,614,1,C,0.42
6771-6236-7161,Yogesh Dave,22-01-2024,28-01-2024,Dunzo,Full-time,20,Primary,58,Rural,Yes,3765,628,1,C,0.42
4465-4777-3713,Kavita Hegde,22-01-2024,28-01-2024,Dunzo,Part-time,29,Secondary,32,Urban,Sometimes,816,136,1,A,0.42
5974-2046-1311,Suman Malik,22-01-2024,28-01-2024,Dunzo,Part-time,23,Secondary,36,Urban,Always,2650,442,1,B,0.42
9980-6047-2819,Rajesh Malik,22-01-2024,28-01-2024,Dunzo,Full-time,33,Secondary,38,Semi-urban,Yes,3992,665,1,C,0.42
4208-2014-8395,Usha Shaikh,22-01-2024,28-01-2024,Dunzo,Part-time,22,Primary,20,Semi-urban,Sometimes,1116,186,1,A,0.42
6323-9581-2367,Mukesh Rao,22-01-2024,28-01-2024,Dunzo,Full-time,43,Secondary,26,Urban,Yes,4321,720,1,D,0.42
1499-5584-7603,Sunil Menon,22-01-2024,28-01-2024,Dunzo,Part-time,48,Secondary,10,Rural,Always,1582,264,1,A,0.42
8357-6432-9198,Girish Tiwari,22-01-2024,28-01-2024,Dunzo,Full-time,19,Primary,39,Semi-urban,No,4012,669,1,C,0.42
9040-5914-4655,Savita Parekh,22-01-2024,28-01-2024,Dunzo,Full-time,20,Primary,39,Urban,Sometimes,3101,517,1,B,0.42
5109-8274-1285,Lalita Ali,22-01-2024,28-01-2024,Dunzo,Full-time,29,Primary,29,Urban,Sometimes,2957,493,1,B,0.42
9261-9046-1608,Rekha Bose,22-01-2024,28-01-2024,Dunzo,Full-time,34,Secondary,59,Semi-urban,Yes,5020,837,1,D,0.42
4854-1032-1196,Suresh Naidu,22-01-2024,28-01-2024,Dunzo,Part-time,23,Primary,14,Semi-urban,Rarely,816,136,1,A,0.42
6835-4327-9739,Dinesh Reddy,22-01-2024,28-01-2024,Dunzo,Full-time,44,Secondary,25,Semi-urban,Always,3781,630,1,C,0.42
3364-2196-6398,Padma Shenoy,22-01-2024,28-01-2024,Dunzo,Full-time,39,Secondary,5,Semi-urban,No,2219,370,1,A,0.42
7671-6836-1676,Radha Ahmed,22-01-2024,28-01-2024,Dunzo,Full-time,38,Primary,36,Semi-urban,Always,2109,352,1,A,0.42
8126-4230-6414,Divya Mehta,22-01-2024,28-01-2024,Dunzo,Full-time,19,Secondary,28,Semi-urban,Sometimes,3584,597,1,C,0.42
4180-9572-8985,Lalita Parekh,22-01-2024,28-01-2024,Dunzo,Full-time,27,Secondary,25,Rural,No,3182,530,1,B,0.42
5079-3646-3077,Ritesh Nair,22-01-2024,28-01-2024,Dunzo,Full-time,47,Secondary,50,Urban,Yes,3486,581,1,B,0.42
2400-3376-3339,Rohit Mehta,22-01-2024,28-01-2024,Dunzo,Full-time,39,Primary,54,Rural,Sometimes,3059,510,1,B,0.42
9920-4026-7185,Vimala Bose,22-01-2024,28-01-2024,Dunzo,Full-time,23,Secondary,35,Urban,Yes,3133,522,1,B,0.42
3686-5049-4800,Sarita Khan,22-01-2024,28-01-2024,Dunzo,Part-time,27,Secondary,48,Semi-urban,Yes,1299,216,1,A,0.42
3934-5542-7702,Suresh Shah,22-01-2024,28-01-2024,Dunzo,Full-time,31,Secondary,34,Urban,Rarely,3023,504,1,B,0.42
6135-4805-5605,Naveen Chauhan,22-01-2024,28-01-2024,Dunzo,Full-time,21,Secondary,59,Urban,Sometimes,2711,452,1,B,0.42
4448-5403-1398,Sunita Dave,22-01-2024,28-01-2024,Dunzo,Full-time,28,Primary,52,Urban,No,4598,766,1,D,0.42
4708-8668-8628,Usha Ahmed,22-01-2024,28-01-2024,Dunzo,Full-time,37,Secondary,12,Semi-urban,Yes,1598,266,1,A,0.42
2335-9611-1121,Gaurav Patel,22-01-2024,28-01-2024,Dunzo,Full-time,39,Secondary,6,Semi-urban,Always,3219,536,1,B,0.42
8070-7613-1909,Santosh Shaikh,22-01-2024,28-01-2024,Dunzo,Part-time,39,Primary,28,Semi-urban,Always,1241,207,1,A,0.42
1595-1805-3262,Nilesh Bhatt,22-01-2024,28-01-2024,Dunzo,Full-time,26,Secondary,40,Semi-urban,Yes,3412,569,1,B,0.42
1015-6502-4755,Kamla Poojary,22-01-2024,28-01-2024,Dunzo,Full-time,20,Secondary,30,Urban,Sometimes,3541,590,1,C,0.42
6417-3646-4360,Praveen Dave,22-01-2024,28-01-2024,Dunzo,Part-time,34,Primary,9,Urban,No,971,162,1,A,0.42
4302-3011-7837,Rohit Jain,22-01-2024,28-01-2024,Dunzo,Part-time,28,Secondary,42,Urban,Sometimes,2232,372,1,A,0.42
2024-2715-9869,Anita Reddy,22-01-2024,28-01-2024,Dunzo,Part-time,31,Primary,10,Urban,Sometimes,1447,241,1,A,0.42
2042-5833-8155,Vishal Menon,22-01-2024,28-01-2024,Dunzo,Full-time,46,Primary,55,Rural,Sometimes,4191,698,1,D,0.42
4113-3235-5227,Radha Ghosh,22-01-2024,28-01-2024,Dunzo,Full-time,32,Secondary,4,Semi-urban,Sometimes,3818,636,1,C,0.42
5386-8233-5206,Sumit Shaikh,22-01-2024,28-01-2024,Dunzo,Part-time,38,Secondary,58,Urban,No,671,112,1,A,0.42
6469-9036-6851,Arjun Mishra,22-01-2024,28-01-2024,Dunzo,Part-time,32,Secondary,52,Semi-urban,Sometimes,1096,183,1,A,0.42
4332-3345-5245,Rahul Mehta,22-01-2024,28-01-2024,Dunzo,Full-time,19,Primary,54,Rural,Sometimes,4571,762,1,D,0.42
9828-6083-7369,Geeta Rao,22-01-2024,28-01-2024,Dunzo,Full-time,40,Primary,3,Urban,Yes,2784,464,1,B,0.42
2315-5565-2950,Aarav Thakur,22-01-2024,28-01-2024,Dunzo,Full-time,22,Secondary,17,Urban,Yes,2658,443,1,B,0.42
6432-7615-2711,Harish Singh,22-01-2024,28-01-2024,Dunzo,Part-time,35,Primary,59,Semi-urban,Always,1597,266,1,A,0.42
5261-6367-8576,Rohit Joshi,22-01-2024,28-01-2024,Zepto,Full-time,31,Primary,55,Urban,Sometimes,3180,530,1,B,0.44
9114-9868-9592,Ajay Dey,22-01-2024,28-01-2024,Zepto,Part-time,22,Primary,32,Urban,Rarely,1225,204,1,A,0.44
7614-1219-4858,Ritu Paul,22-01-2024,28-01-2024,Zepto,Full-time,32,Secondary,3,Rural,Sometimes,3735,622,1,C,0.44
6718-8442-3547,Mahesh Tiwari,22-01-2024,28-01-2024,Zepto,Full-time,29,Secondary,50,Semi-urban,Sometimes,3954,659,1,C,0.44
9271-8904-1121,Neha Kamat,22-01-2024,28-01-2024,Zepto,Full-time,44,Secondary,33,Semi-urban,Sometimes,3609,602,1,C,0.44
9774-7544-4734,Padma Hussain,22-01-2024,28-01-2024,Zepto,Full-time,42,Secondary,48,Urban,Yes,3186,531,1,B,0.44
3757-5533-8291,Arun Bose,22-01-2024,28-01-2024,Zepto,Part-time,36,Primary,59,Rural,Yes,1388,231,1,A,0.44
3700-8975-8328,Vishal Parekh,22-01-2024,28-01-2024,Zepto,Full-time,40,Secondary,23,Urban,Always,3126,521,1,B,0.44
6658-1837-7096,Ritu Parekh,22-01-2024,28-01-2024,Zepto,Full-time,26,Primary,40,Semi-urban,Yes,2765,461,1,B,0.44
6600-9402-1991,Rahul Khan,22-01-2024,28-01-2024,Zepto,Full-time,34,Primary,11,Urban,Yes,2180,363,1,A,0.44
5175-3095-2616,Ravi Iyer,22-01-2024,28-01-2024,Zepto,Full-time,34,Secondary,19,Urban,Always,3337,556,1,B,0.44
4226-2988-5451,Naveen Bhat,22-01-2024,28-01-2024,Zepto,Full-time,28,Secondary,16,Urban,Always,3447,574,1,B,0.44
8962-1833-2315,Sumit Naik,22-01-2024,28-01-2024,Zepto,Full-time,42,Secondary,37,Urban,Yes,3491,582,1,B,0.44
6581-1385-9779,Kapil Patel,22-01-2024,28-01-2024,Zepto,Part-time,21,Secondary,48,Urban,Yes,1471,245,1,A,0.44
1316-3182-3102,Dinesh Menon,22-01-2024,28-01-2024,Zepto,Full-time,19,Primary,19,Rural,Yes,3354,559,1,B,0.44
5279-6760-1948,Ritu Chatterjee,22-01-2024,28-01-2024,Zepto,Part-time,41,Primary,16,Urban,Sometimes,787,131,1,A,0.44
6684-1843-4043,Anil Thakur,22-01-2024,28-01-2024,Zepto,Full-time,42,Primary,57,Rural,Yes,2777,463,1,B,0.44
6818-7429-8016,Anil Sen,22-01-2024,28-01-2024,Zepto,Full-time,31,Secondary,16,Urban,Sometimes,3591,598,1,C,0.44
8079-7829-1460,Ramesh Kumar,22-01-2024,28-01-2024,Zepto,Part-time,23,Primary,59,Semi-urban,Always,2298,383,1,A,0.44
7256-8339-9462,Sunita Das,22-01-2024,28-01-2024,Zepto,Full-time,43,Secondary,60,Semi-urban,Yes,3707,618,1,C,0.44
6041-2781-6418,Padma Verma,22-01-2024,28-01-2024,Zepto,Full-time,24,Secondary,46,Urban,Yes,2414,402,1,A,0.44
4482-2603-7750,Mamta Rajput,22-01-2024,28-01-2024,Zepto,Full-time,33,Secondary,58,Semi-urban,Always,3532,589,1,C,0.44
6414-6037-8077,Sanjay Nair,22-01-2024,28-01-2024,Zepto,Full-time,37,Primary,11,Urban,No,3962,660,1,C,0.44
2483-4676-5279,Dinesh Dey,22-01-2024,28-01-2024,Zepto,Full-time,21,Secondary,21,Semi-urban,Sometimes,3552,592,1,C,0.44
7804-3515-9206,Varun Rao,22-01-2024,28-01-2024,Zepto,Full-time,37,Primary,22,Semi-urban,Sometimes,2261,377,1,A,0.44
9797-8716-1961,Nikhil Rao,22-01-2024,28-01-2024,Zepto,Full-time,48,Secondary,8,Semi-urban,Always,3035,506,1,B,0.44
4462-9028-3672,Santosh Khan,22-01-2024,28-01-2024,Zepto,Part-time,34,Secondary,28,Semi-urban,Rarely,2275,379,1,A,0.44
1735-4310-3302,Mahesh Chauhan,22-01-2024,28-01-2024,Zepto,Full-time,29,Secondary,25,Semi-urban,Yes,2781,464,1,B,0.44
2551-6100-2942,Mamta Amin,22-01-2024,28-01-2024,Zepto,Full-time,23,Primary,7,Urban,Sometimes,2886,481,1,B,0.44
1348-9324-9910,Vimala Hegde,22-01-2024,28-01-2024,Zepto,Full-time,30,Primary,1,Semi-urban,Always,3586,598,1,C,0.44
6465-3300-6600,Harish Khan,22-01-2024,28-01-2024,Zepto,Full-time,20,Primary,30,Semi-urban,Sometimes,3404,567,1,B,0.44
9457-8502-3009,Mohit Siddiqui,22-01-2024,28-01-2024,Zepto,Full-time,28,Primary,27,Urban,Rarely,3492,582,1,C,0.44
2033-2074-2058,Yogesh Das,22-01-2024,28-01-2024,Zepto,Full-time,34,Secondary,32,Rural,Sometimes,3745,624,1,C,0.44
3746-6095-1214,Manoj Jain,22-01-2024,28-01-2024,Zepto,Part-time,46,Secondary,5,Urban,Rarely,1356,226,1,A,0.44
9455-6586-6436,Shyam Naik,22-01-2024,28-01-2024,Zepto,Full-time,27,Primary,50,Urban,Yes,2994,499,1,B,0.44
7351-8165-6845,Pradeep Islam,22-01-2024,28-01-2024,Zepto,Full-time,30,Secondary,48,Urban,Sometimes,3188,531,1,B,0.44
5009-4335-5100,Sarita Bhatt,22-01-2024,28-01-2024,Zepto,Full-time,22,Secondary,33,Rural,Sometimes,3950,658,1,C,0.44
6915-8928-2630,Pushpa Bose,22-01-2024,28-01-2024,Zepto,Full-time,27,Secondary,53,Urban,Always,2373,396,1,A,0.44
7406-5446-8105,Priya Yadav,22-01-2024,28-01-2024,Zepto,Full-time,26,Secondary,32,Urban,Sometimes,2716,453,1,B,0.44
4209-5506-9159,Naresh Nair,22-01-2024,28-01-2024,Zepto,Full-time,47,Secondary,56,Urban,Yes,3149,525,1,B,0.44
2239-6681-5708,Priya Desai,22-01-2024,28-01-2024,Zepto,Part-time,34,Primary,30,Urban,Sometimes,477,80,1,A,0.44
3326-6509-5579,Kapil Sharma,22-01-2024,28-01-2024,Zepto,Full-time,43,Secondary,52,Semi-urban,Sometimes,3179,530,1,B,0.44
2521-5112-5365,Neha Gupta,22-01-2024,28-01-2024,Zepto,Full-time,28,Secondary,7,Urban,Sometimes,4232,705,1,D,0.44
2033-2118-9585,Satish Roy,22-01-2024,28-01-2024,Zepto,Full-time,36,Primary,13,Rural,Sometimes,3087,514,1,B,0.44
8014-3404-1919,Asha Tiwari,22-01-2024,28-01-2024,Zepto,Full-time,19,Secondary,9,Urban,Sometimes,3317,553,1,B,0.44
9202-6749-6844,Pradeep Rajput,22-01-2024,28-01-2024,Blinkit,Full-time,24,Secondary,26,Rural,Yes,3948,658,1,C,0.4
5014-9165-3640,Priya Naidu,22-01-2024,28-01-2024,Blinkit,Full-time,21,Secondary,41,Urban,No,3088,515,1,B,0.4
7753-1486-7826,Anita Kumar,22-01-2024,28-01-2024,Blinkit,Part-time,41,Primary,33,Urban,Sometimes,1489,248,1,A,0.4
6180-9079-6426,Ravi Naik,22-01-2024,28-01-2024,Blinkit,Full-time,45,Primary,37,Urban,Yes,3080,513,1,B,0.4
8521-8512-7159,Arjun Bose,22-01-2024,28-01-2024,Blinkit,Part-time,31,Secondary,7,Urban,Always,1764,294,1,A,0.4
8327-5663-4874,Harish Verma,22-01-2024,28-01-2024,Blinkit,Full-time,45,Primary,35,Rural,No,3506,584,1,C,0.4
7377-8689-9316,Rakesh Kamat,22-01-2024,28-01-2024,Blinkit,Full-time,43,Secondary,58,Urban,Sometimes,2099,350,1,A,0.4
2268-5463-1782,Anil Dey,22-01-2024,28-01-2024,Blinkit,Full-time,33,Primary,55,Urban,Yes,2322,387,1,A,0.4
4070-6532-2454,Divya Bhat,22-01-2024,28-01-2024,Blinkit,Full-time,45,Secondary,6,Urban,Sometimes,3244,541,1,B,0.4
5271-2109-5451,Pradeep Khan,22-01-2024,28-01-2024,Blinkit,Full-time,38,Secondary,20,Urban,Yes,3290,548,1,B,0.4
5297-6353-5050,Varun Sen,22-01-2024,28-01-2024,Blinkit,Full-time,36,Secondary,2,Urban,Yes,4730,788,1,D,0.4
9001-7801-8730,Ajay Mukherjee,22-01-2024,28-01-2024,Blinkit,Full-time,19,Secondary,46,Rural,Always,3710,618,1,C,0.4
4634-5063-8818,Ramesh Banerjee,22-01-2024,28-01-2024,Blinkit,Full-time,44,Primary,58,Urban,No,3801,634,1,C,0.4
4139-7446-7687,Varun Modi,22-01-2024,28-01-2024,Blinkit,Full-time,38,Secondary,3,Rural,No,2244,374,1,A,0.4
5373-2619-9934,Sunita Trivedi,22-01-2024,28-01-2024,Blinkit,Full-time,23,Secondary,49,Semi-urban,No,3221,537,1,B,0.4
1555-3163-5853,Lokesh Shenoy,22-01-2024,28-01-2024,Blinkit,Part-time,25,Secondary,55,Rural,No,1792,299,1,A,0.4
3047-2262-3071,Pradeep Hegde,22-01-2024,28-01-2024,Blinkit,Full-time,29,Primary,16,Semi-urban,No,3798,633,1,C,0.4
6417-1894-3945,Sunita Mehta,22-01-2024,28-01-2024,Blinkit,Full-time,42,Primary,21,Urban,Yes,2791,465,1,B,0.4
4822-8935-8605,Laxmi Patel,22-01-2024,28-01-2024,Blinkit,Part-time,21,Secondary,44,Urban,No,1926,321,1,A,0.4
6834-7745-4886,Kapil Bhat,22-01-2024,28-01-2024,Blinkit,Part-time,38,Primary,43,Urban,Sometimes,585,98,1,A,0.4
6826-1871-7520,Mahesh Siddiqui,22-01-2024,28-01-2024,Blinkit,Part-time,28,Secondary,37,Semi-urban,Yes,1562,260,1,A,0.4
8757-2544-7734,Aarav Jain,22-01-2024,28-01-2024,Blinkit,Full-time,35,Secondary,11,Semi-urban,Yes,3537,590,1,C,0.4
3340-7756-3915,Vishal Gupta,22-01-2024,28-01-2024,Blinkit,Full-time,41,Secondary,43,Urban,Always,2892,482,1,B,0.4
6573-4718-6955,Divya Mishra,22-01-2024,28-01-2024,Blinkit,Full-time,45,Primary,29,Rural,Sometimes,4282,714,1,D,0.4
5370-6487-7772,Ramesh Sharma,22-01-2024,28-01-2024,Blinkit,Full-time,20,Primary,40,Rural,Rarely,3209,535,1,B,0.4
4118-4049-5677,Rekha Siddiqui,22-01-2024,28-01-2024,Blinkit,Full-time,30,Primary,33,Semi-urban,Rarely,4168,695,1,D,0.4
9959-7368-3780,Praveen Mukherjee,22-01-2024,28-01-2024,Blinkit,Full-time,37,Secondary,13,Urban,Yes,3875,646,1,C,0.4
2240-3139-8297,Meena Ansari,22-01-2024,28-01-2024,Blinkit,Part-time,25,Primary,22,Semi-urban,Sometimes,2004,334,1,A,0.4
3942-2789-4617,Tarun Dey,22-01-2024,28-01-2024,Blinkit,Full-time,45,Primary,44,Urban,Always,1649,275,1,A,0.4
4927-4748-6169,Suman Banerjee,22-01-2024,28-01-2024,Blinkit,Full-time,23,Secondary,52,Urban,Yes,3114,519,1,B,0.4
1862-8218-4480,Sanjay Amin,22-01-2024,28-01-2024,Blinkit,Full-time,36,Primary,58,Urban,Sometimes,3250,542,1,B,0.4
2111-8430-2288,Durga Naik,22-01-2024,28-01-2024,Blinkit,Full-time,38,Primary,14,Rural,Rarely,2759,460,1,B,0.4
6218-5384-6149,Sachin Trivedi,22-01-2024,28-01-2024,Blinkit,Full-time,44,Secondary,10,Rural,Yes,3774,629,1,C,0.4
7264-5239-1887,Neha Rao,22-01-2024,28-01-2024,Blinkit,Full-time,46,Primary,25,Urban,Yes,3526,588,1,C,0.4
4696-7598-4562,Sunita Naidu,22-01-2024,28-01-2024,Blinkit,Full-time,20,Primary,14,Semi-urban,Sometimes,3384,564,1,B,0.4
1322-5323-2045,Ganesh Ahmed,22-01-2024,28-01-2024,Blinkit,Full-time,35,Primary,2,Urban,Yes,3091,515,1,B,0.4
7831-2315-7694,Harish Mishra,22-01-2024,28-01-2024,Blinkit,Full-time,44,Secondary,21,Urban,Sometimes,4380,730,1,D,0.4
1915-5277-5334,Kavita Paul,22-01-2024,28-01-2024,Blinkit,Full-time,44,Primary,11,Urban,Yes,4602,767,1,D,0.4
2466-6952-4429,Sarita Hussain,22-01-2024,28-01-2024,Blinkit,Full-time,31,Primary,16,Semi-urban,Yes,2241,374,1,A,0.4
2890-3106-6044,Kapil Mehta,22-01-2024,28-01-2024,Blinkit,Part-time,37,Secondary,35,Semi-urban,Yes,1705,284,1,A,0.4
8862-1595-2899,Prakash Bhatt,22-01-2024,28-01-2024,Blinkit,Full-time,27,Secondary,28,Urban,Rarely,4682,780,1,D,0.4
1613-9232-2974,Ramesh Shaikh,22-01-2024,28-01-2024,Blinkit,Part-time,27,Primary,55,Urban,Sometimes,924,154,1,A,0.4
3567-7571-4188,Usha Bhatt,22-01-2024,28-01-2024,Blinkit,Part-time,22,Secondary,30,Semi-urban,Yes,2261,377,1,A,0.4
3401-3729-9774,Padma Siddiqui,22-01-2024,28-01-2024,Blinkit,Full-time,46,Primary,18,Urban,Rarely,3742,624,1,C,0.4
6500-9493-8365,Usha Shetty,22-01-2024,28-01-2024,Blinkit,Full-time,30,Primary,16,Urban,Yes,2350,392,1,A,0.4
4872-7040-4666,Sunita Desai,22-01-2024,28-01-2024,Blinkit,Full-time,37,Primary,16,Semi-urban,No,3930,655,1,C,0.4
1484-7249-6499,Arjun Modi,22-01-2024,28-01-2024,Blinkit,Full-time,30,Primary,25,Urban,Yes,2980,497,1,B,0.4
8685-9699-4233,Ganesh Menon,22-01-2024,28-01-2024,Blinkit,Full-time,47,Secondary,22,Semi-urban,Always,2313,386,1,A,0.4
6547-5811-5618,Savita Joshi,22-01-2024,28-01-2024,Blinkit,Full-time,41,Primary,29,Semi-urban,Always,2828,471,1,B,0.4
3061-3355-7797,Manoj Bhatt,22-01-2024,28-01-2024,Blinkit,Full-time,37,Primary,58,Rural,Yes,3407,568,1,B,0.4
6326-9135-8321,Geeta Hegde,22-01-2024,28-01-2024,Porter,Full-time,42,Secondary,57,Urban,Rarely,3817,636,1,C,0.38
2070-9865-1623,Umesh Qureshi,22-01-2024,28-01-2024,Porter,Part-time,46,Primary,17,Rural,Sometimes,1248,208,1,A,0.38
4988-8107-5587,Priya Modi,22-01-2024,28-01-2024,Porter,Part-time,27,Primary,40,Rural,Rarely,1820,303,1,A,0.38
1146-2904-8391,Vimala Bhat,22-01-2024,28-01-2024,Porter,Part-time,43,Primary,41,Semi-urban,No,462,77,1,A,0.38
1617-6704-7185,Sunita Pandey,22-01-2024,28-01-2024,Porter,Full-time,38,Secondary,4,Semi-urban,Yes,3906,651,1,C,0.38
9252-3759-3336,Ritesh Verma,22-01-2024,28-01-2024,Porter,Full-time,45,Secondary,28,Urban,No,4900,817,1,D,0.38
1799-2093-4593,Pooja Ghosh,22-01-2024,28-01-2024,Porter,Full-time,21,Secondary,32,Semi-urban,Yes,3309,552,1,B,0.38
2229-3941-9805,Sachin Agarwal,22-01-2024,28-01-2024,Porter,Full-time,25,Secondary,60,Rural,Always,4061,677,1,D,0.38
4575-5534-8473,Sarita Dave,22-01-2024,28-01-2024,Porter,Full-time,34,Secondary,44,Urban,Yes,3680,613,1,C,0.38
2382-5049-6367,Laxmi Qureshi,22-01-2024,28-01-2024,Porter,Full-time,43,Primary,57,Urban,Yes,3491,582,1,B,0.38
4300-7108-8649,Harish Yadav,22-01-2024,28-01-2024,Porter,Full-time,40,Secondary,53,Rural,Always,3087,514,1,B,0.38
5061-5940-3963,Vimala Yadav,22-01-2024,28-01-2024,Porter,Part-time,22,Primary,16,Urban,Rarely,1251,208,1,A,0.38
5942-9523-2599,Meena Rao,22-01-2024,28-01-2024,Porter,Full-time,48,Primary,23,Urban,Sometimes,4282,714,1,D,0.38
4899-3975-5662,Lokesh Bose,22-01-2024,28-01-2024,Porter,Full-time,44,Secondary,54,Rural,Yes,3394,566,1,B,0.38
4479-1551-3816,Pushpa Gowda,22-01-2024,28-01-2024,Porter,Full-time,42,Secondary,15,Semi-urban,Yes,4265,711,1,D,0.38
5624-4228-8500,Rajesh Poojary,22-01-2024,28-01-2024,Porter,Full-time,26,Secondary,56,Urban,Sometimes,3498,583,1,C,0.38
3161-2751-4469,Sumit Iyer,22-01-2024,28-01-2024,Porter,Full-time,23,Primary,15,Urban,Always,2298,383,1,A,0.38
8988-9671-4407,Satish Joshi,22-01-2024,28-01-2024,Porter,Full-time,28,Secondary,2,Semi-urban,No,3850,642,1,C,0.38
9404-3993-1691,Tarun Bose,22-01-2024,28-01-2024,Porter,Full-time,48,Primary,31,Semi-urban,No,3069,512,1,B,0.38
4080-1727-1034,Santosh Modi,22-01-2024,28-01-2024,Porter,Full-time,48,Secondary,24,Semi-urban,No,4182,697,1,D,0.38
9977-6212-4855,Prakash Gupta,22-01-2024,28-01-2024,Porter,Full-time,34,Primary,23,Rural,No,4347,724,1,D,0.38
7775-7053-9446,Mahesh Kamat,22-01-2024,28-01-2024,Porter,Full-time,37,Secondary,13,Urban,No,3933,656,1,C,0.38
4691-4127-5162,Manju Gupta,22-01-2024,28-01-2024,Porter,Full-time,29,Primary,8,Urban,Yes,3200,533,1,B,0.38
2956-8564-4689,Divya Bose,22-01-2024,28-01-2024,Porter,Full-time,40,Secondary,9,Urban,Yes,5178,863,1,D,0.38
5980-1632-8862,Vimala Pandey,22-01-2024,28-01-2024,Porter,Part-time,20,Secondary,39,Urban,Sometimes,1142,190,1,A,0.38
7333-9835-7270,Bharat Das,22-01-2024,28-01-2024,Porter,Full-time,41,Primary,40,Rural,Yes,2330,388,1,A,0.38
7750-1012-3323,Kavita Malik,22-01-2024,28-01-2024,Porter,Full-time,35,Secondary,40,Urban,No,3958,660,1,C,0.38
9875-4589-5207,Ritesh Dave,22-01-2024,28-01-2024,Porter,Full-time,48,Secondary,8,Rural,No,2108,351,1,A,0.38
3621-5963-5898,Lalit Shenoy,22-01-2024,28-01-2024,Porter,Full-time,30,Secondary,15,Urban,Always,3057,510,1,B,0.38
7832-6167-2215,Rekha Gupta,22-01-2024,28-01-2024,Porter,Full-time,38,Secondary,18,Semi-urban,No,3585,598,1,C,0.38
7730-2202-5691,Praveen Chauhan,22-01-2024,28-01-2024,Porter,Part-time,22,Secondary,9,Urban,Sometimes,1969,328,1,A,0.38
5022-3638-9422,Naresh Yadav,22-01-2024,28-01-2024,Porter,Part-time,42,Primary,1,Rural,Sometimes,1705,284,1,A,0.38
2118-7729-3810,Rakesh Bhatt,22-01-2024,28-01-2024,Porter,Full-time,45,Primary,8,Semi-urban,Yes,3550,592,1,C,0.38
6505-9684-9306,Meena Sharma,22-01-2024,28-01-2024,Porter,Full-time,38,Secondary,5,Urban,Sometimes,3459,576,1,B,0.38
8344-6419-3058,Bharat Dey,22-01-2024,28-01-2024,Porter,Full-time,22,Secondary,28,Urban,Yes,3176,529,1,B,0.38
8755-1169-5596,Nikhil Qureshi,22-01-2024,28-01-2024,Porter,Full-time,39,Secondary,4,Rural,Always,4044,674,1,C,0.38
7056-7523-1176,Sumit Dave,22-01-2024,28-01-2024,Porter,Full-time,31,Secondary,42,Semi-urban,Yes,3110,518,1,B,0.38
8132-7925-5463,Ritesh Yadav,22-01-2024,28-01-2024,Porter,Full-time,38,Primary,27,Urban,Always,4263,710,1,D,0.38
5822-9364-5125,Aarav Dey,22-01-2024,28-01-2024,Porter,Full-time,23,Secondary,41,Urban,Sometimes,4439,740,1,D,0.38
9265-8584-6075,Seema Parekh,22-01-2024,28-01-2024,Porter,Full-time,41,Primary,48,Semi-urban,Yes,3286,548,1,B,0.38
2607-1089-4413,Sarita Chatterjee,22-01-2024,28-01-2024,Shadowfax,Full-time,41,Secondary,57,Rural,Always,4422,737,1,D,0.33
2878-3901-7066,Anita Das,22-01-2024,28-01-2024,Shadowfax,Full-time,30,Primary,51,Semi-urban,Yes,3869,645,1,C,0.33
9630-7258-4744,Ramesh Bhatt,22-01-2024,28-01-2024,Shadowfax,Part-time,34,Primary,53,Urban,Yes,1116,186,1,A,0.33
9580-8699-5763,Suresh Gowda,22-01-2024,28-01-2024,Shadowfax,Part-time,38,Secondary,30,Semi-urban,Yes,1004,167,1,A,0.33
4058-6841-8721,Harish Trivedi,22-01-2024,28-01-2024,Shadowfax,Full-time,37,Secondary,30,Semi-urban,Sometimes,4296,716,1,D,0.33
3629-6720-4784,Shyam Ansari,22-01-2024,28-01-2024,Shadowfax,Full-time,40,Secondary,38,Rural,No,3662,610,1,C,0.33
7768-5261-1697,Pradeep Qureshi,22-01-2024,28-01-2024,Shadowfax,Full-time,28,Primary,21,Urban,Sometimes,2713,452,1,B,0.33
8788-5209-4660,Laxmi Siddiqui,22-01-2024,28-01-2024,Shadowfax,Part-time,41,Primary,19,Urban,Sometimes,1911,318,1,A,0.33
9736-4560-2907,Naresh Sen,22-01-2024,28-01-2024,Shadowfax,Part-time,22,Secondary,1,Urban,Always,1217,203,1,A,0.33
1968-3875-9262,Ritu Verma,22-01-2024,28-01-2024,Shadowfax,Full-time,20,Secondary,17,Rural,Always,2826,471,1,B,0.33
3102-8397-8216,Pooja Shaikh,22-01-2024,28-01-2024,Shadowfax,Full-time,44,Secondary,28,Semi-urban,Rarely,3708,618,1,C,0.33
1380-6424-7833,Dinesh Bhat,22-01-2024,28-01-2024,Shadowfax,Part-time,37,Primary,42,Urban,No,1185,198,1,A,0.33
8337-3768-6140,Priya Das,22-01-2024,28-01-2024,Shadowfax,Part-time,33,Secondary,38,Urban,Rarely,661,110,1,A,0.33
8269-1104-6188,Sunita Agarwal,22-01-2024,28-01-2024,Shadowfax,Full-time,32,Secondary,15,Semi-urban,Always,3945,658,1,C,0.33
8020-2921-2114,Lalita Das,22-01-2024,28-01-2024,Shadowfax,Full-time,38,Primary,44,Rural,No,3513,586,1,C,0.33
9350-8578-1054,Anil Qureshi,22-01-2024,28-01-2024,Shadowfax,Full-time,37,Primary,6,Urban,Yes,3577,596,1,C,0.33
4228-8521-1010,Praveen Kamat,22-01-2024,28-01-2024,Shadowfax,Full-time,19,Secondary,3,Urban,Yes,3894,649,1,C,0.33
5992-2170-3781,Umesh Jain,22-01-2024,28-01-2024,Shadowfax,Full-time,43,Primary,2,Urban,No,3464,577,1,B,0.33
9314-1649-6154,Sunita Sen,22-01-2024,28-01-2024,Shadowfax,Full-time,21,Secondary,11,Semi-urban,No,3657,610,1,C,0.33
3896-9225-1083,Suman Bhat,22-01-2024,28-01-2024,Shadowfax,Full-time,30,Secondary,44,Rural,Yes,4699,783,1,D,0.33
4447-8609-7975,Arun Reddy,22-01-2024,28-01-2024,Shadowfax,Full-time,22,Primary,38,Urban,Yes,4012,669,1,C,0.33
3867-4050-2614,Sunil Reddy,22-01-2024,28-01-2024,Shadowfax,Full-time,32,Secondary,38,Urban,Sometimes,3005,501,1,B,0.33
5298-6973-6743,Aarav Naidu,22-01-2024,28-01-2024,Shadowfax,Full-time,40,Secondary,10,Urban,No,4151,692,1,D,0.33
9727-8688-7973,Kapil Jain,22-01-2024,28-01-2024,Shadowfax,Full-time,24,Secondary,21,Semi-urban,Always,3238,540,1,B,0.33
4953-7882-7764,Sunita Ahmed,22-01-2024,28-01-2024,Shadowfax,Full-time,44,Primary,1,Urban,Always,3460,577,1,B,0.33
7421-2430-3385,Vishal Agarwal,22-01-2024,28-01-2024,Shadowfax,Full-time,23,Secondary,8,Semi-urban,Sometimes,3728,621,1,C,0.33
7267-5650-7034,Sarita Paul,22-01-2024,28-01-2024,Shadowfax,Part-time,46,Primary,6,Urban,Yes,1484,247,1,A,0.33
8226-3217-7206,Santosh Sen,22-01-2024,28-01-2024,Shadowfax,Full-time,47,Primary,22,Urban,Always,3419,570,1,B,0.33
6542-5439-2604,Naveen Gupta,22-01-2024,28-01-2024,Shadowfax,Full-time,36,Primary,51,Urban,Yes,3912,652,1,C,0.33
3292-5967-3586,Arun Mukherjee,22-01-2024,28-01-2024,Shadowfax,Full-time,41,Primary,31,Urban,Yes,4243,707,1,D,0.33
2892-7057-9673,Radha Kumar,22-01-2024,28-01-2024,Shadowfax,Full-time,21,Secondary,52,Semi-urban,No,4101,684,1,D,0.33
9567-9290-6285,Mukesh Naidu,22-01-2024,28-01-2024,Shadowfax,Full-time,23,Primary,28,Semi-urban,Sometimes,3744,624,1,C,0.33
6092-5153-1696,Mukesh Mehta,22-01-2024,28-01-2024,Shadowfax,Full-time,31,Secondary,30,Urban,Rarely,3386,564,1,B,0.33
1422-6542-6146,Mahesh Trivedi,22-01-2024,28-01-2024,Shadowfax,Full-time,48,Secondary,23,Urban,Yes,2590,432,1,B,0.33
5900-8868-7961,Kamla Menon,22-01-2024,28-01-2024,Shadowfax,Part-time,46,Primary,5,Urban,Always,1198,200,1,A,0.33
2895-2004-3220,Praveen Roy,22-01-2024,28-01-2024,Shadowfax,Full-time,41,Secondary,3,Urban,No,2144,357,1,A,0.33
8768-2792-9432,Nisha Shetty,22-01-2024,28-01-2024,Shadowfax,Full-time,34,Primary,47,Urban,Always,4059,676,1,C,0.33
2754-5801-8725,Radha Chatterjee,22-01-2024,28-01-2024,Shadowfax,Full-time,26,Primary,36,Semi-urban,Sometimes,3411,568,1,B,0.33
5950-7600-8162,Vinod Yadav,22-01-2024,28-01-2024,Shadowfax,Full-time,37,Primary,41,Urban,No,3226,538,1,B,0.33
4472-3746-2545,Nilesh Mehta,22-01-2024,28-01-2024,Shadowfax,Full-time,33,Primary,36,Rural,Yes,4250,708,1,D,0.33
2640-1363-8065,Vinod Singh,29-01-2024,04-02-2024,Amazon,Full-time,32,Secondary,47,Urban,Sometimes,4023,670,1,C,0.27
6217-9921-2907,Santosh Verma,29-01-2024,04-02-2024,Amazon,Full-time,22,Secondary,17,Urban,Rarely,3634,606,1,C,0.27
7349-3472-7936,Rahul Sharma,29-01-2024,04-02-2024,Amazon,Full-time,38,Secondary,46,Urban,Always,4841,807,1,D,0.27
4112-3965-6397,Arun Patel,29-01-2024,04-02-2024,Amazon,Full-time,40,Secondary,37,Semi-urban,Yes,5426,904,1,D,0.27
2396-3088-2429,Nikhil Banerjee,29-01-2024,04-02-2024,Amazon,Full-time,28,Primary,54,Semi-urban,Yes,3666,611,1,C,0.27
4963-7821-7884,Bharat Bhat,29-01-2024,04-02-2024,Amazon,Full-time,25,Primary,57,Urban,No,4534,756,1,D,0.27
4232-5218-7253,Shanti Trivedi,29-01-2024,04-02-2024,Amazon,Full-time,24,Primary,46,Urban,No,4176,696,1,D,0.27
2746-6763-3672,Sarita Dey,29-01-2024,04-02-2024,Amazon,Full-time,28,Primary,51,Urban,Yes,4304,717,1,D,0.27
1230-1892-1086,Arun Sen,29-01-2024,04-02-2024,Amazon,Full-time,29,Secondary,56,Urban,No,5419,903,1,D,0.27
4387-6738-2811,Seema Sen,29-01-2024,04-02-2024,Amazon,Full-time,29,Primary,4,Rural,Yes,3672,612,1,C,0.27
9265-4321-1594,Girish Rao,29-01-2024,04-02-2024,Amazon,Full-time,38,Secondary,53,Urban,No,4839,806,1,D,0.27
3496-4426-1355,Rakesh Shaikh,29-01-2024,04-02-2024,Amazon,Full-time,45,Primary,5,Urban,Sometimes,4561,760,1,D,0.27
9969-4113-2677,Bharat Naik,29-01-2024,04-02-2024,Amazon,Part-time,39,Primary,49,Urban,Always,880,147,1,A,0.27
8660-5353-2598,Ajay Kumar,29-01-2024,04-02-2024,Amazon,Full-time,41,Secondary,24,Urban,Sometimes,3718,620,1,C,0.27
3391-4834-2854,Sunil Kumar,29-01-2024,04-02-2024,Amazon,Part-time,39,Primary,45,Urban,Rarely,1574,262,1,A,0.27
6918-6429-4550,Kiran Verma,29-01-2024,04-02-2024,Amazon,Full-time,21,Primary,42,Urban,Yes,5355,892,1,D,0.27
5779-5313-9445,Kavita Nair,29-01-2024,04-02-2024,Amazon,Full-time,36,Secondary,6,Urban,Rarely,4536,756,1,D,0.27
6010-8812-6995,Nisha Malik,29-01-2024,04-02-2024,Amazon,Full-time,28,Primary,4,Urban,Sometimes,5869,978,1,D,0.27
1628-1185-5009,Mahesh Shenoy,29-01-2024,04-02-2024,Amazon,Full-time,22,Secondary,31,Semi-urban,Yes,3661,610,1,C,0.27
1621-9807-5954,Rohit Shetty,29-01-2024,04-02-2024,Amazon,Full-time,22,Secondary,29,Urban,Sometimes,4181,697,1,D,0.27
7558-2428-2814,Suman Reddy,29-01-2024,04-02-2024,Amazon,Part-time,34,Secondary,53,Semi-urban,Sometimes,347,58,1,A,0.27
1688-6901-4145,Vinod Shaikh,29-01-2024,04-02-2024,Amazon,Full-time,43,Secondary,29,Urban,Sometimes,4869,812,1,D,0.27
4414-1094-1798,Bharat Shaikh,29-01-2024,04-02-2024,Amazon,Part-time,36,Primary,24,Semi-urban,Rarely,1795,299,1,A,0.27
2987-8989-5637,Asha Ahmed,29-01-2024,04-02-2024,Amazon,Full-time,37,Primary,37,Semi-urban,Always,4327,721,1,D,0.27
9046-6192-5651,Nikhil Hegde,29-01-2024,04-02-2024,Amazon,Full-time,23,Primary,50,Urban,Sometimes,4010,668,1,C,0.27
5860-2403-4817,Lalit Tiwari,29-01-2024,04-02-2024,Amazon,Part-time,37,Primary,30,Semi-urban,No,1865,311,1,A,0.27
7800-1547-6954,Ajay Mishra,29-01-2024,04-02-2024,Amazon,Part-time,41,Secondary,2,Urban,Always,2149,358,1,A,0.27
2738-7941-6804,Lalita Sharma,29-01-2024,04-02-2024,Amazon,Full-time,19,Primary,38,Rural,Always,3845,641,1,C,0.27
3256-5540-4851,Shanti Yadav,29-01-2024,04-02-2024,Amazon,Full-time,25,Secondary,12,Urban,Always,4110,685,1,D,0.27
7140-7812-4750,Ganesh Jain,29-01-2024,04-02-2024,Amazon,Full-time,19,Primary,45,Semi-urban,Sometimes,4628,771,1,D,0.27
5573-3048-3614,Neha Trivedi,29-01-2024,04-02-2024,Amazon,Full-time,41,Secondary,6,Rural,Yes,4476,746,1,D,0.27
2206-8886-3158,Bharat Hegde,29-01-2024,04-02-2024,Amazon,Part-time,20,Primary,51,Semi-urban,Sometimes,2893,482,1,B,0.27
4979-6633-5580,Amit Singh,29-01-2024,04-02-2024,Amazon,Part-time,19,Secondary,5,Urban,Sometimes,2099,350,1,A,0.27
6224-4837-3146,Varun Bhatt,29-01-2024,04-02-2024,Amazon,Full-time,33,Secondary,6,Urban,Always,5391,898,1,D,0.27
9548-4920-3613,Sita Hegde,29-01-2024,04-02-2024,Amazon,Full-time,22,Primary,23,Rural,No,3429,572,1,B,0.27
5511-3905-9262,Pushpa Rao,29-01-2024,04-02-2024,Amazon,Full-time,21,Secondary,20,Semi-urban,Yes,5027,838,1,D,0.27
4394-6808-6099,Vimala Shah,29-01-2024,04-02-2024,Amazon,Full-time,40,Secondary,21,Semi-urban,Yes,5017,836,1,D,0.27
4831-4995-7037,Sita Parekh,29-01-2024,04-02-2024,Amazon,Full-time,31,Primary,16,Rural,Always,4519,753,1,D,0.27
1269-6334-3728,Ravi Singh,29-01-2024,04-02-2024,Amazon,Part-time,30,Primary,33,Urban,Always,2536,423,1,A,0.27
3337-7610-1012,Anita Jain,29-01-2024,04-02-2024,Amazon,Full-time,44,Secondary,37,Semi-urban,Sometimes,4361,727,1,D,0.27
4940-1805-6603,Sarita Ali,29-01-2024,04-02-2024,Amazon,Full-time,19,Secondary,54,Semi-urban,Sometimes,4497,750,1,D,0.27
8560-9896-2115,Sumit Kumar,29-01-2024,04-02-2024,Amazon,Full-time,46,Secondary,43,Semi-urban,No,4528,755,1,D,0.27
5451-5314-8283,Kamla Gowda,29-01-2024,04-02-2024,Amazon,Full-time,35,Secondary,42,Urban,Yes,4041,674,1,C,0.27
1380-5070-5438,Ritesh Patel,29-01-2024,04-02-2024,Amazon,Full-time,41,Secondary,9,Urban,Yes,4549,758,1,D,0.27
4609-9133-4819,Amit Mishra,29-01-2024,04-02-2024,Amazon,Part-time,24,Secondary,16,Urban,Sometimes,2248,375,1,A,0.27
3459-1579-8738,Tarun Naidu,29-01-2024,04-02-2024,Amazon,Full-time,33,Secondary,43,Rural,Sometimes,5267,878,1,D,0.27
7329-6865-6886,Harish Kumar,29-01-2024,04-02-2024,Amazon,Part-time,25,Secondary,36,Urban,Yes,1856,309,1,A,0.27
6936-2496-9328,Sunil Bhat,29-01-2024,04-02-2024,Amazon,Part-time,32,Secondary,21,Rural,No,2167,361,1,A,0.27
6595-2186-8035,Ramesh Paul,29-01-2024,04-02-2024,Amazon,Full-time,27,Primary,32,Semi-urban,Always,3855,642,1,C,0.27
1364-5726-7613,Dinesh Shah,29-01-2024,04-02-2024,Amazon,Full-time,47,Secondary,47,Urban,Always,5278,880,1,D,0.27
4231-2372-4282,Varun Shah,29-01-2024,04-02-2024,Amazon,Part-time,39,Secondary,25,Urban,Sometimes,1317,220,1,A,0.27
1639-9454-1738,Padma Bose,29-01-2024,04-02-2024,Amazon,Full-time,48,Primary,5,Urban,No,5061,844,1,D,0.27
1365-1216-3667,Ravi Gupta,29-01-2024,04-02-2024,Amazon,Full-time,33,Secondary,52,Urban,Yes,4247,708,1,D,0.27
9585-7551-1282,Sita Chauhan,29-01-2024,04-02-2024,Amazon,Full-time,45,Secondary,34,Urban,Yes,3432,572,1,B,0.27
2440-9742-5006,Lalit Hegde,29-01-2024,04-02-2024,Amazon,Full-time,40,Primary,16,Rural,Yes,3891,648,1,C,0.27
8119-5398-8401,Deepak Amin,29-01-2024,04-02-2024,Amazon,Full-time,33,Primary,30,Urban,No,3622,604,1,C,0.27
9536-5487-9929,Ramesh Jain,29-01-2024,04-02-2024,Amazon,Full-time,32,Secondary,56,Urban,Yes,4486,748,1,D,0.27
9275-1761-4737,Lalita Bose,29-01-2024,04-02-2024,Amazon,Full-time,38,Primary,28,Semi-urban,Always,4433,739,1,D,0.27
3473-5694-9734,Sanjay Hegde,29-01-2024,04-02-2024,Amazon,Full-time,46,Secondary,25,Rural,No,4901,817,1,D,0.27
8538-5651-3019,Usha Qureshi,29-01-2024,04-02-2024,Amazon,Full-time,29,Primary,52,Urban,No,4180,697,1,D,0.27
5851-9238-5792,Deepak Iyer,29-01-2024,04-02-2024,Amazon,Full-time,25,Secondary,35,Urban,Yes,4307,718,1,D,0.27
1995-4204-5323,Yogesh Rajput,29-01-2024,04-02-2024,Amazon,Full-time,46,Primary,49,Semi-urban,No,4226,704,1,D,0.27
9066-5812-5044,Neha Malik,29-01-2024,04-02-2024,Amazon,Full-time,44,Secondary,29,Semi-urban,Always,4318,720,1,D,0.27
8466-1900-4700,Kavita Shenoy,29-01-2024,04-02-2024,Amazon,Full-time,24,Primary,1,Semi-urban,No,3483,580,1,B,0.27
2676-1661-7233,Kamla Ansari,29-01-2024,04-02-2024,Amazon,Full-time,42,Primary,60,Semi-urban,Yes,4205,701,1,D,0.27
9729-5078-9709,Shanti Pandey,29-01-2024,04-02-2024,Amazon,Full-time,22,Secondary,28,Urban,Sometimes,4195,699,1,D,0.27
9735-7101-8282,Deepak Naik,29-01-2024,04-02-2024,Amazon,Full-time,36,Primary,55,Semi-urban,Sometimes,4298,716,1,D,0.27
3378-9204-6948,Arun Das,29-01-2024,04-02-2024,Amazon,Full-time,47,Primary,41,Urban,Sometimes,4758,793,1,D,0.27
5550-7560-6627,Ritu Ahmed,29-01-2024,04-02-2024,Amazon,Full-time,37,Primary,59,Semi-urban,Sometimes,4909,818,1,D,0.27
4864-3874-7119,Divya Chatterjee,29-01-2024,04-02-2024,Amazon,Full-time,38,Primary,32,Rural,Always,4020,670,1,C,0.27
8031-8567-1256,Sanjay Ghosh,29-01-2024,04-02-2024,Ekart,Part-time,45,Secondary,60,Semi-urban,No,990,165,1,A,0.31
7934-9201-3568,Satish Modi,29-01-2024,04-02-2024,Ekart,Full-time,33,Secondary,22,Semi-urban,Yes,4544,757,1,D,0.31
9840-7391-1437,Yogesh Kumar,29-01-2024,04-02-2024,Ekart,Full-time,26,Secondary,32,Semi-urban,No,3721,620,1,C,0.31
7001-5659-2958,Amit Mehta,29-01-2024,04-02-2024,Ekart,Full-time,36,Primary,41,Semi-urban,Yes,4131,688,1,D,0.31
9007-1153-6548,Shyam Parekh,29-01-2024,04-02-2024,Ekart,Full-time,24,Secondary,44,Semi-urban,No,3964,661,1,C,0.31
9232-9765-9480,Vinod Shah,29-01-2024,04-02-2024,Ekart,Full-time,40,Secondary,31,Urban,Yes,3513,586,1,C,0.31
7075-6470-5726,Prakash Khan,29-01-2024,04-02-2024,Ekart,Full-time,26,Secondary,11,Rural,Always,3975,662,1,C,0.31
4647-4190-4886,Sachin Patel,29-01-2024,04-02-2024,Ekart,Full-time,23,Secondary,60,Urban,No,4423,737,1,D,0.31
8832-1295-6372,Geeta Rajput,29-01-2024,04-02-2024,Ekart,Part-time,41,Secondary,4,Urban,Yes,2517,420,1,A,0.31
9459-3589-3492,Naresh Naidu,29-01-2024,04-02-2024,Ekart,Part-time,26,Secondary,54,Semi-urban,No,2380,397,1,A,0.31
5123-7434-5080,Tarun Amin,29-01-2024,04-02-2024,Ekart,Full-time,44,Primary,4,Urban,Always,3490,582,1,B,0.31
9998-1196-2904,Prakash Ahmed,29-01-2024,04-02-2024,Ekart,Full-time,27,Secondary,18,Semi-urban,Sometimes,4213,702,1,D,0.31
2768-8501-8984,Praveen Banerjee,29-01-2024,04-02-2024,Ekart,Full-time,43,Secondary,2,Rural,Sometimes,4000,667,1,C,0.31
2599-6664-4192,Pradeep Shah,29-01-2024,04-02-2024,Ekart,Full-time,22,Primary,15,Semi-urban,Always,4490,748,1,D,0.31
1502-7401-9940,Ravi Patel,29-01-2024,04-02-2024,Ekart,Full-time,24,Primary,39,Semi-urban,Sometimes,4122,687,1,D,0.31
7668-7974-4742,Sita Islam,29-01-2024,04-02-2024,Ekart,Full-time,40,Secondary,5,Rural,Yes,4127,688,1,D,0.31
2648-8281-8986,Shanti Rao,29-01-2024,04-02-2024,Ekart,Full-time,25,Secondary,43,Urban,Rarely,3147,524,1,B,0.31
9157-3668-4315,Mamta Iyer,29-01-2024,04-02-2024,Ekart,Full-time,46,Secondary,33,Urban,Always,1828,305,1,A,0.31
8573-6512-1728,Padma Thakur,29-01-2024,04-02-2024,Ekart,Full-time,43,Secondary,46,Semi-urban,Yes,4490,748,1,D,0.31
6804-8724-6821,Mamta Paul,29-01-2024,04-02-2024,Ekart,Part-time,30,Secondary,23,Semi-urban,Always,1737,290,1,A,0.31
1455-5435-7016,Rajesh Hegde,29-01-2024,04-02-2024,Ekart,Full-time,39,Secondary,37,Urban,Yes,3958,660,1,C,0.31
9023-1820-1936,Rajesh Shah,29-01-2024,04-02-2024,Ekart,Full-time,30,Secondary,16,Semi-urban,No,3441,574,1,B,0.31
9112-3293-1037,Vimala Chatterjee,29-01-2024,04-02-2024,Ekart,Full-time,24,Secondary,22,Semi-urban,Yes,3885,648,1,C,0.31
3500-9794-9532,Asha Khan,29-01-2024,04-02-2024,Ekart,Full-time,38,Primary,35,Urban,Sometimes,4483,747,1,D,0.31
7911-2412-1499,Vishal Bhat,29-01-2024,04-02-2024,Ekart,Full-time,46,Primary,1,Urban,Yes,4148,691,1,D,0.31
5458-2600-8079,Aarav Ahmed,29-01-2024,04-02-2024,Ekart,Part-time,44,Secondary,14,Rural,Sometimes,1107,184,1,A,0.31
2609-2674-1106,Anil Sharma,29-01-2024,04-02-2024,Ekart,Full-time,32,Secondary,59,Semi-urban,Yes,3609,602,1,C,0.31
8312-9891-3626,Vimala Modi,29-01-2024,04-02-2024,Ekart,Full-time,22,Primary,24,Semi-urban,Sometimes,4179,696,1,D,0.31
4346-3791-1321,Rohit Siddiqui,29-01-2024,04-02-2024,Ekart,Full-time,26,Primary,37,Urban,Always,4506,751,1,D,0.31
5196-4344-8856,Asha Modi,29-01-2024,04-02-2024,Ekart,Part-time,23,Secondary,26,Urban,Sometimes,1734,289,1,A,0.31
6495-6067-6597,Naveen Ansari,29-01-2024,04-02-2024,Ekart,Full-time,37,Primary,46,Urban,Rarely,4377,730,1,D,0.31
5470-2093-5454,Usha Rajput,29-01-2024,04-02-2024,Ekart,Full-time,26,Primary,20,Urban,No,3869,645,1,C,0.31
5023-2669-6392,Tarun Modi,29-01-2024,04-02-2024,Ekart,Part-time,44,Secondary,50,Urban,No,1467,244,1,A,0.31
5636-9843-4026,Dinesh Naidu,29-01-2024,04-02-2024,Ekart,Full-time,40,Secondary,7,Urban,Sometimes,4070,678,1,D,0.31
2669-7347-6948,Nilesh Ansari,29-01-2024,04-02-2024,Ekart,Full-time,24,Primary,58,Rural,Sometimes,4366,728,1,D,0.31
2256-9496-1522,Nikhil Pillai,29-01-2024,04-02-2024,Ekart,Full-time,48,Primary,59,Urban,No,4557,760,1,D,0.31
1123-4845-3631,Vijay Modi,29-01-2024,04-02-2024,Ekart,Full-time,41,Primary,7,Semi-urban,Sometimes,4472,745,1,D,0.31
9742-4652-9363,Radha Shaikh,29-01-2024,04-02-2024,Ekart,Full-time,31,Primary,22,Rural,Yes,4749,792,1,D,0.31
6542-9149-1032,Sarita Yadav,29-01-2024,04-02-2024,Ekart,Full-time,41,Secondary,4,Rural,Yes,3482,580,1,B,0.31
3324-7953-1844,Vijay Sharma,29-01-2024,04-02-2024,Ekart,Full-time,25,Secondary,1,Urban,Yes,4784,797,1,D,0.31
6048-4906-2910,Sarita Modi,29-01-2024,04-02-2024,Ekart,Full-time,28,Secondary,58,Urban,No,3505,584,1,B,0.31
9894-9893-6612,Nilesh Shenoy,29-01-2024,04-02-2024,Ekart,Full-time,39,Secondary,34,Urban,No,3255,542,1,B,0.31
3807-7792-5341,Rohit Khan,29-01-2024,04-02-2024,Ekart,Full-time,43,Primary,50,Urban,Yes,2743,457,1,B,0.31
7699-7037-7589,Meena Gupta,29-01-2024,04-02-2024,Ekart,Full-time,22,Secondary,29,Urban,Yes,3013,502,1,B,0.31
4001-7245-3685,Savita Bhatt,29-01-2024,04-02-2024,Ekart,Part-time,34,Primary,47,Urban,Rarely,1598,266,1,A,0.31
5680-3005-5418,Sachin Das,29-01-2024,04-02-2024,Ekart,Full-time,20,Secondary,28,Rural,No,4527,754,1,D,0.31
1837-1339-6538,Mahesh Malik,29-01-2024,04-02-2024,Ekart,Full-time,39,Primary,6,Semi-urban,Always,5255,876,1,D,0.31
5558-9721-7990,Mamta Sen,29-01-2024,04-02-2024,Ekart,Full-time,21,Primary,1,Urban,Sometimes,3190,532,1,B,0.31
3760-1701-2126,Vinod Hussain,29-01-2024,04-02-2024,Ekart,Full-time,22,Primary,34,Semi-urban,Sometimes,5381,897,1,D,0.31
1512-9860-3209,Umesh Amin,29-01-2024,04-02-2024,Ekart,Full-time,20,Primary,24,Rural,Sometimes,3750,625,1,C,0.31
2927-5069-5480,Usha Siddiqui,29-01-2024,04-02-2024,Ekart,Part-time,31,Primary,40,Semi-urban,No,3103,517,1,B,0.31
3667-7876-6594,Naresh Bhat,29-01-2024,04-02-2024,Ekart,Part-time,24,Primary,35,Rural,Sometimes,1968,328,1,A,0.31
7125-2311-2980,Manoj Reddy,29-01-2024,04-02-2024,Ekart,Full-time,39,Secondary,22,Semi-urban,Rarely,3782,630,1,C,0.31
4277-5990-6396,Varun Gupta,29-01-2024,04-02-2024,Ekart,Full-time,32,Secondary,59,Semi-urban,Sometimes,3915,652,1,C,0.31
6196-3764-4181,Ganesh Kumar,29-01-2024,04-02-2024,Ekart,Full-time,47,Secondary,7,Urban,No,4650,775,1,D,0.31
6808-5031-5191,Manoj Siddiqui,29-01-2024,04-02-2024,Ekart,Part-time,28,Primary,9,Semi-urban,Sometimes,1877,313,1,A,0.31
2906-1935-9229,Dinesh Chatterjee,29-01-2024,04-02-2024,Ekart,Full-time,40,Primary,60,Semi-urban,Yes,4676,779,1,D,0.31
5134-6438-5831,Rahul Pandey,29-01-2024,04-02-2024,Ekart,Full-time,21,Primary,2,Urban,Yes,3883,647,1,C,0.31
2166-1879-8599,Dinesh Modi,29-01-2024,04-02-2024,Ekart,Full-time,32,Secondary,33,Urban,No,4426,738,1,D,0.31
5400-6850-2940,Laxmi Tiwari,29-01-2024,04-02-2024,Ekart,Full-time,22,Secondary,17,Urban,Sometimes,2775,462,1,B,0.31
5612-8502-8582,Shanti Naidu,29-01-2024,04-02-2024,Delhivery,Full-time,20,Primary,42,Urban,Sometimes,4380,730,1,D,0.36
1099-3113-2449,Anita Bhatt,29-01-2024,04-02-2024,Delhivery,Full-time,34,Primary,15,Semi-urban,Sometimes,3610,602,1,C,0.36
5987-3835-6925,Satish Thakur,29-01-2024,04-02-2024,Delhivery,Full-time,32,Secondary,34,Rural,Yes,3952,659,1,C,0.36
7430-9674-5855,Bharat Banerjee,29-01-2024,04-02-2024,Delhivery,Full-time,37,Secondary,43,Urban,No,2959,493,1,B,0.36
4644-7327-8179,Anita Paul,29-01-2024,04-02-2024,Delhivery,Full-time,33,Secondary,12,Semi-urban,Yes,2666,444,1,B,0.36
1862-9944-7412,Durga Bhatt,29-01-2024,04-02-2024,Delhivery,Full-time,47,Secondary,50,Semi-urban,Sometimes,4229,705,1,D,0.36
1981-3769-1663,Vishal Shetty,29-01-2024,04-02-2024,Delhivery,Full-time,45,Primary,20,Urban,Always,4515,752,1,D,0.36
6738-4064-3147,Rakesh Mukherjee,29-01-2024,04-02-2024,Delhivery,Full-time,30,Primary,31,Urban,No,4647,774,1,D,0.36
2583-6357-3282,Anita Modi,29-01-2024,04-02-2024,Delhivery,Part-time,38,Secondary,24,Semi-urban,No,748,125,1,A,0.36
7249-3187-7723,Mohit Ali,29-01-2024,04-02-2024,Delhivery,Part-time,41,Secondary,20,Urban,Yes,1312,219,1,A,0.36
3877-9342-5256,Sumit Ali,29-01-2024,04-02-2024,Delhivery,Part-time,32,Primary,14,Urban,Yes,1881,314,1,A,0.36
8071-8576-8329,Divya Trivedi,29-01-2024,04-02-2024,Delhivery,Full-time,35,Secondary,59,Semi-urban,Always,3444,574,1,B,0.36
2719-1252-7336,Ritu Kamat,29-01-2024,04-02-2024,Delhivery,Full-time,25,Secondary,5,Semi-urban,Yes,3634,606,1,C,0.36
8418-4502-8986,Rakesh Desai,29-01-2024,04-02-2024,Delhivery,Full-time,42,Primary,52,Urban,No,3601,600,1,C,0.36
6748-8511-4875,Mukesh Joshi,29-01-2024,04-02-2024,Delhivery,Full-time,21,Secondary,5,Semi-urban,Yes,3043,507,1,B,0.36
5797-8603-4104,Lalita Modi,29-01-2024,04-02-2024,Delhivery,Full-time,24,Secondary,47,Urban,Sometimes,3834,639,1,C,0.36
1913-1753-6591,Satish Shenoy,29-01-2024,04-02-2024,Delhivery,Part-time,43,Primary,1,Urban,Yes,735,122,1,A,0.36
6979-9831-3279,Praveen Rajput,29-01-2024,04-02-2024,Delhivery,Part-time,20,Secondary,7,Semi-urban,Always,543,90,1,A,0.36
8500-8289-9537,Nilesh Sharma,29-01-2024,04-02-2024,Delhivery,Full-time,38,Secondary,38,Rural,No,3820,637,1,C,0.36
2684-6961-3879,Sunil Malik,29-01-2024,04-02-2024,Delhivery,Part-time,47,Secondary,40,Rural,Always,1099,183,1,A,0.36
1321-5336-5256,Shyam Trivedi,29-01-2024,04-02-2024,Delhivery,Part-time,24,Primary,23,Semi-urban,Sometimes,1533,256,1,A,0.36
7726-2862-8823,Vimala Pillai,29-01-2024,04-02-2024,Delhivery,Full-time,19,Secondary,15,Urban,Yes,3147,524,1,B,0.36
5864-6629-8835,Lokesh Verma,29-01-2024,04-02-2024,Delhivery,Full-time,36,Primary,50,Urban,No,3085,514,1,B,0.36
5998-6165-6950,Sarita Ahmed,29-01-2024,04-02-2024,Delhivery,Full-time,26,Secondary,54,Semi-urban,Yes,3386,564,1,B,0.36
9788-6499-1889,Padma Sharma,29-01-2024,04-02-2024,Delhivery,Full-time,41,Secondary,24,Rural,Yes,3530,588,1,C,0.36
2700-7445-8892,Ajay Das,29-01-2024,04-02-2024,Delhivery,Full-time,43,Primary,41,Urban,Yes,3475,579,1,B,0.36
5958-1314-4063,Suman Tiwari,29-01-2024,04-02-2024,Delhivery,Full-time,30,Primary,44,Semi-urban,Yes,3165,528,1,B,0.36
9329-4417-7309,Rekha Poojary,29-01-2024,04-02-2024,Delhivery,Full-time,22,Secondary,43,Rural,Yes,3817,636,1,C,0.36
9126-8412-3795,Vinod Islam,29-01-2024,04-02-2024,Delhivery,Full-time,33,Secondary,3,Rural,Yes,3745,624,1,C,0.36
6040-5876-8389,Manoj Dave,29-01-2024,04-02-2024,Delhivery,Full-time,19,Secondary,45,Semi-urban,No,2931,488,1,B,0.36
4643-9689-6282,Nisha Rajput,29-01-2024,04-02-2024,Delhivery,Full-time,38,Secondary,34,Semi-urban,Yes,4329,722,1,D,0.36
1987-5547-7635,Kapil Dey,29-01-2024,04-02-2024,Delhivery,Full-time,24,Secondary,59,Semi-urban,Always,2047,341,1,A,0.36
6333-7245-1404,Ritu Gupta,29-01-2024,04-02-2024,Delhivery,Full-time,27,Secondary,28,Urban,Yes,3616,603,1,C,0.36
8117-7929-8772,Lalit Malik,29-01-2024,04-02-2024,Delhivery,Full-time,25,Primary,50,Semi-urban,No,2170,362,1,A,0.36
7602-3934-5871,Mohit Amin,29-01-2024,04-02-2024,Delhivery,Full-time,25,Secondary,32,Urban,Always,3491,582,1,B,0.36
7125-8727-2057,Harish Joshi,29-01-2024,04-02-2024,Delhivery,Part-time,27,Primary,48,Urban,Sometimes,538,90,1,A,0.36
5999-8346-6133,Varun Reddy,29-01-2024,04-02-2024,Delhivery,Part-time,23,Primary,12,Urban,Yes,2296,383,1,A,0.36
6290-1666-2434,Ravi Ahmed,29-01-2024,04-02-2024,Delhivery,Full-time,30,Primary,50,Rural,Yes,4134,689,1,D,0.36
5492-8199-8516,Ritu Amin,29-01-2024,04-02-2024,Delhivery,Full-time,22,Primary,23,Semi-urban,Always,3851,642,1,C,0.36
2973-6073-4036,Nikhil Dave,29-01-2024,04-02-2024,Delhivery,Full-time,45,Primary,49,Urban,Sometimes,4198,700,1,D,0.36
4899-1022-7211,Amit Reddy,29-01-2024,04-02-2024,Delhivery,Full-time,27,Secondary,26,Rural,Sometimes,3454,576,1,B,0.36
8511-7298-3740,Radha Das,29-01-2024,04-02-2024,Delhivery,Full-time,21,Primary,19,Urban,Sometimes,3275,546,1,B,0.36
6604-7654-9546,Naveen Modi,29-01-2024,04-02-2024,Delhivery,Part-time,40,Primary,49,Semi-urban,No,1998,333,1,A,0.36
8461-5366-9651,Nilesh Gowda,29-01-2024,04-02-2024,Delhivery,Full-time,42,Primary,40,Urban,Sometimes,3548,591,1,C,0.36
3775-9974-6275,Rahul Thakur,29-01-2024,04-02-2024,Delhivery,Full-time,35,Primary,35,Semi-urban,No,3847,641,1,C,0.36
4276-2010-6228,Lalita Hussain,29-01-2024,04-02-2024,Delhivery,Full-time,48,Primary,29,Rural,No,4111,685,1,D,0.36
2116-3067-1674,Rekha Desai,29-01-2024,04-02-2024,Delhivery,Full-time,42,Secondary,57,Semi-urban,Yes,3321,554,1,B,0.36
8631-3121-8268,Rohit Chatterjee,29-01-2024,04-02-2024,Delhivery,Full-time,30,Primary,39,Urban,Yes,3557,593,1,C,0.36
6753-1346-5760,Shanti Amin,29-01-2024,04-02-2024,Delhivery,Part-time,22,Primary,17,Urban,Always,2813,469,1,B,0.36
5109-9416-5088,Vijay Khan,29-01-2024,04-02-2024,Delhivery,Full-time,38,Secondary,43,Semi-urban,No,2875,479,1,B,0.36
2886-9417-5363,Prakash Shetty,29-01-2024,04-02-2024,Delhivery,Full-time,38,Secondary,11,Urban,Yes,3503,584,1,B,0.36
5560-9189-6749,Gaurav Kumar,29-01-2024,04-02-2024,Delhivery,Full-time,43,Secondary,41,Semi-urban,Always,4229,705,1,D,0.36
5947-6172-5000,Asha Jain,29-01-2024,04-02-2024,Delhivery,Full-time,45,Primary,58,Urban,Always,3264,544,1,B,0.36
6777-3439-5887,Sunil Bhatt,29-01-2024,04-02-2024,Delhivery,Full-time,43,Primary,21,Urban,Rarely,4627,771,1,D,0.36
7793-4934-6349,Vijay Thakur,29-01-2024,04-02-2024,Delhivery,Full-time,29,Primary,29,Semi-urban,Rarely,4842,807,1,D,0.36
2438-2387-9170,Priya Chatterjee,29-01-2024,04-02-2024,Dunzo,Part-time,34,Secondary,19,Semi-urban,Always,1586,264,1,A,0.42
7487-4851-1905,Rakesh Thakur,29-01-2024,04-02-2024,Dunzo,Full-time,41,Secondary,21,Urban,Sometimes,3904,651,1,C,0.42
9828-2159-3406,Aarav Roy,29-01-2024,04-02-2024,Dunzo,Full-time,28,Secondary,19,Urban,Sometimes,3463,577,1,B,0.42
4061-2308-3601,Pradeep Shaikh,29-01-2024,04-02-2024,Dunzo,Full-time,25,Secondary,35,Semi-urban,Sometimes,4644,774,1,D,0.42
4619-6601-6408,Padma Bhatt,29-01-2024,04-02-2024,Dunzo,Full-time,41,Secondary,37,Urban,Yes,3272,545,1,B,0.42
8919-3727-2053,Praveen Bhat,29-01-2024,04-02-2024,Dunzo,Full-time,47,Primary,17,Urban,Always,3142,524,1,B,0.42
9481-2654-9452,Kapil Hegde,29-01-2024,04-02-2024,Dunzo,Full-time,33,Primary,22,Semi-urban,Always,3776,629,1,C,0.42
1572-1323-3492,Mohit Naidu,29-01-2024,04-02-2024,Dunzo,Part-time,47,Secondary,3,Urban,Yes,1892,315,1,A,0.42
1660-7607-3971,Manoj Trivedi,29-01-2024,04-02-2024,Dunzo,Full-time,30,Primary,40,Urban,Rarely,3169,528,1,B,0.42
5227-8577-1307,Radha Iyer,29-01-2024,04-02-2024,Dunzo,Full-time,38,Secondary,25,Urban,Yes,3134,522,1,B,0.42
6771-6236-7161,Yogesh Dave,29-01-2024,04-02-2024,Dunzo,Full-time,20,Primary,58,Rural,Yes,3770,628,1,C,0.42
4465-4777-3713,Kavita Hegde,29-01-2024,04-02-2024,Dunzo,Part-time,29,Secondary,32,Urban,Sometimes,2088,348,1,A,0.42
5974-2046-1311,Suman Malik,29-01-2024,04-02-2024,Dunzo,Part-time,23,Secondary,36,Urban,Always,1164,194,1,A,0.42
9980-6047-2819,Rajesh Malik,29-01-2024,04-02-2024,Dunzo,Full-time,33,Secondary,38,Semi-urban,Yes,3460,577,1,B,0.42
4208-2014-8395,Usha Shaikh,29-01-2024,04-02-2024,Dunzo,Part-time,22,Primary,20,Semi-urban,Sometimes,1619,270,1,A,0.42
6323-9581-2367,Mukesh Rao,29-01-2024,04-02-2024,Dunzo,Full-time,43,Secondary,26,Urban,Yes,4522,754,1,D,0.42
1499-5584-7603,Sunil Menon,29-01-2024,04-02-2024,Dunzo,Part-time,48,Secondary,10,Rural,Always,1395,232,1,A,0.42
8357-6432-9198,Girish Tiwari,29-01-2024,04-02-2024,Dunzo,Full-time,19,Primary,39,Semi-urban,No,3521,587,1,C,0.42
9040-5914-4655,Savita Parekh,29-01-2024,04-02-2024,Dunzo,Full-time,20,Primary,39,Urban,Sometimes,3195,532,1,B,0.42
5109-8274-1285,Lalita Ali,29-01-2024,04-02-2024,Dunzo,Full-time,29,Primary,29,Urban,Sometimes,4160,693,1,D,0.42
9261-9046-1608,Rekha Bose,29-01-2024,04-02-2024,Dunzo,Full-time,34,Secondary,59,Semi-urban,Yes,4286,714,1,D,0.42
4854-1032-1196,Suresh Naidu,29-01-2024,04-02-2024,Dunzo,Part-time,23,Primary,14,Semi-urban,Rarely,2339,390,1,A,0.42
6835-4327-9739,Dinesh Reddy,29-01-2024,04-02-2024,Dunzo,Full-time,44,Secondary,25,Semi-urban,Always,2844,474,1,B,0.42
3364-2196-6398,Padma Shenoy,29-01-2024,04-02-2024,Dunzo,Full-time,39,Secondary,5,Semi-urban,No,2638,440,1,A,0.42
7671-6836-1676,Radha Ahmed,29-01-2024,04-02-2024,Dunzo,Full-time,38,Primary,36,Semi-urban,Always,3528,588,1,C,0.42
8126-4230-6414,Divya Mehta,29-01-2024,04-02-2024,Dunzo,Full-time,19,Secondary,28,Semi-urban,Sometimes,3058,510,1,B,0.42
4180-9572-8985,Lalita Parekh,29-01-2024,04-02-2024,Dunzo,Full-time,27,Secondary,25,Rural,No,2635,439,1,A,0.42
5079-3646-3077,Ritesh Nair,29-01-2024,04-02-2024,Dunzo,Full-time,47,Secondary,50,Urban,Yes,3545,591,1,C,0.42
2400-3376-3339,Rohit Mehta,29-01-2024,04-02-2024,Dunzo,Full-time,39,Primary,54,Rural,Sometimes,2644,441,1,A,0.42
9920-4026-7185,Vimala Bose,29-01-2024,04-02-2024,Dunzo,Full-time,23,Secondary,35,Urban,Yes,2812,469,1,B,0.42
3686-5049-4800,Sarita Khan,29-01-2024,04-02-2024,Dunzo,Part-time,27,Secondary,48,Semi-urban,Yes,1008,168,1,A,0.42
3934-5542-7702,Suresh Shah,29-01-2024,04-02-2024,Dunzo,Full-time,31,Secondary,34,Urban,Rarely,3448,575,1,B,0.42
6135-4805-5605,Naveen Chauhan,29-01-2024,04-02-2024,Dunzo,Full-time,21,Secondary,59,Urban,Sometimes,3027,504,1,B,0.42
4448-5403-1398,Sunita Dave,29-01-2024,04-02-2024,Dunzo,Full-time,28,Primary,52,Urban,No,4004,667,1,C,0.42
4708-8668-8628,Usha Ahmed,29-01-2024,04-02-2024,Dunzo,Full-time,37,Secondary,12,Semi-urban,Yes,2811,468,1,B,0.42
2335-9611-1121,Gaurav Patel,29-01-2024,04-02-2024,Dunzo,Full-time,39,Secondary,6,Semi-urban,Always,2855,476,1,B,0.42
8070-7613-1909,Santosh Shaikh,29-01-2024,04-02-2024,Dunzo,Part-time,39,Primary,28,Semi-urban,Always,788,131,1,A,0.42
1595-1805-3262,Nilesh Bhatt,29-01-2024,04-02-2024,Dunzo,Full-time,26,Secondary,40,Semi-urban,Yes,3481,580,1,B,0.42
1015-6502-4755,Kamla Poojary,29-01-2024,04-02-2024,Dunzo,Full-time,20,Secondary,30,Urban,Sometimes,3224,537,1,B,0.42
6417-3646-4360,Praveen Dave,29-01-2024,04-02-2024,Dunzo,Part-time,34,Primary,9,Urban,No,1745,291,1,A,0.42
4302-3011-7837,Rohit Jain,29-01-2024,04-02-2024,Dunzo,Part-time,28,Secondary,42,Urban,Sometimes,1824,304,1,A,0.42
2024-2715-9869,Anita Reddy,29-01-2024,04-02-2024,Dunzo,Part-time,31,Primary,10,Urban,Sometimes,2193,366,1,A,0.42
2042-5833-8155,Vishal Menon,29-01-2024,04-02-2024,Dunzo,Full-time,46,Primary,55,Rural,Sometimes,4466,744,1,D,0.42
4113-3235-5227,Radha Ghosh,29-01-2024,04-02-2024,Dunzo,Full-time,32,Secondary,4,Semi-urban,Sometimes,3617,603,1,C,0.42
5386-8233-5206,Sumit Shaikh,29-01-2024,04-02-2024,Dunzo,Part-time,38,Secondary,58,Urban,No,1187,198,1,A,0.42
6469-9036-6851,Arjun Mishra,29-01-2024,04-02-2024,Dunzo,Part-time,32,Secondary,52,Semi-urban,Sometimes,990,165,1,A,0.42
4332-3345-5245,Rahul Mehta,29-01-2024,04-02-2024,Dunzo,Full-time,19,Primary,54,Rural,Sometimes,4201,700,1,D,0.42
9828-6083-7369,Geeta Rao,29-01-2024,04-02-2024,Dunzo,Full-time,40,Primary,3,Urban,Yes,3399,566,1,B,0.42
2315-5565-2950,Aarav Thakur,29-01-2024,04-02-2024,Dunzo,Full-time,22,Secondary,17,Urban,Yes,3770,628,1,C,0.42
6432-7615-2711,Harish Singh,29-01-2024,04-02-2024,Dunzo,Part-time,35,Primary,59,Semi-urban,Always,1627,271,1,A,0.42
5261-6367-8576,Rohit Joshi,29-01-2024,04-02-2024,Zepto,Full-time,31,Primary,55,Urban,Sometimes,2048,341,1,A,0.44
9114-9868-9592,Ajay Dey,29-01-2024,04-02-2024,Zepto,Part-time,22,Primary,32,Urban,Rarely,1582,264,1,A,0.44
7614-1219-4858,Ritu Paul,29-01-2024,04-02-2024,Zepto,Full-time,32,Secondary,3,Rural,Sometimes,3881,647,1,C,0.44
6718-8442-3547,Mahesh Tiwari,29-01-2024,04-02-2024,Zepto,Full-time,29,Secondary,50,Semi-urban,Sometimes,3589,598,1,C,0.44
9271-8904-1121,Neha Kamat,29-01-2024,04-02-2024,Zepto,Full-time,44,Secondary,33,Semi-urban,Sometimes,3598,600,1,C,0.44
9774-7544-4734,Padma Hussain,29-01-2024,04-02-2024,Zepto,Full-time,42,Secondary,48,Urban,Yes,3295,549,1,B,0.44
3757-5533-8291,Arun Bose,29-01-2024,04-02-2024,Zepto,Part-time,36,Primary,59,Rural,Yes,588,98,1,A,0.44
3700-8975-8328,Vishal Parekh,29-01-2024,04-02-2024,Zepto,Full-time,40,Secondary,23,Urban,Always,3311,552,1,B,0.44
6658-1837-7096,Ritu Parekh,29-01-2024,04-02-2024,Zepto,Full-time,26,Primary,40,Semi-urban,Yes,4319,720,1,D,0.44
6600-9402-1991,Rahul Khan,29-01-2024,04-02-2024,Zepto,Full-time,34,Primary,11,Urban,Yes,2404,401,1,A,0.44
5175-3095-2616,Ravi Iyer,29-01-2024,04-02-2024,Zepto,Full-time,34,Secondary,19,Urban,Always,4167,694,1,D,0.44
4226-2988-5451,Naveen Bhat,29-01-2024,04-02-2024,Zepto,Full-time,28,Secondary,16,Urban,Always,3736,623,1,C,0.44
8962-1833-2315,Sumit Naik,29-01-2024,04-02-2024,Zepto,Full-time,42,Secondary,37,Urban,Yes,4040,673,1,C,0.44
6581-1385-9779,Kapil Patel,29-01-2024,04-02-2024,Zepto,Part-time,21,Secondary,48,Urban,Yes,1747,291,1,A,0.44
1316-3182-3102,Dinesh Menon,29-01-2024,04-02-2024,Zepto,Full-time,19,Primary,19,Rural,Yes,3300,550,1,B,0.44
5279-6760-1948,Ritu Chatterjee,29-01-2024,04-02-2024,Zepto,Part-time,41,Primary,16,Urban,Sometimes,1074,179,1,A,0.44
6684-1843-4043,Anil Thakur,29-01-2024,04-02-2024,Zepto,Full-time,42,Primary,57,Rural,Yes,2259,376,1,A,0.44
6818-7429-8016,Anil Sen,29-01-2024,04-02-2024,Zepto,Full-time,31,Secondary,16,Urban,Sometimes,3826,638,1,C,0.44
8079-7829-1460,Ramesh Kumar,29-01-2024,04-02-2024,Zepto,Part-time,23,Primary,59,Semi-urban,Always,808,135,1,A,0.44
7256-8339-9462,Sunita Das,29-01-2024,04-02-2024,Zepto,Full-time,43,Secondary,60,Semi-urban,Yes,2430,405,1,A,0.44
6041-2781-6418,Padma Verma,29-01-2024,04-02-2024,Zepto,Full-time,24,Secondary,46,Urban,Yes,3020,503,1,B,0.44
4482-2603-7750,Mamta Rajput,29-01-2024,04-02-2024,Zepto,Full-time,33,Secondary,58,Semi-urban,Always,2926,488,1,B,0.44
6414-6037-8077,Sanjay Nair,29-01-2024,04-02-2024,Zepto,Full-time,37,Primary,11,Urban,No,3958,660,1,C,0.44
2483-4676-5279,Dinesh Dey,29-01-2024,04-02-2024,Zepto,Full-time,21,Secondary,21,Semi-urban,Sometimes,2345,391,1,A,0.44
7804-3515-9206,Varun Rao,29-01-2024,04-02-2024,Zepto,Full-time,37,Primary,22,Semi-urban,Sometimes,2505,418,1,A,0.44
9797-8716-1961,Nikhil Rao,29-01-2024,04-02-2024,Zepto,Full-time,48,Secondary,8,Semi-urban,Always,2466,411,1,A,0.44
4462-9028-3672,Santosh Khan,29-01-2024,04-02-2024,Zepto,Part-time,34,Secondary,28,Semi-urban,Rarely,1353,226,1,A,0.44
1735-4310-3302,Mahesh Chauhan,29-01-2024,04-02-2024,Zepto,Full-time,29,Secondary,25,Semi-urban,Yes,3444,574,1,B,0.44
2551-6100-2942,Mamta Amin,29-01-2024,04-02-2024,Zepto,Full-time,23,Primary,7,Urban,Sometimes,3158,526,1,B,0.44
1348-9324-9910,Vimala Hegde,29-01-2024,04-02-2024,Zepto,Full-time,30,Primary,1,Semi-urban,Always,3030,505,1,B,0.44
6465-3300-6600,Harish Khan,29-01-2024,04-02-2024,Zepto,Full-time,20,Primary,30,Semi-urban,Sometimes,3328,555,1,B,0.44
9457-8502-3009,Mohit Siddiqui,29-01-2024,04-02-2024,Zepto,Full-time,28,Primary,27,Urban,Rarely,3434,572,1,B,0.44
2033-2074-2058,Yogesh Das,29-01-2024,04-02-2024,Zepto,Full-time,34,Secondary,32,Rural,Sometimes,3532,589,1,C,0.44
3746-6095-1214,Manoj Jain,29-01-2024,04-02-2024,Zepto,Part-time,46,Secondary,5,Urban,Rarely,659,110,1,A,0.44
9455-6586-6436,Shyam Naik,29-01-2024,04-02-2024,Zepto,Full-time,27,Primary,50,Urban,Yes,2911,485,1,B,0.44
7351-8165-6845,Pradeep Islam,29-01-2024,04-02-2024,Zepto,Full-time,30,Secondary,48,Urban,Sometimes,3926,654,1,C,0.44
5009-4335-5100,Sarita Bhatt,29-01-2024,04-02-2024,Zepto,Full-time,22,Secondary,33,Rural,Sometimes,3461,577,1,B,0.44
6915-8928-2630,Pushpa Bose,29-01-2024,04-02-2024,Zepto,Full-time,27,Secondary,53,Urban,Always,3528,588,1,C,0.44
7406-5446-8105,Priya Yadav,29-01-2024,04-02-2024,Zepto,Full-time,26,Secondary,32,Urban,Sometimes,2825,471,1,B,0.44
4209-5506-9159,Naresh Nair,29-01-2024,04-02-2024,Zepto,Full-time,47,Secondary,56,Urban,Yes,2698,450,1,B,0.44
2239-6681-5708,Priya Desai,29-01-2024,04-02-2024,Zepto,Part-time,34,Primary,30,Urban,Sometimes,921,154,1,A,0.44
3326-6509-5579,Kapil Sharma,29-01-2024,04-02-2024,Zepto,Full-time,43,Secondary,52,Semi-urban,Sometimes,2032,339,1,A,0.44
2521-5112-5365,Neha Gupta,29-01-2024,04-02-2024,Zepto,Full-time,28,Secondary,7,Urban,Sometimes,3967,661,1,C,0.44
2033-2118-9585,Satish Roy,29-01-2024,04-02-2024,Zepto,Full-time,36,Primary,13,Rural,Sometimes,3101,517,1,B,0.44
8014-3404-1919,Asha Tiwari,29-01-2024,04-02-2024,Zepto,Full-time,19,Secondary,9,Urban,Sometimes,4020,670,1,C,0.44
9202-6749-6844,Pradeep Rajput,29-01-2024,04-02-2024,Blinkit,Full-time,24,Secondary,26,Rural,Yes,4016,669,1,C,0.4
5014-9165-3640,Priya Naidu,29-01-2024,04-02-2024,Blinkit,Full-time,21,Secondary,41,Urban,No,3195,532,1,B,0.4
7753-1486-7826,Anita Kumar,29-01-2024,04-02-2024,Blinkit,Part-time,41,Primary,33,Urban,Sometimes,1588,265,1,A,0.4
6180-9079-6426,Ravi Naik,29-01-2024,04-02-2024,Blinkit,Full-time,45,Primary,37,Urban,Yes,4550,758,1,D,0.4
8521-8512-7159,Arjun Bose,29-01-2024,04-02-2024,Blinkit,Part-time,31,Secondary,7,Urban,Always,1630,272,1,A,0.4
8327-5663-4874,Harish Verma,29-01-2024,04-02-2024,Blinkit,Full-time,45,Primary,35,Rural,No,3951,658,1,C,0.4
7377-8689-9316,Rakesh Kamat,29-01-2024,04-02-2024,Blinkit,Full-time,43,Secondary,58,Urban,Sometimes,3818,636,1,C,0.4
2268-5463-1782,Anil Dey,29-01-2024,04-02-2024,Blinkit,Full-time,33,Primary,55,Urban,Yes,3322,554,1,B,0.4
4070-6532-2454,Divya Bhat,29-01-2024,04-02-2024,Blinkit,Full-time,45,Secondary,6,Urban,Sometimes,3672,612,1,C,0.4
5271-2109-5451,Pradeep Khan,29-01-2024,04-02-2024,Blinkit,Full-time,38,Secondary,20,Urban,Yes,3264,544,1,B,0.4
5297-6353-5050,Varun Sen,29-01-2024,04-02-2024,Blinkit,Full-time,36,Secondary,2,Urban,Yes,3772,629,1,C,0.4
9001-7801-8730,Ajay Mukherjee,29-01-2024,04-02-2024,Blinkit,Full-time,19,Secondary,46,Rural,Always,3699,616,1,C,0.4
4634-5063-8818,Ramesh Banerjee,29-01-2024,04-02-2024,Blinkit,Full-time,44,Primary,58,Urban,No,3626,604,1,C,0.4
4139-7446-7687,Varun Modi,29-01-2024,04-02-2024,Blinkit,Full-time,38,Secondary,3,Rural,No,2694,449,1,B,0.4
5373-2619-9934,Sunita Trivedi,29-01-2024,04-02-2024,Blinkit,Full-time,23,Secondary,49,Semi-urban,No,3301,550,1,B,0.4
1555-3163-5853,Lokesh Shenoy,29-01-2024,04-02-2024,Blinkit,Part-time,25,Secondary,55,Rural,No,1745,291,1,A,0.4
3047-2262-3071,Pradeep Hegde,29-01-2024,04-02-2024,Blinkit,Full-time,29,Primary,16,Semi-urban,No,3502,584,1,B,0.4
6417-1894-3945,Sunita Mehta,29-01-2024,04-02-2024,Blinkit,Full-time,42,Primary,21,Urban,Yes,2407,401,1,A,0.4
4822-8935-8605,Laxmi Patel,29-01-2024,04-02-2024,Blinkit,Part-time,21,Secondary,44,Urban,No,1134,189,1,A,0.4
6834-7745-4886,Kapil Bhat,29-01-2024,04-02-2024,Blinkit,Part-time,38,Primary,43,Urban,Sometimes,567,94,1,A,0.4
6826-1871-7520,Mahesh Siddiqui,29-01-2024,04-02-2024,Blinkit,Part-time,28,Secondary,37,Semi-urban,Yes,1023,170,1,A,0.4
8757-2544-7734,Aarav Jain,29-01-2024,04-02-2024,Blinkit,Full-time,35,Secondary,11,Semi-urban,Yes,3752,625,1,C,0.4
3340-7756-3915,Vishal Gupta,29-01-2024,04-02-2024,Blinkit,Full-time,41,Secondary,43,Urban,Always,3592,599,1,C,0.4
6573-4718-6955,Divya Mishra,29-01-2024,04-02-2024,Blinkit,Full-time,45,Primary,29,Rural,Sometimes,3874,646,1,C,0.4
5370-6487-7772,Ramesh Sharma,29-01-2024,04-02-2024,Blinkit,Full-time,20,Primary,40,Rural,Rarely,2134,356,1,A,0.4
4118-4049-5677,Rekha Siddiqui,29-01-2024,04-02-2024,Blinkit,Full-time,30,Primary,33,Semi-urban,Rarely,2618,436,1,A,0.4
9959-7368-3780,Praveen Mukherjee,29-01-2024,04-02-2024,Blinkit,Full-time,37,Secondary,13,Urban,Yes,4011,668,1,C,0.4
2240-3139-8297,Meena Ansari,29-01-2024,04-02-2024,Blinkit,Part-time,25,Primary,22,Semi-urban,Sometimes,1281,214,1,A,0.4
3942-2789-4617,Tarun Dey,29-01-2024,04-02-2024,Blinkit,Full-time,45,Primary,44,Urban,Always,3301,550,1,B,0.4
4927-4748-6169,Suman Banerjee,29-01-2024,04-02-2024,Blinkit,Full-time,23,Secondary,52,Urban,Yes,4016,669,1,C,0.4
1862-8218-4480,Sanjay Amin,29-01-2024,04-02-2024,Blinkit,Full-time,36,Primary,58,Urban,Sometimes,3932,655,1,C,0.4
2111-8430-2288,Durga Naik,29-01-2024,04-02-2024,Blinkit,Full-time,38,Primary,14,Rural,Rarely,3349,558,1,B,0.4
6218-5384-6149,Sachin Trivedi,29-01-2024,04-02-2024,Blinkit,Full-time,44,Secondary,10,Rural,Yes,2628,438,1,A,0.4
7264-5239-1887,Neha Rao,29-01-2024,04-02-2024,Blinkit,Full-time,46,Primary,25,Urban,Yes,3395,566,1,B,0.4
4696-7598-4562,Sunita Naidu,29-01-2024,04-02-2024,Blinkit,Full-time,20,Primary,14,Semi-urban,Sometimes,4189,698,1,D,0.4
1322-5323-2045,Ganesh Ahmed,29-01-2024,04-02-2024,Blinkit,Full-time,35,Primary,2,Urban,Yes,3720,620,1,C,0.4
7831-2315-7694,Harish Mishra,29-01-2024,04-02-2024,Blinkit,Full-time,44,Secondary,21,Urban,Sometimes,4433,739,1,D,0.4
1915-5277-5334,Kavita Paul,29-01-2024,04-02-2024,Blinkit,Full-time,44,Primary,11,Urban,Yes,3857,643,1,C,0.4
2466-6952-4429,Sarita Hussain,29-01-2024,04-02-2024,Blinkit,Full-time,31,Primary,16,Semi-urban,Yes,3321,554,1,B,0.4
2890-3106-6044,Kapil Mehta,29-01-2024,04-02-2024,Blinkit,Part-time,37,Secondary,35,Semi-urban,Yes,1418,236,1,A,0.4
8862-1595-2899,Prakash Bhatt,29-01-2024,04-02-2024,Blinkit,Full-time,27,Secondary,28,Urban,Rarely,3556,593,1,C,0.4
1613-9232-2974,Ramesh Shaikh,29-01-2024,04-02-2024,Blinkit,Part-time,27,Primary,55,Urban,Sometimes,1422,237,1,A,0.4
3567-7571-4188,Usha Bhatt,29-01-2024,04-02-2024,Blinkit,Part-time,22,Secondary,30,Semi-urban,Yes,907,151,1,A,0.4
3401-3729-9774,Padma Siddiqui,29-01-2024,04-02-2024,Blinkit,Full-time,46,Primary,18,Urban,Rarely,3274,546,1,B,0.4
6500-9493-8365,Usha Shetty,29-01-2024,04-02-2024,Blinkit,Full-time,30,Primary,16,Urban,Yes,3836,639,1,C,0.4
4872-7040-4666,Sunita Desai,29-01-2024,04-02-2024,Blinkit,Full-time,37,Primary,16,Semi-urban,No,3612,602,1,C,0.4
1484-7249-6499,Arjun Modi,29-01-2024,04-02-2024,Blinkit,Full-time,30,Primary,25,Urban,Yes,2656,443,1,B,0.4
8685-9699-4233,Ganesh Menon,29-01-2024,04-02-2024,Blinkit,Full-time,47,Secondary,22,Semi-urban,Always,2528,421,1,A,0.4
6547-5811-5618,Savita Joshi,29-01-2024,04-02-2024,Blinkit,Full-time,41,Primary,29,Semi-urban,Always,3333,556,1,B,0.4
3061-3355-7797,Manoj Bhatt,29-01-2024,04-02-2024,Blinkit,Full-time,37,Primary,58,Rural,Yes,3524,587,1,C,0.4
6326-9135-8321,Geeta Hegde,29-01-2024,04-02-2024,Porter,Full-time,42,Secondary,57,Urban,Rarely,3969,662,1,C,0.38
2070-9865-1623,Umesh Qureshi,29-01-2024,04-02-2024,Porter,Part-time,46,Primary,17,Rural,Sometimes,1805,301,1,A,0.38
4988-8107-5587,Priya Modi,29-01-2024,04-02-2024,Porter,Part-time,27,Primary,40,Rural,Rarely,1427,238,1,A,0.38
1146-2904-8391,Vimala Bhat,29-01-2024,04-02-2024,Porter,Part-time,43,Primary,41,Semi-urban,No,1422,237,1,A,0.38
1617-6704-7185,Sunita Pandey,29-01-2024,04-02-2024,Porter,Full-time,38,Secondary,4,Semi-urban,Yes,3508,585,1,C,0.38
9252-3759-3336,Ritesh Verma,29-01-2024,04-02-2024,Porter,Full-time,45,Secondary,28,Urban,No,3623,604,1,C,0.38
1799-2093-4593,Pooja Ghosh,29-01-2024,04-02-2024,Porter,Full-time,21,Secondary,32,Semi-urban,Yes,4319,720,1,D,0.38
2229-3941-9805,Sachin Agarwal,29-01-2024,04-02-2024,Porter,Full-time,25,Secondary,60,Rural,Always,3102,517,1,B,0.38
4575-5534-8473,Sarita Dave,29-01-2024,04-02-2024,Porter,Full-time,34,Secondary,44,Urban,Yes,3563,594,1,C,0.38
2382-5049-6367,Laxmi Qureshi,29-01-2024,04-02-2024,Porter,Full-time,43,Primary,57,Urban,Yes,4310,718,1,D,0.38
4300-7108-8649,Harish Yadav,29-01-2024,04-02-2024,Porter,Full-time,40,Secondary,53,Rural,Always,3460,577,1,B,0.38
5061-5940-3963,Vimala Yadav,29-01-2024,04-02-2024,Porter,Part-time,22,Primary,16,Urban,Rarely,1320,220,1,A,0.38
5942-9523-2599,Meena Rao,29-01-2024,04-02-2024,Porter,Full-time,48,Primary,23,Urban,Sometimes,3814,636,1,C,0.38
4899-3975-5662,Lokesh Bose,29-01-2024,04-02-2024,Porter,Full-time,44,Secondary,54,Rural,Yes,3564,594,1,C,0.38
4479-1551-3816,Pushpa Gowda,29-01-2024,04-02-2024,Porter,Full-time,42,Secondary,15,Semi-urban,Yes,3428,571,1,B,0.38
5624-4228-8500,Rajesh Poojary,29-01-2024,04-02-2024,Porter,Full-time,26,Secondary,56,Urban,Sometimes,2305,384,1,A,0.38
3161-2751-4469,Sumit Iyer,29-01-2024,04-02-2024,Porter,Full-time,23,Primary,15,Urban,Always,3514,586,1,C,0.38
8988-9671-4407,Satish Joshi,29-01-2024,04-02-2024,Porter,Full-time,28,Secondary,2,Semi-urban,No,4105,684,1,D,0.38
9404-3993-1691,Tarun Bose,29-01-2024,04-02-2024,Porter,Full-time,48,Primary,31,Semi-urban,No,2001,334,1,A,0.38
4080-1727-1034,Santosh Modi,29-01-2024,04-02-2024,Porter,Full-time,48,Secondary,24,Semi-urban,No,4358,726,1,D,0.38
9977-6212-4855,Prakash Gupta,29-01-2024,04-02-2024,Porter,Full-time,34,Primary,23,Rural,No,4006,668,1,C,0.38
7775-7053-9446,Mahesh Kamat,29-01-2024,04-02-2024,Porter,Full-time,37,Secondary,13,Urban,No,3276,546,1,B,0.38
4691-4127-5162,Manju Gupta,29-01-2024,04-02-2024,Porter,Full-time,29,Primary,8,Urban,Yes,3123,520,1,B,0.38
2956-8564-4689,Divya Bose,29-01-2024,04-02-2024,Porter,Full-time,40,Secondary,9,Urban,Yes,3817,636,1,C,0.38
5980-1632-8862,Vimala Pandey,29-01-2024,04-02-2024,Porter,Part-time,20,Secondary,39,Urban,Sometimes,1554,259,1,A,0.38
7333-9835-7270,Bharat Das,29-01-2024,04-02-2024,Porter,Full-time,41,Primary,40,Rural,Yes,3488,581,1,B,0.38
7750-1012-3323,Kavita Malik,29-01-2024,04-02-2024,Porter,Full-time,35,Secondary,40,Urban,No,4237,706,1,D,0.38
9875-4589-5207,Ritesh Dave,29-01-2024,04-02-2024,Porter,Full-time,48,Secondary,8,Rural,No,2653,442,1,A,0.38
3621-5963-5898,Lalit Shenoy,29-01-2024,04-02-2024,Porter,Full-time,30,Secondary,15,Urban,Always,3484,581,1,B,0.38
7832-6167-2215,Rekha Gupta,29-01-2024,04-02-2024,Porter,Full-time,38,Secondary,18,Semi-urban,No,3093,516,1,B,0.38
7730-2202-5691,Praveen Chauhan,29-01-2024,04-02-2024,Porter,Part-time,22,Secondary,9,Urban,Sometimes,1551,258,1,A,0.38
5022-3638-9422,Naresh Yadav,29-01-2024,04-02-2024,Porter,Part-time,42,Primary,1,Rural,Sometimes,969,162,1,A,0.38
2118-7729-3810,Rakesh Bhatt,29-01-2024,04-02-2024,Porter,Full-time,45,Primary,8,Semi-urban,Yes,4068,678,1,D,0.38
6505-9684-9306,Meena Sharma,29-01-2024,04-02-2024,Porter,Full-time,38,Secondary,5,Urban,Sometimes,3183,530,1,B,0.38
8344-6419-3058,Bharat Dey,29-01-2024,04-02-2024,Porter,Full-time,22,Secondary,28,Urban,Yes,4274,712,1,D,0.38
8755-1169-5596,Nikhil Qureshi,29-01-2024,04-02-2024,Porter,Full-time,39,Secondary,4,Rural,Always,4179,696,1,D,0.38
7056-7523-1176,Sumit Dave,29-01-2024,04-02-2024,Porter,Full-time,31,Secondary,42,Semi-urban,Yes,2636,439,1,A,0.38
8132-7925-5463,Ritesh Yadav,29-01-2024,04-02-2024,Porter,Full-time,38,Primary,27,Urban,Always,4571,762,1,D,0.38
5822-9364-5125,Aarav Dey,29-01-2024,04-02-2024,Porter,Full-time,23,Secondary,41,Urban,Sometimes,3253,542,1,B,0.38
9265-8584-6075,Seema Parekh,29-01-2024,04-02-2024,Porter,Full-time,41,Primary,48,Semi-urban,Yes,2968,495,1,B,0.38
2607-1089-4413,Sarita Chatterjee,29-01-2024,04-02-2024,Shadowfax,Full-time,41,Secondary,57,Rural,Always,3397,566,1,B,0.33
2878-3901-7066,Anita Das,29-01-2024,04-02-2024,Shadowfax,Full-time,30,Primary,51,Semi-urban,Yes,3117,520,1,B,0.33
9630-7258-4744,Ramesh Bhatt,29-01-2024,04-02-2024,Shadowfax,Part-time,34,Primary,53,Urban,Yes,1038,173,1,A,0.33
9580-8699-5763,Suresh Gowda,29-01-2024,04-02-2024,Shadowfax,Part-time,38,Secondary,30,Semi-urban,Yes,880,147,1,A,0.33
4058-6841-8721,Harish Trivedi,29-01-2024,04-02-2024,Shadowfax,Full-time,37,Secondary,30,Semi-urban,Sometimes,3910,652,1,C,0.33
3629-6720-4784,Shyam Ansari,29-01-2024,04-02-2024,Shadowfax,Full-time,40,Secondary,38,Rural,No,2897,483,1,B,0.33
7768-5261-1697,Pradeep Qureshi,29-01-2024,04-02-2024,Shadowfax,Full-time,28,Primary,21,Urban,Sometimes,4381,730,1,D,0.33
8788-5209-4660,Laxmi Siddiqui,29-01-2024,04-02-2024,Shadowfax,Part-time,41,Primary,19,Urban,Sometimes,659,110,1,A,0.33
9736-4560-2907,Naresh Sen,29-01-2024,04-02-2024,Shadowfax,Part-time,22,Secondary,1,Urban,Always,2234,372,1,A,0.33
1968-3875-9262,Ritu Verma,29-01-2024,04-02-2024,Shadowfax,Full-time,20,Secondary,17,Rural,Always,3980,663,1,C,0.33
3102-8397-8216,Pooja Shaikh,29-01-2024,04-02-2024,Shadowfax,Full-time,44,Secondary,28,Semi-urban,Rarely,4405,734,1,D,0.33
1380-6424-7833,Dinesh Bhat,29-01-2024,04-02-2024,Shadowfax,Part-time,37,Primary,42,Urban,No,1176,196,1,A,0.33
8337-3768-6140,Priya Das,29-01-2024,04-02-2024,Shadowfax,Part-time,33,Secondary,38,Urban,Rarely,1636,273,1,A,0.33
8269-1104-6188,Sunita Agarwal,29-01-2024,04-02-2024,Shadowfax,Full-time,32,Secondary,15,Semi-urban,Always,3949,658,1,C,0.33
8020-2921-2114,Lalita Das,29-01-2024,04-02-2024,Shadowfax,Full-time,38,Primary,44,Rural,No,3265,544,1,B,0.33
9350-8578-1054,Anil Qureshi,29-01-2024,04-02-2024,Shadowfax,Full-time,37,Primary,6,Urban,Yes,3643,607,1,C,0.33
4228-8521-1010,Praveen Kamat,29-01-2024,04-02-2024,Shadowfax,Full-time,19,Secondary,3,Urban,Yes,4100,683,1,D,0.33
5992-2170-3781,Umesh Jain,29-01-2024,04-02-2024,Shadowfax,Full-time,43,Primary,2,Urban,No,3378,563,1,B,0.33
9314-1649-6154,Sunita Sen,29-01-2024,04-02-2024,Shadowfax,Full-time,21,Secondary,11,Semi-urban,No,2773,462,1,B,0.33
3896-9225-1083,Suman Bhat,29-01-2024,04-02-2024,Shadowfax,Full-time,30,Secondary,44,Rural,Yes,4264,711,1,D,0.33
4447-8609-7975,Arun Reddy,29-01-2024,04-02-2024,Shadowfax,Full-time,22,Primary,38,Urban,Yes,2893,482,1,B,0.33
3867-4050-2614,Sunil Reddy,29-01-2024,04-02-2024,Shadowfax,Full-time,32,Secondary,38,Urban,Sometimes,3381,564,1,B,0.33
5298-6973-6743,Aarav Naidu,29-01-2024,04-02-2024,Shadowfax,Full-time,40,Secondary,10,Urban,No,3881,647,1,C,0.33
9727-8688-7973,Kapil Jain,29-01-2024,04-02-2024,Shadowfax,Full-time,24,Secondary,21,Semi-urban,Always,3448,575,1,B,0.33
4953-7882-7764,Sunita Ahmed,29-01-2024,04-02-2024,Shadowfax,Full-time,44,Primary,1,Urban,Always,3392,565,1,B,0.33
7421-2430-3385,Vishal Agarwal,29-01-2024,04-02-2024,Shadowfax,Full-time,23,Secondary,8,Semi-urban,Sometimes,3689,615,1,C,0.33
7267-5650-7034,Sarita Paul,29-01-2024,04-02-2024,Shadowfax,Part-time,46,Primary,6,Urban,Yes,598,100,1,A,0.33
8226-3217-7206,Santosh Sen,29-01-2024,04-02-2024,Shadowfax,Full-time,47,Primary,22,Urban,Always,3178,530,1,B,0.33
6542-5439-2604,Naveen Gupta,29-01-2024,04-02-2024,Shadowfax,Full-time,36,Primary,51,Urban,Yes,4206,701,1,D,0.33
3292-5967-3586,Arun Mukherjee,29-01-2024,04-02-2024,Shadowfax,Full-time,41,Primary,31,Urban,Yes,3541,590,1,C,0.33
2892-7057-9673,Radha Kumar,29-01-2024,04-02-2024,Shadowfax,Full-time,21,Secondary,52,Semi-urban,No,3728,621,1,C,0.33
9567-9290-6285,Mukesh Naidu,29-01-2024,04-02-2024,Shadowfax,Full-time,23,Primary,28,Semi-urban,Sometimes,3966,661,1,C,0.33
6092-5153-1696,Mukesh Mehta,29-01-2024,04-02-2024,Shadowfax,Full-time,31,Secondary,30,Urban,Rarely,3359,560,1,B,0.33
1422-6542-6146,Mahesh Trivedi,29-01-2024,04-02-2024,Shadowfax,Full-time,48,Secondary,23,Urban,Yes,3722,620,1,C,0.33
5900-8868-7961,Kamla Menon,29-01-2024,04-02-2024,Shadowfax,Part-time,46,Primary,5,Urban,Always,1100,183,1,A,0.33
2895-2004-3220,Praveen Roy,29-01-2024,04-02-2024,Shadowfax,Full-time,41,Secondary,3,Urban,No,2729,455,1,B,0.33
8768-2792-9432,Nisha Shetty,29-01-2024,04-02-2024,Shadowfax,Full-time,34,Primary,47,Urban,Always,3639,606,1,C,0.33
2754-5801-8725,Radha Chatterjee,29-01-2024,04-02-2024,Shadowfax,Full-time,26,Primary,36,Semi-urban,Sometimes,3859,643,1,C,0.33
5950-7600-8162,Vinod Yadav,29-01-2024,04-02-2024,Shadowfax,Full-time,37,Primary,41,Urban,No,3732,622,1,C,0.33
4472-3746-2545,Nilesh Mehta,29-01-2024,04-02-2024,Shadowfax,Full-time,33,Primary,36,Rural,Yes,4119,686,1,D,0.33
2640-1363-8065,Vinod Singh,05-02-2024,11-02-2024,Amazon,Full-time,32,Secondary,47,Urban,Sometimes,4329,722,1,D,0.27
6217-9921-2907,Santosh Verma,05-02-2024,11-02-2024,Amazon,Full-time,22,Secondary,17,Urban,Rarely,3721,620,1,C,0.27
7349-3472-7936,Rahul Sharma,05-02-2024,11-02-2024,Amazon,Full-time,38,Secondary,46,Urban,Always,3490,582,1,C,0.27
4112-3965-6397,Arun Patel,05-02-2024,11-02-2024,Amazon,Full-time,40,Secondary,37,Semi-urban,Yes,4557,760,1,D,0.27
2396-3088-2429,Nikhil Banerjee,05-02-2024,11-02-2024,Amazon,Full-time,28,Primary,54,Semi-urban,Yes,4473,746,1,D,0.27
4963-7821-7884,Bharat Bhat,05-02-2024,11-02-2024,Amazon,Full-time,25,Primary,57,Urban,No,4698,783,1,D,0.27
4232-5218-7253,Shanti Trivedi,05-02-2024,11-02-2024,Amazon,Full-time,24,Primary,46,Urban,No,4583,764,1,D,0.27
2746-6763-3672,Sarita Dey,05-02-2024,11-02-2024,Amazon,Full-time,28,Primary,51,Urban,Yes,2562,427,1,A,0.27
1230-1892-1086,Arun Sen,05-02-2024,11-02-2024,Amazon,Full-time,29,Secondary,56,Urban,No,4337,723,1,D,0.27
4387-6738-2811,Seema Sen,05-02-2024,11-02-2024,Amazon,Full-time,29,Primary,4,Rural,Yes,4163,694,1,D,0.27
9265-4321-1594,Girish Rao,05-02-2024,11-02-2024,Amazon,Full-time,38,Secondary,53,Urban,No,4131,688,1,D,0.27
3496-4426-1355,Rakesh Shaikh,05-02-2024,11-02-2024,Amazon,Full-time,45,Primary,5,Urban,Sometimes,4718,786,1,D,0.27
9969-4113-2677,Bharat Naik,05-02-2024,11-02-2024,Amazon,Part-time,39,Primary,49,Urban,Always,2457,410,1,A,0.27
8660-5353-2598,Ajay Kumar,05-02-2024,11-02-2024,Amazon,Full-time,41,Secondary,24,Urban,Sometimes,3748,625,1,C,0.27
3391-4834-2854,Sunil Kumar,05-02-2024,11-02-2024,Amazon,Part-time,39,Primary,45,Urban,Rarely,2077,346,1,A,0.27
6918-6429-4550,Kiran Verma,05-02-2024,11-02-2024,Amazon,Full-time,21,Primary,42,Urban,Yes,4691,782,1,D,0.27
5779-5313-9445,Kavita Nair,05-02-2024,11-02-2024,Amazon,Full-time,36,Secondary,6,Urban,Rarely,3977,663,1,C,0.27
6010-8812-6995,Nisha Malik,05-02-2024,11-02-2024,Amazon,Full-time,28,Primary,4,Urban,Sometimes,2530,422,1,A,0.27
1628-1185-5009,Mahesh Shenoy,05-02-2024,11-02-2024,Amazon,Full-time,22,Secondary,31,Semi-urban,Yes,4503,750,1,D,0.27
1621-9807-5954,Rohit Shetty,05-02-2024,11-02-2024,Amazon,Full-time,22,Secondary,29,Urban,Sometimes,3899,650,1,C,0.27
7558-2428-2814,Suman Reddy,05-02-2024,11-02-2024,Amazon,Part-time,34,Secondary,53,Semi-urban,Sometimes,1988,331,1,A,0.27
1688-6901-4145,Vinod Shaikh,05-02-2024,11-02-2024,Amazon,Full-time,43,Secondary,29,Urban,Sometimes,4450,742,1,D,0.27
4414-1094-1798,Bharat Shaikh,05-02-2024,11-02-2024,Amazon,Part-time,36,Primary,24,Semi-urban,Rarely,1548,258,1,A,0.27
2987-8989-5637,Asha Ahmed,05-02-2024,11-02-2024,Amazon,Full-time,37,Primary,37,Semi-urban,Always,5032,839,1,D,0.27
9046-6192-5651,Nikhil Hegde,05-02-2024,11-02-2024,Amazon,Full-time,23,Primary,50,Urban,Sometimes,4902,817,1,D,0.27
5860-2403-4817,Lalit Tiwari,05-02-2024,11-02-2024,Amazon,Part-time,37,Primary,30,Semi-urban,No,2126,354,1,A,0.27
7800-1547-6954,Ajay Mishra,05-02-2024,11-02-2024,Amazon,Part-time,41,Secondary,2,Urban,Always,1252,209,1,A,0.27
2738-7941-6804,Lalita Sharma,05-02-2024,11-02-2024,Amazon,Full-time,19,Primary,38,Rural,Always,4102,684,1,D,0.27
3256-5540-4851,Shanti Yadav,05-02-2024,11-02-2024,Amazon,Full-time,25,Secondary,12,Urban,Always,4954,826,1,D,0.27
7140-7812-4750,Ganesh Jain,05-02-2024,11-02-2024,Amazon,Full-time,19,Primary,45,Semi-urban,Sometimes,3860,643,1,C,0.27
5573-3048-3614,Neha Trivedi,05-02-2024,11-02-2024,Amazon,Full-time,41,Secondary,6,Rural,Yes,4558,760,1,D,0.27
2206-8886-3158,Bharat Hegde,05-02-2024,11-02-2024,Amazon,Part-time,20,Primary,51,Semi-urban,Sometimes,1789,298,1,A,0.27
4979-6633-5580,Amit Singh,05-02-2024,11-02-2024,Amazon,Part-time,19,Secondary,5,Urban,Sometimes,1611,268,1,A,0.27
6224-4837-3146,Varun Bhatt,05-02-2024,11-02-2024,Amazon,Full-time,33,Secondary,6,Urban,Always,4758,793,1,D,0.27
9548-4920-3613,Sita Hegde,05-02-2024,11-02-2024,Amazon,Full-time,22,Primary,23,Rural,No,4314,719,1,D,0.27
5511-3905-9262,Pushpa Rao,05-02-2024,11-02-2024,Amazon,Full-time,21,Secondary,20,Semi-urban,Yes,5145,858,1,D,0.27
4394-6808-6099,Vimala Shah,05-02-2024,11-02-2024,Amazon,Full-time,40,Secondary,21,Semi-urban,Yes,4213,702,1,D,0.27
4831-4995-7037,Sita Parekh,05-02-2024,11-02-2024,Amazon,Full-time,31,Primary,16,Rural,Always,3756,626,1,C,0.27
1269-6334-3728,Ravi Singh,05-02-2024,11-02-2024,Amazon,Part-time,30,Primary,33,Urban,Always,1078,180,1,A,0.27
3337-7610-1012,Anita Jain,05-02-2024,11-02-2024,Amazon,Full-time,44,Secondary,37,Semi-urban,Sometimes,4938,823,1,D,0.27
4940-1805-6603,Sarita Ali,05-02-2024,11-02-2024,Amazon,Full-time,19,Secondary,54,Semi-urban,Sometimes,4140,690,1,D,0.27
8560-9896-2115,Sumit Kumar,05-02-2024,11-02-2024,Amazon,Full-time,46,Secondary,43,Semi-urban,No,4423,737,1,D,0.27
5451-5314-8283,Kamla Gowda,05-02-2024,11-02-2024,Amazon,Full-time,35,Secondary,42,Urban,Yes,3787,631,1,C,0.27
1380-5070-5438,Ritesh Patel,05-02-2024,11-02-2024,Amazon,Full-time,41,Secondary,9,Urban,Yes,4824,804,1,D,0.27
4609-9133-4819,Amit Mishra,05-02-2024,11-02-2024,Amazon,Part-time,24,Secondary,16,Urban,Sometimes,659,110,1,A,0.27
3459-1579-8738,Tarun Naidu,05-02-2024,11-02-2024,Amazon,Full-time,33,Secondary,43,Rural,Sometimes,4604,767,1,D,0.27
7329-6865-6886,Harish Kumar,05-02-2024,11-02-2024,Amazon,Part-time,25,Secondary,36,Urban,Yes,1069,178,1,A,0.27
6936-2496-9328,Sunil Bhat,05-02-2024,11-02-2024,Amazon,Part-time,32,Secondary,21,Rural,No,1731,288,1,A,0.27
6595-2186-8035,Ramesh Paul,05-02-2024,11-02-2024,Amazon,Full-time,27,Primary,32,Semi-urban,Always,4098,683,1,D,0.27
1364-5726-7613,Dinesh Shah,05-02-2024,11-02-2024,Amazon,Full-time,47,Secondary,47,Urban,Always,5348,891,1,D,0.27
4231-2372-4282,Varun Shah,05-02-2024,11-02-2024,Amazon,Part-time,39,Secondary,25,Urban,Sometimes,1483,247,1,A,0.27
1639-9454-1738,Padma Bose,05-02-2024,11-02-2024,Amazon,Full-time,48,Primary,5,Urban,No,4560,760,1,D,0.27
1365-1216-3667,Ravi Gupta,05-02-2024,11-02-2024,Amazon,Full-time,33,Secondary,52,Urban,Yes,4457,743,1,D,0.27
9585-7551-1282,Sita Chauhan,05-02-2024,11-02-2024,Amazon,Full-time,45,Secondary,34,Urban,Yes,4620,770,1,D,0.27
2440-9742-5006,Lalit Hegde,05-02-2024,11-02-2024,Amazon,Full-time,40,Primary,16,Rural,Yes,4254,709,1,D,0.27
8119-5398-8401,Deepak Amin,05-02-2024,11-02-2024,Amazon,Full-time,33,Primary,30,Urban,No,4033,672,1,D,0.27
9536-5487-9929,Ramesh Jain,05-02-2024,11-02-2024,Amazon,Full-time,32,Secondary,56,Urban,Yes,5188,865,1,D,0.27
9275-1761-4737,Lalita Bose,05-02-2024,11-02-2024,Amazon,Full-time,38,Primary,28,Semi-urban,Always,4868,811,1,D,0.27
3473-5694-9734,Sanjay Hegde,05-02-2024,11-02-2024,Amazon,Full-time,46,Secondary,25,Rural,No,4635,772,1,D,0.27
8538-5651-3019,Usha Qureshi,05-02-2024,11-02-2024,Amazon,Full-time,29,Primary,52,Urban,No,4730,788,1,D,0.27
5851-9238-5792,Deepak Iyer,05-02-2024,11-02-2024,Amazon,Full-time,25,Secondary,35,Urban,Yes,4362,727,1,D,0.27
1995-4204-5323,Yogesh Rajput,05-02-2024,11-02-2024,Amazon,Full-time,46,Primary,49,Semi-urban,No,3538,590,1,C,0.27
9066-5812-5044,Neha Malik,05-02-2024,11-02-2024,Amazon,Full-time,44,Secondary,29,Semi-urban,Always,4103,684,1,D,0.27
8466-1900-4700,Kavita Shenoy,05-02-2024,11-02-2024,Amazon,Full-time,24,Primary,1,Semi-urban,No,4435,739,1,D,0.27
2676-1661-7233,Kamla Ansari,05-02-2024,11-02-2024,Amazon,Full-time,42,Primary,60,Semi-urban,Yes,5258,876,1,D,0.27
9729-5078-9709,Shanti Pandey,05-02-2024,11-02-2024,Amazon,Full-time,22,Secondary,28,Urban,Sometimes,5179,863,1,D,0.27
9735-7101-8282,Deepak Naik,05-02-2024,11-02-2024,Amazon,Full-time,36,Primary,55,Semi-urban,Sometimes,4911,818,1,D,0.27
3378-9204-6948,Arun Das,05-02-2024,11-02-2024,Amazon,Full-time,47,Primary,41,Urban,Sometimes,5019,836,1,D,0.27
5550-7560-6627,Ritu Ahmed,05-02-2024,11-02-2024,Amazon,Full-time,37,Primary,59,Semi-urban,Sometimes,4440,740,1,D,0.27
4864-3874-7119,Divya Chatterjee,05-02-2024,11-02-2024,Amazon,Full-time,38,Primary,32,Rural,Always,5258,876,1,D,0.27
8031-8567-1256,Sanjay Ghosh,05-02-2024,11-02-2024,Ekart,Part-time,45,Secondary,60,Semi-urban,No,1605,268,1,A,0.31
7934-9201-3568,Satish Modi,05-02-2024,11-02-2024,Ekart,Full-time,33,Secondary,22,Semi-urban,Yes,5081,847,1,D,0.31
9840-7391-1437,Yogesh Kumar,05-02-2024,11-02-2024,Ekart,Full-time,26,Secondary,32,Semi-urban,No,3424,571,1,C,0.31
7001-5659-2958,Amit Mehta,05-02-2024,11-02-2024,Ekart,Full-time,36,Primary,41,Semi-urban,Yes,3873,646,1,C,0.31
9007-1153-6548,Shyam Parekh,05-02-2024,11-02-2024,Ekart,Full-time,24,Secondary,44,Semi-urban,No,1843,307,1,A,0.31
9232-9765-9480,Vinod Shah,05-02-2024,11-02-2024,Ekart,Full-time,40,Secondary,31,Urban,Yes,4399,733,1,D,0.31
7075-6470-5726,Prakash Khan,05-02-2024,11-02-2024,Ekart,Full-time,26,Secondary,11,Rural,Always,4755,792,1,D,0.31
4647-4190-4886,Sachin Patel,05-02-2024,11-02-2024,Ekart,Full-time,23,Secondary,60,Urban,No,4597,766,1,D,0.31
8832-1295-6372,Geeta Rajput,05-02-2024,11-02-2024,Ekart,Part-time,41,Secondary,4,Urban,Yes,1565,261,1,A,0.31
9459-3589-3492,Naresh Naidu,05-02-2024,11-02-2024,Ekart,Part-time,26,Secondary,54,Semi-urban,No,1257,210,1,A,0.31
5123-7434-5080,Tarun Amin,05-02-2024,11-02-2024,Ekart,Full-time,44,Primary,4,Urban,Always,3371,562,1,B,0.31
9998-1196-2904,Prakash Ahmed,05-02-2024,11-02-2024,Ekart,Full-time,27,Secondary,18,Semi-urban,Sometimes,4395,732,1,D,0.31
2768-8501-8984,Praveen Banerjee,05-02-2024,11-02-2024,Ekart,Full-time,43,Secondary,2,Rural,Sometimes,3836,639,1,C,0.31
2599-6664-4192,Pradeep Shah,05-02-2024,11-02-2024,Ekart,Full-time,22,Primary,15,Semi-urban,Always,3574,596,1,C,0.31
1502-7401-9940,Ravi Patel,05-02-2024,11-02-2024,Ekart,Full-time,24,Primary,39,Semi-urban,Sometimes,3902,650,1,C,0.31
7668-7974-4742,Sita Islam,05-02-2024,11-02-2024,Ekart,Full-time,40,Secondary,5,Rural,Yes,4620,770,1,D,0.31
2648-8281-8986,Shanti Rao,05-02-2024,11-02-2024,Ekart,Full-time,25,Secondary,43,Urban,Rarely,3648,608,1,C,0.31
9157-3668-4315,Mamta Iyer,05-02-2024,11-02-2024,Ekart,Full-time,46,Secondary,33,Urban,Always,2627,438,1,B,0.31
8573-6512-1728,Padma Thakur,05-02-2024,11-02-2024,Ekart,Full-time,43,Secondary,46,Semi-urban,Yes,3923,654,1,C,0.31
6804-8724-6821,Mamta Paul,05-02-2024,11-02-2024,Ekart,Part-time,30,Secondary,23,Semi-urban,Always,1226,204,1,A,0.31
1455-5435-7016,Rajesh Hegde,05-02-2024,11-02-2024,Ekart,Full-time,39,Secondary,37,Urban,Yes,4005,668,1,C,0.31
9023-1820-1936,Rajesh Shah,05-02-2024,11-02-2024,Ekart,Full-time,30,Secondary,16,Semi-urban,No,3286,548,1,B,0.31
9112-3293-1037,Vimala Chatterjee,05-02-2024,11-02-2024,Ekart,Full-time,24,Secondary,22,Semi-urban,Yes,2751,458,1,B,0.31
3500-9794-9532,Asha Khan,05-02-2024,11-02-2024,Ekart,Full-time,38,Primary,35,Urban,Sometimes,3921,654,1,C,0.31
7911-2412-1499,Vishal Bhat,05-02-2024,11-02-2024,Ekart,Full-time,46,Primary,1,Urban,Yes,3488,581,1,C,0.31
5458-2600-8079,Aarav Ahmed,05-02-2024,11-02-2024,Ekart,Part-time,44,Secondary,14,Rural,Sometimes,1820,303,1,A,0.31
2609-2674-1106,Anil Sharma,05-02-2024,11-02-2024,Ekart,Full-time,32,Secondary,59,Semi-urban,Yes,3345,558,1,B,0.31
8312-9891-3626,Vimala Modi,05-02-2024,11-02-2024,Ekart,Full-time,22,Primary,24,Semi-urban,Sometimes,3807,634,1,C,0.31
4346-3791-1321,Rohit Siddiqui,05-02-2024,11-02-2024,Ekart,Full-time,26,Primary,37,Urban,Always,3900,650,1,C,0.31
5196-4344-8856,Asha Modi,05-02-2024,11-02-2024,Ekart,Part-time,23,Secondary,26,Urban,Sometimes,587,98,1,A,0.31
6495-6067-6597,Naveen Ansari,05-02-2024,11-02-2024,Ekart,Full-time,37,Primary,46,Urban,Rarely,4128,688,1,D,0.31
5470-2093-5454,Usha Rajput,05-02-2024,11-02-2024,Ekart,Full-time,26,Primary,20,Urban,No,4399,733,1,D,0.31
5023-2669-6392,Tarun Modi,05-02-2024,11-02-2024,Ekart,Part-time,44,Secondary,50,Urban,No,666,111,1,A,0.31
5636-9843-4026,Dinesh Naidu,05-02-2024,11-02-2024,Ekart,Full-time,40,Secondary,7,Urban,Sometimes,3509,585,1,C,0.31
2669-7347-6948,Nilesh Ansari,05-02-2024,11-02-2024,Ekart,Full-time,24,Primary,58,Rural,Sometimes,4352,725,1,D,0.31
2256-9496-1522,Nikhil Pillai,05-02-2024,11-02-2024,Ekart,Full-time,48,Primary,59,Urban,No,3966,661,1,C,0.31
1123-4845-3631,Vijay Modi,05-02-2024,11-02-2024,Ekart,Full-time,41,Primary,7,Semi-urban,Sometimes,4119,686,1,D,0.31
9742-4652-9363,Radha Shaikh,05-02-2024,11-02-2024,Ekart,Full-time,31,Primary,22,Rural,Yes,5133,856,1,D,0.31
6542-9149-1032,Sarita Yadav,05-02-2024,11-02-2024,Ekart,Full-time,41,Secondary,4,Rural,Yes,3119,520,1,B,0.31
3324-7953-1844,Vijay Sharma,05-02-2024,11-02-2024,Ekart,Full-time,25,Secondary,1,Urban,Yes,4409,735,1,D,0.31
6048-4906-2910,Sarita Modi,05-02-2024,11-02-2024,Ekart,Full-time,28,Secondary,58,Urban,No,3453,576,1,C,0.31
9894-9893-6612,Nilesh Shenoy,05-02-2024,11-02-2024,Ekart,Full-time,39,Secondary,34,Urban,No,3615,602,1,C,0.31
3807-7792-5341,Rohit Khan,05-02-2024,11-02-2024,Ekart,Full-time,43,Primary,50,Urban,Yes,3916,653,1,C,0.31
7699-7037-7589,Meena Gupta,05-02-2024,11-02-2024,Ekart,Full-time,22,Secondary,29,Urban,Yes,2973,496,1,B,0.31
4001-7245-3685,Savita Bhatt,05-02-2024,11-02-2024,Ekart,Part-time,34,Primary,47,Urban,Rarely,320,53,1,A,0.31
5680-3005-5418,Sachin Das,05-02-2024,11-02-2024,Ekart,Full-time,20,Secondary,28,Rural,No,4495,749,1,D,0.31
1837-1339-6538,Mahesh Malik,05-02-2024,11-02-2024,Ekart,Full-time,39,Primary,6,Semi-urban,Always,4904,817,1,D,0.31
5558-9721-7990,Mamta Sen,05-02-2024,11-02-2024,Ekart,Full-time,21,Primary,1,Urban,Sometimes,3529,588,1,C,0.31
3760-1701-2126,Vinod Hussain,05-02-2024,11-02-2024,Ekart,Full-time,22,Primary,34,Semi-urban,Sometimes,4267,711,1,D,0.31
1512-9860-3209,Umesh Amin,05-02-2024,11-02-2024,Ekart,Full-time,20,Primary,24,Rural,Sometimes,3767,628,1,C,0.31
2927-5069-5480,Usha Siddiqui,05-02-2024,11-02-2024,Ekart,Part-time,31,Primary,40,Semi-urban,No,2326,388,1,A,0.31
3667-7876-6594,Naresh Bhat,05-02-2024,11-02-2024,Ekart,Part-time,24,Primary,35,Rural,Sometimes,2523,420,1,A,0.31
7125-2311-2980,Manoj Reddy,05-02-2024,11-02-2024,Ekart,Full-time,39,Secondary,22,Semi-urban,Rarely,3824,637,1,C,0.31
4277-5990-6396,Varun Gupta,05-02-2024,11-02-2024,Ekart,Full-time,32,Secondary,59,Semi-urban,Sometimes,4065,678,1,D,0.31
6196-3764-4181,Ganesh Kumar,05-02-2024,11-02-2024,Ekart,Full-time,47,Secondary,7,Urban,No,4370,728,1,D,0.31
6808-5031-5191,Manoj Siddiqui,05-02-2024,11-02-2024,Ekart,Part-time,28,Primary,9,Semi-urban,Sometimes,1170,195,1,A,0.31
2906-1935-9229,Dinesh Chatterjee,05-02-2024,11-02-2024,Ekart,Full-time,40,Primary,60,Semi-urban,Yes,4563,760,1,D,0.31
5134-6438-5831,Rahul Pandey,05-02-2024,11-02-2024,Ekart,Full-time,21,Primary,2,Urban,Yes,3818,636,1,C,0.31
2166-1879-8599,Dinesh Modi,05-02-2024,11-02-2024,Ekart,Full-time,32,Secondary,33,Urban,No,2409,402,1,A,0.31
5400-6850-2940,Laxmi Tiwari,05-02-2024,11-02-2024,Ekart,Full-time,22,Secondary,17,Urban,Sometimes,3860,643,1,C,0.31
5612-8502-8582,Shanti Naidu,05-02-2024,11-02-2024,Delhivery,Full-time,20,Primary,42,Urban,Sometimes,4042,674,1,D,0.36
1099-3113-2449,Anita Bhatt,05-02-2024,11-02-2024,Delhivery,Full-time,34,Primary,15,Semi-urban,Sometimes,2955,492,1,B,0.36
5987-3835-6925,Satish Thakur,05-02-2024,11-02-2024,Delhivery,Full-time,32,Secondary,34,Rural,Yes,2332,389,1,A,0.36
7430-9674-5855,Bharat Banerjee,05-02-2024,11-02-2024,Delhivery,Full-time,37,Secondary,43,Urban,No,2419,403,1,A,0.36
4644-7327-8179,Anita Paul,05-02-2024,11-02-2024,Delhivery,Full-time,33,Secondary,12,Semi-urban,Yes,3957,660,1,C,0.36
1862-9944-7412,Durga Bhatt,05-02-2024,11-02-2024,Delhivery,Full-time,47,Secondary,50,Semi-urban,Sometimes,3639,606,1,C,0.36
1981-3769-1663,Vishal Shetty,05-02-2024,11-02-2024,Delhivery,Full-time,45,Primary,20,Urban,Always,4448,741,1,D,0.36
6738-4064-3147,Rakesh Mukherjee,05-02-2024,11-02-2024,Delhivery,Full-time,30,Primary,31,Urban,No,3427,571,1,C,0.36
2583-6357-3282,Anita Modi,05-02-2024,11-02-2024,Delhivery,Part-time,38,Secondary,24,Semi-urban,No,1707,284,1,A,0.36
7249-3187-7723,Mohit Ali,05-02-2024,11-02-2024,Delhivery,Part-time,41,Secondary,20,Urban,Yes,1682,280,1,A,0.36
3877-9342-5256,Sumit Ali,05-02-2024,11-02-2024,Delhivery,Part-time,32,Primary,14,Urban,Yes,903,150,1,A,0.36
8071-8576-8329,Divya Trivedi,05-02-2024,11-02-2024,Delhivery,Full-time,35,Secondary,59,Semi-urban,Always,3511,585,1,C,0.36
2719-1252-7336,Ritu Kamat,05-02-2024,11-02-2024,Delhivery,Full-time,25,Secondary,5,Semi-urban,Yes,4235,706,1,D,0.36
8418-4502-8986,Rakesh Desai,05-02-2024,11-02-2024,Delhivery,Full-time,42,Primary,52,Urban,No,3163,527,1,B,0.36
6748-8511-4875,Mukesh Joshi,05-02-2024,11-02-2024,Delhivery,Full-time,21,Secondary,5,Semi-urban,Yes,3574,596,1,C,0.36
5797-8603-4104,Lalita Modi,05-02-2024,11-02-2024,Delhivery,Full-time,24,Secondary,47,Urban,Sometimes,4008,668,1,C,0.36
1913-1753-6591,Satish Shenoy,05-02-2024,11-02-2024,Delhivery,Part-time,43,Primary,1,Urban,Yes,1542,257,1,A,0.36
6979-9831-3279,Praveen Rajput,05-02-2024,11-02-2024,Delhivery,Part-time,20,Secondary,7,Semi-urban,Always,1354,226,1,A,0.36
8500-8289-9537,Nilesh Sharma,05-02-2024,11-02-2024,Delhivery,Full-time,38,Secondary,38,Rural,No,4084,681,1,D,0.36
2684-6961-3879,Sunil Malik,05-02-2024,11-02-2024,Delhivery,Part-time,47,Secondary,40,Rural,Always,1396,233,1,A,0.36
1321-5336-5256,Shyam Trivedi,05-02-2024,11-02-2024,Delhivery,Part-time,24,Primary,23,Semi-urban,Sometimes,2077,346,1,A,0.36
7726-2862-8823,Vimala Pillai,05-02-2024,11-02-2024,Delhivery,Full-time,19,Secondary,15,Urban,Yes,2404,401,1,A,0.36
5864-6629-8835,Lokesh Verma,05-02-2024,11-02-2024,Delhivery,Full-time,36,Primary,50,Urban,No,3105,518,1,B,0.36
5998-6165-6950,Sarita Ahmed,05-02-2024,11-02-2024,Delhivery,Full-time,26,Secondary,54,Semi-urban,Yes,2794,466,1,B,0.36
9788-6499-1889,Padma Sharma,05-02-2024,11-02-2024,Delhivery,Full-time,41,Secondary,24,Rural,Yes,3969,662,1,C,0.36
2700-7445-8892,Ajay Das,05-02-2024,11-02-2024,Delhivery,Full-time,43,Primary,41,Urban,Yes,3236,539,1,B,0.36
5958-1314-4063,Suman Tiwari,05-02-2024,11-02-2024,Delhivery,Full-time,30,Primary,44,Semi-urban,Yes,3377,563,1,B,0.36
9329-4417-7309,Rekha Poojary,05-02-2024,11-02-2024,Delhivery,Full-time,22,Secondary,43,Rural,Yes,3280,547,1,B,0.36
9126-8412-3795,Vinod Islam,05-02-2024,11-02-2024,Delhivery,Full-time,33,Secondary,3,Rural,Yes,3937,656,1,C,0.36
6040-5876-8389,Manoj Dave,05-02-2024,11-02-2024,Delhivery,Full-time,19,Secondary,45,Semi-urban,No,3188,531,1,B,0.36
4643-9689-6282,Nisha Rajput,05-02-2024,11-02-2024,Delhivery,Full-time,38,Secondary,34,Semi-urban,Yes,4600,767,1,D,0.36
1987-5547-7635,Kapil Dey,05-02-2024,11-02-2024,Delhivery,Full-time,24,Secondary,59,Semi-urban,Always,3152,525,1,B,0.36
6333-7245-1404,Ritu Gupta,05-02-2024,11-02-2024,Delhivery,Full-time,27,Secondary,28,Urban,Yes,3692,615,1,C,0.36
8117-7929-8772,Lalit Malik,05-02-2024,11-02-2024,Delhivery,Full-time,25,Primary,50,Semi-urban,No,4619,770,1,D,0.36
7602-3934-5871,Mohit Amin,05-02-2024,11-02-2024,Delhivery,Full-time,25,Secondary,32,Urban,Always,3236,539,1,B,0.36
7125-8727-2057,Harish Joshi,05-02-2024,11-02-2024,Delhivery,Part-time,27,Primary,48,Urban,Sometimes,1137,190,1,A,0.36
5999-8346-6133,Varun Reddy,05-02-2024,11-02-2024,Delhivery,Part-time,23,Primary,12,Urban,Yes,891,148,1,A,0.36
6290-1666-2434,Ravi Ahmed,05-02-2024,11-02-2024,Delhivery,Full-time,30,Primary,50,Rural,Yes,4165,694,1,D,0.36
5492-8199-8516,Ritu Amin,05-02-2024,11-02-2024,Delhivery,Full-time,22,Primary,23,Semi-urban,Always,4142,690,1,D,0.36
2973-6073-4036,Nikhil Dave,05-02-2024,11-02-2024,Delhivery,Full-time,45,Primary,49,Urban,Sometimes,3602,600,1,C,0.36
4899-1022-7211,Amit Reddy,05-02-2024,11-02-2024,Delhivery,Full-time,27,Secondary,26,Rural,Sometimes,3617,603,1,C,0.36
8511-7298-3740,Radha Das,05-02-2024,11-02-2024,Delhivery,Full-time,21,Primary,19,Urban,Sometimes,3537,590,1,C,0.36
6604-7654-9546,Naveen Modi,05-02-2024,11-02-2024,Delhivery,Part-time,40,Primary,49,Semi-urban,No,918,153,1,A,0.36
8461-5366-9651,Nilesh Gowda,05-02-2024,11-02-2024,Delhivery,Full-time,42,Primary,40,Urban,Sometimes,3312,552,1,B,0.36
3775-9974-6275,Rahul Thakur,05-02-2024,11-02-2024,Delhivery,Full-time,35,Primary,35,Semi-urban,No,3957,660,1,C,0.36
4276-2010-6228,Lalita Hussain,05-02-2024,11-02-2024,Delhivery,Full-time,48,Primary,29,Rural,No,3117,520,1,B,0.36
2116-3067-1674,Rekha Desai,05-02-2024,11-02-2024,Delhivery,Full-time,42,Secondary,57,Semi-urban,Yes,3944,657,1,C,0.36
8631-3121-8268,Rohit Chatterjee,05-02-2024,11-02-2024,Delhivery,Full-time,30,Primary,39,Urban,Yes,3832,639,1,C,0.36
6753-1346-5760,Shanti Amin,05-02-2024,11-02-2024,Delhivery,Part-time,22,Primary,17,Urban,Always,1838,306,1,A,0.36
5109-9416-5088,Vijay Khan,05-02-2024,11-02-2024,Delhivery,Full-time,38,Secondary,43,Semi-urban,No,3265,544,1,B,0.36
2886-9417-5363,Prakash Shetty,05-02-2024,11-02-2024,Delhivery,Full-time,38,Secondary,11,Urban,Yes,2858,476,1,B,0.36
5560-9189-6749,Gaurav Kumar,05-02-2024,11-02-2024,Delhivery,Full-time,43,Secondary,41,Semi-urban,Always,4569,762,1,D,0.36
5947-6172-5000,Asha Jain,05-02-2024,11-02-2024,Delhivery,Full-time,45,Primary,58,Urban,Always,2903,484,1,B,0.36
6777-3439-5887,Sunil Bhatt,05-02-2024,11-02-2024,Delhivery,Full-time,43,Primary,21,Urban,Rarely,4086,681,1,D,0.36
7793-4934-6349,Vijay Thakur,05-02-2024,11-02-2024,Delhivery,Full-time,29,Primary,29,Semi-urban,Rarely,3997,666,1,C,0.36
2438-2387-9170,Priya Chatterjee,05-02-2024,11-02-2024,Dunzo,Part-time,34,Secondary,19,Semi-urban,Always,987,164,1,A,0.42
7487-4851-1905,Rakesh Thakur,05-02-2024,11-02-2024,Dunzo,Full-time,41,Secondary,21,Urban,Sometimes,3481,580,1,C,0.42
9828-2159-3406,Aarav Roy,05-02-2024,11-02-2024,Dunzo,Full-time,28,Secondary,19,Urban,Sometimes,2988,498,1,B,0.42
4061-2308-3601,Pradeep Shaikh,05-02-2024,11-02-2024,Dunzo,Full-time,25,Secondary,35,Semi-urban,Sometimes,3396,566,1,B,0.42
4619-6601-6408,Padma Bhatt,05-02-2024,11-02-2024,Dunzo,Full-time,41,Secondary,37,Urban,Yes,3479,580,1,C,0.42
8919-3727-2053,Praveen Bhat,05-02-2024,11-02-2024,Dunzo,Full-time,47,Primary,17,Urban,Always,2966,494,1,B,0.42
9481-2654-9452,Kapil Hegde,05-02-2024,11-02-2024,Dunzo,Full-time,33,Primary,22,Semi-urban,Always,3508,585,1,C,0.42
1572-1323-3492,Mohit Naidu,05-02-2024,11-02-2024,Dunzo,Part-time,47,Secondary,3,Urban,Yes,1420,237,1,A,0.42
1660-7607-3971,Manoj Trivedi,05-02-2024,11-02-2024,Dunzo,Full-time,30,Primary,40,Urban,Rarely,2922,487,1,B,0.42
5227-8577-1307,Radha Iyer,05-02-2024,11-02-2024,Dunzo,Full-time,38,Secondary,25,Urban,Yes,4101,684,1,D,0.42
6771-6236-7161,Yogesh Dave,05-02-2024,11-02-2024,Dunzo,Full-time,20,Primary,58,Rural,Yes,3234,539,1,B,0.42
4465-4777-3713,Kavita Hegde,05-02-2024,11-02-2024,Dunzo,Part-time,29,Secondary,32,Urban,Sometimes,2010,335,1,A,0.42
5974-2046-1311,Suman Malik,05-02-2024,11-02-2024,Dunzo,Part-time,23,Secondary,36,Urban,Always,1754,292,1,A,0.42
9980-6047-2819,Rajesh Malik,05-02-2024,11-02-2024,Dunzo,Full-time,33,Secondary,38,Semi-urban,Yes,4008,668,1,C,0.42
4208-2014-8395,Usha Shaikh,05-02-2024,11-02-2024,Dunzo,Part-time,22,Primary,20,Semi-urban,Sometimes,968,161,1,A,0.42
6323-9581-2367,Mukesh Rao,05-02-2024,11-02-2024,Dunzo,Full-time,43,Secondary,26,Urban,Yes,4338,723,1,D,0.42
1499-5584-7603,Sunil Menon,05-02-2024,11-02-2024,Dunzo,Part-time,48,Secondary,10,Rural,Always,1152,192,1,A,0.42
8357-6432-9198,Girish Tiwari,05-02-2024,11-02-2024,Dunzo,Full-time,19,Primary,39,Semi-urban,No,4579,763,1,D,0.42
9040-5914-4655,Savita Parekh,05-02-2024,11-02-2024,Dunzo,Full-time,20,Primary,39,Urban,Sometimes,4319,720,1,D,0.42
5109-8274-1285,Lalita Ali,05-02-2024,11-02-2024,Dunzo,Full-time,29,Primary,29,Urban,Sometimes,3016,503,1,B,0.42
9261-9046-1608,Rekha Bose,05-02-2024,11-02-2024,Dunzo,Full-time,34,Secondary,59,Semi-urban,Yes,3850,642,1,C,0.42
4854-1032-1196,Suresh Naidu,05-02-2024,11-02-2024,Dunzo,Part-time,23,Primary,14,Semi-urban,Rarely,1682,280,1,A,0.42
6835-4327-9739,Dinesh Reddy,05-02-2024,11-02-2024,Dunzo,Full-time,44,Secondary,25,Semi-urban,Always,3260,543,1,B,0.42
3364-2196-6398,Padma Shenoy,05-02-2024,11-02-2024,Dunzo,Full-time,39,Secondary,5,Semi-urban,No,2299,383,1,A,0.42
7671-6836-1676,Radha Ahmed,05-02-2024,11-02-2024,Dunzo,Full-time,38,Primary,36,Semi-urban,Always,3429,572,1,C,0.42
8126-4230-6414,Divya Mehta,05-02-2024,11-02-2024,Dunzo,Full-time,19,Secondary,28,Semi-urban,Sometimes,2396,399,1,A,0.42
4180-9572-8985,Lalita Parekh,05-02-2024,11-02-2024,Dunzo,Full-time,27,Secondary,25,Rural,No,3217,536,1,B,0.42
5079-3646-3077,Ritesh Nair,05-02-2024,11-02-2024,Dunzo,Full-time,47,Secondary,50,Urban,Yes,4057,676,1,D,0.42
2400-3376-3339,Rohit Mehta,05-02-2024,11-02-2024,Dunzo,Full-time,39,Primary,54,Rural,Sometimes,2794,466,1,B,0.42
9920-4026-7185,Vimala Bose,05-02-2024,11-02-2024,Dunzo,Full-time,23,Secondary,35,Urban,Yes,3034,506,1,B,0.42
3686-5049-4800,Sarita Khan,05-02-2024,11-02-2024,Dunzo,Part-time,27,Secondary,48,Semi-urban,Yes,712,119,1,A,0.42
3934-5542-7702,Suresh Shah,05-02-2024,11-02-2024,Dunzo,Full-time,31,Secondary,34,Urban,Rarely,4090,682,1,D,0.42
6135-4805-5605,Naveen Chauhan,05-02-2024,11-02-2024,Dunzo,Full-time,21,Secondary,59,Urban,Sometimes,3771,628,1,C,0.42
4448-5403-1398,Sunita Dave,05-02-2024,11-02-2024,Dunzo,Full-time,28,Primary,52,Urban,No,3226,538,1,B,0.42
4708-8668-8628,Usha Ahmed,05-02-2024,11-02-2024,Dunzo,Full-time,37,Secondary,12,Semi-urban,Yes,2608,435,1,A,0.42
2335-9611-1121,Gaurav Patel,05-02-2024,11-02-2024,Dunzo,Full-time,39,Secondary,6,Semi-urban,Always,2693,449,1,B,0.42
8070-7613-1909,Santosh Shaikh,05-02-2024,11-02-2024,Dunzo,Part-time,39,Primary,28,Semi-urban,Always,579,96,1,A,0.42
1595-1805-3262,Nilesh Bhatt,05-02-2024,11-02-2024,Dunzo,Full-time,26,Secondary,40,Semi-urban,Yes,3575,596,1,C,0.42
1015-6502-4755,Kamla Poojary,05-02-2024,11-02-2024,Dunzo,Full-time,20,Secondary,30,Urban,Sometimes,2987,498,1,B,0.42
6417-3646-4360,Praveen Dave,05-02-2024,11-02-2024,Dunzo,Part-time,34,Primary,9,Urban,No,1043,174,1,A,0.42
4302-3011-7837,Rohit Jain,05-02-2024,11-02-2024,Dunzo,Part-time,28,Secondary,42,Urban,Sometimes,1407,234,1,A,0.42
2024-2715-9869,Anita Reddy,05-02-2024,11-02-2024,Dunzo,Part-time,31,Primary,10,Urban,Sometimes,1891,315,1,A,0.42
2042-5833-8155,Vishal Menon,05-02-2024,11-02-2024,Dunzo,Full-time,46,Primary,55,Rural,Sometimes,3921,654,1,C,0.42
4113-3235-5227,Radha Ghosh,05-02-2024,11-02-2024,Dunzo,Full-time,32,Secondary,4,Semi-urban,Sometimes,3943,657,1,C,0.42
5386-8233-5206,Sumit Shaikh,05-02-2024,11-02-2024,Dunzo,Part-time,38,Secondary,58,Urban,No,1521,254,1,A,0.42
6469-9036-6851,Arjun Mishra,05-02-2024,11-02-2024,Dunzo,Part-time,32,Secondary,52,Semi-urban,Sometimes,2052,342,1,A,0.42
4332-3345-5245,Rahul Mehta,05-02-2024,11-02-2024,Dunzo,Full-time,19,Primary,54,Rural,Sometimes,3504,584,1,C,0.42
9828-6083-7369,Geeta Rao,05-02-2024,11-02-2024,Dunzo,Full-time,40,Primary,3,Urban,Yes,3202,534,1,B,0.42
2315-5565-2950,Aarav Thakur,05-02-2024,11-02-2024,Dunzo,Full-time,22,Secondary,17,Urban,Yes,3536,589,1,C,0.42
6432-7615-2711,Harish Singh,05-02-2024,11-02-2024,Dunzo,Part-time,35,Primary,59,Semi-urban,Always,1822,304,1,A,0.42
5261-6367-8576,Rohit Joshi,05-02-2024,11-02-2024,Zepto,Full-time,31,Primary,55,Urban,Sometimes,3048,508,1,B,0.44
9114-9868-9592,Ajay Dey,05-02-2024,11-02-2024,Zepto,Part-time,22,Primary,32,Urban,Rarely,1734,289,1,A,0.44
7614-1219-4858,Ritu Paul,05-02-2024,11-02-2024,Zepto,Full-time,32,Secondary,3,Rural,Sometimes,3367,561,1,B,0.44
6718-8442-3547,Mahesh Tiwari,05-02-2024,11-02-2024,Zepto,Full-time,29,Secondary,50,Semi-urban,Sometimes,4043,674,1,D,0.44
9271-8904-1121,Neha Kamat,05-02-2024,11-02-2024,Zepto,Full-time,44,Secondary,33,Semi-urban,Sometimes,3136,523,1,B,0.44
9774-7544-4734,Padma Hussain,05-02-2024,11-02-2024,Zepto,Full-time,42,Secondary,48,Urban,Yes,1984,331,1,A,0.44
3757-5533-8291,Arun Bose,05-02-2024,11-02-2024,Zepto,Part-time,36,Primary,59,Rural,Yes,1395,232,1,A,0.44
3700-8975-8328,Vishal Parekh,05-02-2024,11-02-2024,Zepto,Full-time,40,Secondary,23,Urban,Always,4203,700,1,D,0.44
6658-1837-7096,Ritu Parekh,05-02-2024,11-02-2024,Zepto,Full-time,26,Primary,40,Semi-urban,Yes,3337,556,1,B,0.44
6600-9402-1991,Rahul Khan,05-02-2024,11-02-2024,Zepto,Full-time,34,Primary,11,Urban,Yes,3915,652,1,C,0.44
5175-3095-2616,Ravi Iyer,05-02-2024,11-02-2024,Zepto,Full-time,34,Secondary,19,Urban,Always,2897,483,1,B,0.44
4226-2988-5451,Naveen Bhat,05-02-2024,11-02-2024,Zepto,Full-time,28,Secondary,16,Urban,Always,3508,585,1,C,0.44
8962-1833-2315,Sumit Naik,05-02-2024,11-02-2024,Zepto,Full-time,42,Secondary,37,Urban,Yes,3771,628,1,C,0.44
6581-1385-9779,Kapil Patel,05-02-2024,11-02-2024,Zepto,Part-time,21,Secondary,48,Urban,Yes,1094,182,1,A,0.44
1316-3182-3102,Dinesh Menon,05-02-2024,11-02-2024,Zepto,Full-time,19,Primary,19,Rural,Yes,2619,436,1,B,0.44
5279-6760-1948,Ritu Chatterjee,05-02-2024,11-02-2024,Zepto,Part-time,41,Primary,16,Urban,Sometimes,954,159,1,A,0.44
6684-1843-4043,Anil Thakur,05-02-2024,11-02-2024,Zepto,Full-time,42,Primary,57,Rural,Yes,3704,617,1,C,0.44
6818-7429-8016,Anil Sen,05-02-2024,11-02-2024,Zepto,Full-time,31,Secondary,16,Urban,Sometimes,3167,528,1,B,0.44
8079-7829-1460,Ramesh Kumar,05-02-2024,11-02-2024,Zepto,Part-time,23,Primary,59,Semi-urban,Always,934,156,1,A,0.44
7256-8339-9462,Sunita Das,05-02-2024,11-02-2024,Zepto,Full-time,43,Secondary,60,Semi-urban,Yes,3324,554,1,B,0.44
6041-2781-6418,Padma Verma,05-02-2024,11-02-2024,Zepto,Full-time,24,Secondary,46,Urban,Yes,3404,567,1,B,0.44
4482-2603-7750,Mamta Rajput,05-02-2024,11-02-2024,Zepto,Full-time,33,Secondary,58,Semi-urban,Always,3543,590,1,C,0.44
6414-6037-8077,Sanjay Nair,05-02-2024,11-02-2024,Zepto,Full-time,37,Primary,11,Urban,No,3053,509,1,B,0.44
2483-4676-5279,Dinesh Dey,05-02-2024,11-02-2024,Zepto,Full-time,21,Secondary,21,Semi-urban,Sometimes,2638,440,1,B,0.44
7804-3515-9206,Varun Rao,05-02-2024,11-02-2024,Zepto,Full-time,37,Primary,22,Semi-urban,Sometimes,3456,576,1,C,0.44
9797-8716-1961,Nikhil Rao,05-02-2024,11-02-2024,Zepto,Full-time,48,Secondary,8,Semi-urban,Always,2993,499,1,B,0.44
4462-9028-3672,Santosh Khan,05-02-2024,11-02-2024,Zepto,Part-time,34,Secondary,28,Semi-urban,Rarely,873,146,1,A,0.44
1735-4310-3302,Mahesh Chauhan,05-02-2024,11-02-2024,Zepto,Full-time,29,Secondary,25,Semi-urban,Yes,3933,656,1,C,0.44
2551-6100-2942,Mamta Amin,05-02-2024,11-02-2024,Zepto,Full-time,23,Primary,7,Urban,Sometimes,3303,550,1,B,0.44
1348-9324-9910,Vimala Hegde,05-02-2024,11-02-2024,Zepto,Full-time,30,Primary,1,Semi-urban,Always,3918,653,1,C,0.44
6465-3300-6600,Harish Khan,05-02-2024,11-02-2024,Zepto,Full-time,20,Primary,30,Semi-urban,Sometimes,2729,455,1,B,0.44
9457-8502-3009,Mohit Siddiqui,05-02-2024,11-02-2024,Zepto,Full-time,28,Primary,27,Urban,Rarely,3342,557,1,B,0.44
2033-2074-2058,Yogesh Das,05-02-2024,11-02-2024,Zepto,Full-time,34,Secondary,32,Rural,Sometimes,2756,459,1,B,0.44
3746-6095-1214,Manoj Jain,05-02-2024,11-02-2024,Zepto,Part-time,46,Secondary,5,Urban,Rarely,1174,196,1,A,0.44
9455-6586-6436,Shyam Naik,05-02-2024,11-02-2024,Zepto,Full-time,27,Primary,50,Urban,Yes,2484,414,1,A,0.44
7351-8165-6845,Pradeep Islam,05-02-2024,11-02-2024,Zepto,Full-time,30,Secondary,48,Urban,Sometimes,2851,475,1,B,0.44
5009-4335-5100,Sarita Bhatt,05-02-2024,11-02-2024,Zepto,Full-time,22,Secondary,33,Rural,Sometimes,3681,614,1,C,0.44
6915-8928-2630,Pushpa Bose,05-02-2024,11-02-2024,Zepto,Full-time,27,Secondary,53,Urban,Always,3579,596,1,C,0.44
7406-5446-8105,Priya Yadav,05-02-2024,11-02-2024,Zepto,Full-time,26,Secondary,32,Urban,Sometimes,3086,514,1,B,0.44
4209-5506-9159,Naresh Nair,05-02-2024,11-02-2024,Zepto,Full-time,47,Secondary,56,Urban,Yes,2956,493,1,B,0.44
2239-6681-5708,Priya Desai,05-02-2024,11-02-2024,Zepto,Part-time,34,Primary,30,Urban,Sometimes,1524,254,1,A,0.44
3326-6509-5579,Kapil Sharma,05-02-2024,11-02-2024,Zepto,Full-time,43,Secondary,52,Semi-urban,Sometimes,2483,414,1,A,0.44
2521-5112-5365,Neha Gupta,05-02-2024,11-02-2024,Zepto,Full-time,28,Secondary,7,Urban,Sometimes,3821,637,1,C,0.44
2033-2118-9585,Satish Roy,05-02-2024,11-02-2024,Zepto,Full-time,36,Primary,13,Rural,Sometimes,3242,540,1,B,0.44
8014-3404-1919,Asha Tiwari,05-02-2024,11-02-2024,Zepto,Full-time,19,Secondary,9,Urban,Sometimes,4143,690,1,D,0.44
9202-6749-6844,Pradeep Rajput,05-02-2024,11-02-2024,Blinkit,Full-time,24,Secondary,26,Rural,Yes,3347,558,1,B,0.4
5014-9165-3640,Priya Naidu,05-02-2024,11-02-2024,Blinkit,Full-time,21,Secondary,41,Urban,No,3234,539,1,B,0.4
7753-1486-7826,Anita Kumar,05-02-2024,11-02-2024,Blinkit,Part-time,41,Primary,33,Urban,Sometimes,1184,197,1,A,0.4
6180-9079-6426,Ravi Naik,05-02-2024,11-02-2024,Blinkit,Full-time,45,Primary,37,Urban,Yes,4000,667,1,C,0.4
8521-8512-7159,Arjun Bose,05-02-2024,11-02-2024,Blinkit,Part-time,31,Secondary,7,Urban,Always,1267,211,1,A,0.4
8327-5663-4874,Harish Verma,05-02-2024,11-02-2024,Blinkit,Full-time,45,Primary,35,Rural,No,3194,532,1,B,0.4
7377-8689-9316,Rakesh Kamat,05-02-2024,11-02-2024,Blinkit,Full-time,43,Secondary,58,Urban,Sometimes,2691,448,1,B,0.4
2268-5463-1782,Anil Dey,05-02-2024,11-02-2024,Blinkit,Full-time,33,Primary,55,Urban,Yes,2860,477,1,B,0.4
4070-6532-2454,Divya Bhat,05-02-2024,11-02-2024,Blinkit,Full-time,45,Secondary,6,Urban,Sometimes,3183,530,1,B,0.4
5271-2109-5451,Pradeep Khan,05-02-2024,11-02-2024,Blinkit,Full-time,38,Secondary,20,Urban,Yes,3146,524,1,B,0.4
5297-6353-5050,Varun Sen,05-02-2024,11-02-2024,Blinkit,Full-time,36,Secondary,2,Urban,Yes,4671,778,1,D,0.4
9001-7801-8730,Ajay Mukherjee,05-02-2024,11-02-2024,Blinkit,Full-time,19,Secondary,46,Rural,Always,4295,716,1,D,0.4
4634-5063-8818,Ramesh Banerjee,05-02-2024,11-02-2024,Blinkit,Full-time,44,Primary,58,Urban,No,3595,599,1,C,0.4
4139-7446-7687,Varun Modi,05-02-2024,11-02-2024,Blinkit,Full-time,38,Secondary,3,Rural,No,3043,507,1,B,0.4
5373-2619-9934,Sunita Trivedi,05-02-2024,11-02-2024,Blinkit,Full-time,23,Secondary,49,Semi-urban,No,3526,588,1,C,0.4
1555-3163-5853,Lokesh Shenoy,05-02-2024,11-02-2024,Blinkit,Part-time,25,Secondary,55,Rural,No,1565,261,1,A,0.4
3047-2262-3071,Pradeep Hegde,05-02-2024,11-02-2024,Blinkit,Full-time,29,Primary,16,Semi-urban,No,3789,632,1,C,0.4
6417-1894-3945,Sunita Mehta,05-02-2024,11-02-2024,Blinkit,Full-time,42,Primary,21,Urban,Yes,2972,495,1,B,0.4
4822-8935-8605,Laxmi Patel,05-02-2024,11-02-2024,Blinkit,Part-time,21,Secondary,44,Urban,No,1712,285,1,A,0.4
6834-7745-4886,Kapil Bhat,05-02-2024,11-02-2024,Blinkit,Part-time,38,Primary,43,Urban,Sometimes,1523,254,1,A,0.4
6826-1871-7520,Mahesh Siddiqui,05-02-2024,11-02-2024,Blinkit,Part-time,28,Secondary,37,Semi-urban,Yes,1595,266,1,A,0.4
8757-2544-7734,Aarav Jain,05-02-2024,11-02-2024,Blinkit,Full-time,35,Secondary,11,Semi-urban,Yes,3188,531,1,B,0.4
3340-7756-3915,Vishal Gupta,05-02-2024,11-02-2024,Blinkit,Full-time,41,Secondary,43,Urban,Always,3204,534,1,B,0.4
6573-4718-6955,Divya Mishra,05-02-2024,11-02-2024,Blinkit,Full-time,45,Primary,29,Rural,Sometimes,3703,617,1,C,0.4
5370-6487-7772,Ramesh Sharma,05-02-2024,11-02-2024,Blinkit,Full-time,20,Primary,40,Rural,Rarely,3347,558,1,B,0.4
4118-4049-5677,Rekha Siddiqui,05-02-2024,11-02-2024,Blinkit,Full-time,30,Primary,33,Semi-urban,Rarely,3685,614,1,C,0.4
9959-7368-3780,Praveen Mukherjee,05-02-2024,11-02-2024,Blinkit,Full-time,37,Secondary,13,Urban,Yes,4011,668,1,D,0.4
2240-3139-8297,Meena Ansari,05-02-2024,11-02-2024,Blinkit,Part-time,25,Primary,22,Semi-urban,Sometimes,1087,181,1,A,0.4
3942-2789-4617,Tarun Dey,05-02-2024,11-02-2024,Blinkit,Full-time,45,Primary,44,Urban,Always,3449,575,1,C,0.4
4927-4748-6169,Suman Banerjee,05-02-2024,11-02-2024,Blinkit,Full-time,23,Secondary,52,Urban,Yes,4349,725,1,D,0.4
1862-8218-4480,Sanjay Amin,05-02-2024,11-02-2024,Blinkit,Full-time,36,Primary,58,Urban,Sometimes,2909,485,1,B,0.4
2111-8430-2288,Durga Naik,05-02-2024,11-02-2024,Blinkit,Full-time,38,Primary,14,Rural,Rarely,3982,664,1,C,0.4
6218-5384-6149,Sachin Trivedi,05-02-2024,11-02-2024,Blinkit,Full-time,44,Secondary,10,Rural,Yes,3109,518,1,B,0.4
7264-5239-1887,Neha Rao,05-02-2024,11-02-2024,Blinkit,Full-time,46,Primary,25,Urban,Yes,3893,649,1,C,0.4
4696-7598-4562,Sunita Naidu,05-02-2024,11-02-2024,Blinkit,Full-time,20,Primary,14,Semi-urban,Sometimes,3321,554,1,B,0.4
1322-5323-2045,Ganesh Ahmed,05-02-2024,11-02-2024,Blinkit,Full-time,35,Primary,2,Urban,Yes,3653,609,1,C,0.4
7831-2315-7694,Harish Mishra,05-02-2024,11-02-2024,Blinkit,Full-time,44,Secondary,21,Urban,Sometimes,3236,539,1,B,0.4
1915-5277-5334,Kavita Paul,05-02-2024,11-02-2024,Blinkit,Full-time,44,Primary,11,Urban,Yes,3604,601,1,C,0.4
2466-6952-4429,Sarita Hussain,05-02-2024,11-02-2024,Blinkit,Full-time,31,Primary,16,Semi-urban,Yes,3259,543,1,B,0.4
2890-3106-6044,Kapil Mehta,05-02-2024,11-02-2024,Blinkit,Part-time,37,Secondary,35,Semi-urban,Yes,1043,174,1,A,0.4
8862-1595-2899,Prakash Bhatt,05-02-2024,11-02-2024,Blinkit,Full-time,27,Secondary,28,Urban,Rarely,2261,377,1,A,0.4
1613-9232-2974,Ramesh Shaikh,05-02-2024,11-02-2024,Blinkit,Part-time,27,Primary,55,Urban,Sometimes,1388,231,1,A,0.4
3567-7571-4188,Usha Bhatt,05-02-2024,11-02-2024,Blinkit,Part-time,22,Secondary,30,Semi-urban,Yes,1571,262,1,A,0.4
3401-3729-9774,Padma Siddiqui,05-02-2024,11-02-2024,Blinkit,Full-time,46,Primary,18,Urban,Rarely,3258,543,1,B,0.4
6500-9493-8365,Usha Shetty,05-02-2024,11-02-2024,Blinkit,Full-time,30,Primary,16,Urban,Yes,3270,545,1,B,0.4
4872-7040-4666,Sunita Desai,05-02-2024,11-02-2024,Blinkit,Full-time,37,Primary,16,Semi-urban,No,3518,586,1,C,0.4
1484-7249-6499,Arjun Modi,05-02-2024,11-02-2024,Blinkit,Full-time,30,Primary,25,Urban,Yes,2484,414,1,A,0.4
8685-9699-4233,Ganesh Menon,05-02-2024,11-02-2024,Blinkit,Full-time,47,Secondary,22,Semi-urban,Always,3177,530,1,B,0.4
6547-5811-5618,Savita Joshi,05-02-2024,11-02-2024,Blinkit,Full-time,41,Primary,29,Semi-urban,Always,2985,498,1,B,0.4
3061-3355-7797,Manoj Bhatt,05-02-2024,11-02-2024,Blinkit,Full-time,37,Primary,58,Rural,Yes,3648,608,1,C,0.4
6326-9135-8321,Geeta Hegde,05-02-2024,11-02-2024,Porter,Full-time,42,Secondary,57,Urban,Rarely,4123,687,1,D,0.38
2070-9865-1623,Umesh Qureshi,05-02-2024,11-02-2024,Porter,Part-time,46,Primary,17,Rural,Sometimes,1924,321,1,A,0.38
4988-8107-5587,Priya Modi,05-02-2024,11-02-2024,Porter,Part-time,27,Primary,40,Rural,Rarely,1428,238,1,A,0.38
1146-2904-8391,Vimala Bhat,05-02-2024,11-02-2024,Porter,Part-time,43,Primary,41,Semi-urban,No,1025,171,1,A,0.38
1617-6704-7185,Sunita Pandey,05-02-2024,11-02-2024,Porter,Full-time,38,Secondary,4,Semi-urban,Yes,4483,747,1,D,0.38
9252-3759-3336,Ritesh Verma,05-02-2024,11-02-2024,Porter,Full-time,45,Secondary,28,Urban,No,4713,786,1,D,0.38
1799-2093-4593,Pooja Ghosh,05-02-2024,11-02-2024,Porter,Full-time,21,Secondary,32,Semi-urban,Yes,3755,626,1,C,0.38
2229-3941-9805,Sachin Agarwal,05-02-2024,11-02-2024,Porter,Full-time,25,Secondary,60,Rural,Always,2616,436,1,B,0.38
4575-5534-8473,Sarita Dave,05-02-2024,11-02-2024,Porter,Full-time,34,Secondary,44,Urban,Yes,3603,600,1,C,0.38
2382-5049-6367,Laxmi Qureshi,05-02-2024,11-02-2024,Porter,Full-time,43,Primary,57,Urban,Yes,3561,594,1,C,0.38
4300-7108-8649,Harish Yadav,05-02-2024,11-02-2024,Porter,Full-time,40,Secondary,53,Rural,Always,4292,715,1,D,0.38
5061-5940-3963,Vimala Yadav,05-02-2024,11-02-2024,Porter,Part-time,22,Primary,16,Urban,Rarely,1297,216,1,A,0.38
5942-9523-2599,Meena Rao,05-02-2024,11-02-2024,Porter,Full-time,48,Primary,23,Urban,Sometimes,3029,505,1,B,0.38
4899-3975-5662,Lokesh Bose,05-02-2024,11-02-2024,Porter,Full-time,44,Secondary,54,Rural,Yes,2609,435,1,B,0.38
4479-1551-3816,Pushpa Gowda,05-02-2024,11-02-2024,Porter,Full-time,42,Secondary,15,Semi-urban,Yes,3472,579,1,C,0.38
5624-4228-8500,Rajesh Poojary,05-02-2024,11-02-2024,Porter,Full-time,26,Secondary,56,Urban,Sometimes,3450,575,1,C,0.38
3161-2751-4469,Sumit Iyer,05-02-2024,11-02-2024,Porter,Full-time,23,Primary,15,Urban,Always,4153,692,1,D,0.38
8988-9671-4407,Satish Joshi,05-02-2024,11-02-2024,Porter,Full-time,28,Secondary,2,Semi-urban,No,4453,742,1,D,0.38
9404-3993-1691,Tarun Bose,05-02-2024,11-02-2024,Porter,Full-time,48,Primary,31,Semi-urban,No,3282,547,1,B,0.38
4080-1727-1034,Santosh Modi,05-02-2024,11-02-2024,Porter,Full-time,48,Secondary,24,Semi-urban,No,2928,488,1,B,0.38
9977-6212-4855,Prakash Gupta,05-02-2024,11-02-2024,Porter,Full-time,34,Primary,23,Rural,No,2860,477,1,B,0.38
7775-7053-9446,Mahesh Kamat,05-02-2024,11-02-2024,Porter,Full-time,37,Secondary,13,Urban,No,3983,664,1,C,0.38
4691-4127-5162,Manju Gupta,05-02-2024,11-02-2024,Porter,Full-time,29,Primary,8,Urban,Yes,2302,384,1,A,0.38
2956-8564-4689,Divya Bose,05-02-2024,11-02-2024,Porter,Full-time,40,Secondary,9,Urban,Yes,3120,520,1,B,0.38
5980-1632-8862,Vimala Pandey,05-02-2024,11-02-2024,Porter,Part-time,20,Secondary,39,Urban,Sometimes,1300,217,1,A,0.38
7333-9835-7270,Bharat Das,05-02-2024,11-02-2024,Porter,Full-time,41,Primary,40,Rural,Yes,3886,648,1,C,0.38
7750-1012-3323,Kavita Malik,05-02-2024,11-02-2024,Porter,Full-time,35,Secondary,40,Urban,No,2655,442,1,B,0.38
9875-4589-5207,Ritesh Dave,05-02-2024,11-02-2024,Porter,Full-time,48,Secondary,8,Rural,No,2930,488,1,B,0.38
3621-5963-5898,Lalit Shenoy,05-02-2024,11-02-2024,Porter,Full-time,30,Secondary,15,Urban,Always,3931,655,1,C,0.38
7832-6167-2215,Rekha Gupta,05-02-2024,11-02-2024,Porter,Full-time,38,Secondary,18,Semi-urban,No,2531,422,1,A,0.38
7730-2202-5691,Praveen Chauhan,05-02-2024,11-02-2024,Porter,Part-time,22,Secondary,9,Urban,Sometimes,1158,193,1,A,0.38
5022-3638-9422,Naresh Yadav,05-02-2024,11-02-2024,Porter,Part-time,42,Primary,1,Rural,Sometimes,1777,296,1,A,0.38
2118-7729-3810,Rakesh Bhatt,05-02-2024,11-02-2024,Porter,Full-time,45,Primary,8,Semi-urban,Yes,4192,699,1,D,0.38
6505-9684-9306,Meena Sharma,05-02-2024,11-02-2024,Porter,Full-time,38,Secondary,5,Urban,Sometimes,2491,415,1,A,0.38
8344-6419-3058,Bharat Dey,05-02-2024,11-02-2024,Porter,Full-time,22,Secondary,28,Urban,Yes,3881,647,1,C,0.38
8755-1169-5596,Nikhil Qureshi,05-02-2024,11-02-2024,Porter,Full-time,39,Secondary,4,Rural,Always,3436,573,1,C,0.38
7056-7523-1176,Sumit Dave,05-02-2024,11-02-2024,Porter,Full-time,31,Secondary,42,Semi-urban,Yes,3763,627,1,C,0.38
8132-7925-5463,Ritesh Yadav,05-02-2024,11-02-2024,Porter,Full-time,38,Primary,27,Urban,Always,3119,520,1,B,0.38
5822-9364-5125,Aarav Dey,05-02-2024,11-02-2024,Porter,Full-time,23,Secondary,41,Urban,Sometimes,4507,751,1,D,0.38
9265-8584-6075,Seema Parekh,05-02-2024,11-02-2024,Porter,Full-time,41,Primary,48,Semi-urban,Yes,5128,855,1,D,0.38
2607-1089-4413,Sarita Chatterjee,05-02-2024,11-02-2024,Shadowfax,Full-time,41,Secondary,57,Rural,Always,4517,753,1,D,0.33
2878-3901-7066,Anita Das,05-02-2024,11-02-2024,Shadowfax,Full-time,30,Primary,51,Semi-urban,Yes,2815,469,1,B,0.33
9630-7258-4744,Ramesh Bhatt,05-02-2024,11-02-2024,Shadowfax,Part-time,34,Primary,53,Urban,Yes,931,155,1,A,0.33
9580-8699-5763,Suresh Gowda,05-02-2024,11-02-2024,Shadowfax,Part-time,38,Secondary,30,Semi-urban,Yes,937,156,1,A,0.33
4058-6841-8721,Harish Trivedi,05-02-2024,11-02-2024,Shadowfax,Full-time,37,Secondary,30,Semi-urban,Sometimes,4114,686,1,D,0.33
3629-6720-4784,Shyam Ansari,05-02-2024,11-02-2024,Shadowfax,Full-time,40,Secondary,38,Rural,No,2854,476,1,B,0.33
7768-5261-1697,Pradeep Qureshi,05-02-2024,11-02-2024,Shadowfax,Full-time,28,Primary,21,Urban,Sometimes,3685,614,1,C,0.33
8788-5209-4660,Laxmi Siddiqui,05-02-2024,11-02-2024,Shadowfax,Part-time,41,Primary,19,Urban,Sometimes,1827,304,1,A,0.33
9736-4560-2907,Naresh Sen,05-02-2024,11-02-2024,Shadowfax,Part-time,22,Secondary,1,Urban,Always,2464,411,1,A,0.33
1968-3875-9262,Ritu Verma,05-02-2024,11-02-2024,Shadowfax,Full-time,20,Secondary,17,Rural,Always,3357,560,1,B,0.33
3102-8397-8216,Pooja Shaikh,05-02-2024,11-02-2024,Shadowfax,Full-time,44,Secondary,28,Semi-urban,Rarely,3642,607,1,C,0.33
1380-6424-7833,Dinesh Bhat,05-02-2024,11-02-2024,Shadowfax,Part-time,37,Primary,42,Urban,No,1961,327,1,A,0.33
8337-3768-6140,Priya Das,05-02-2024,11-02-2024,Shadowfax,Part-time,33,Secondary,38,Urban,Rarely,1477,246,1,A,0.33
8269-1104-6188,Sunita Agarwal,05-02-2024,11-02-2024,Shadowfax,Full-time,32,Secondary,15,Semi-urban,Always,3090,515,1,B,0.33
8020-2921-2114,Lalita Das,05-02-2024,11-02-2024,Shadowfax,Full-time,38,Primary,44,Rural,No,3018,503,1,B,0.33
9350-8578-1054,Anil Qureshi,05-02-2024,11-02-2024,Shadowfax,Full-time,37,Primary,6,Urban,Yes,3362,560,1,B,0.33
4228-8521-1010,Praveen Kamat,05-02-2024,11-02-2024,Shadowfax,Full-time,19,Secondary,3,Urban,Yes,3920,653,1,C,0.33
5992-2170-3781,Umesh Jain,05-02-2024,11-02-2024,Shadowfax,Full-time,43,Primary,2,Urban,No,3451,575,1,C,0.33
9314-1649-6154,Sunita Sen,05-02-2024,11-02-2024,Shadowfax,Full-time,21,Secondary,11,Semi-urban,No,4073,679,1,D,0.33
3896-9225-1083,Suman Bhat,05-02-2024,11-02-2024,Shadowfax,Full-time,30,Secondary,44,Rural,Yes,4156,693,1,D,0.33
4447-8609-7975,Arun Reddy,05-02-2024,11-02-2024,Shadowfax,Full-time,22,Primary,38,Urban,Yes,3429,572,1,C,0.33
3867-4050-2614,Sunil Reddy,05-02-2024,11-02-2024,Shadowfax,Full-time,32,Secondary,38,Urban,Sometimes,3432,572,1,C,0.33
5298-6973-6743,Aarav Naidu,05-02-2024,11-02-2024,Shadowfax,Full-time,40,Secondary,10,Urban,No,4573,762,1,D,0.33
9727-8688-7973,Kapil Jain,05-02-2024,11-02-2024,Shadowfax,Full-time,24,Secondary,21,Semi-urban,Always,3449,575,1,C,0.33
4953-7882-7764,Sunita Ahmed,05-02-2024,11-02-2024,Shadowfax,Full-time,44,Primary,1,Urban,Always,2721,454,1,B,0.33
7421-2430-3385,Vishal Agarwal,05-02-2024,11-02-2024,Shadowfax,Full-time,23,Secondary,8,Semi-urban,Sometimes,2942,490,1,B,0.33
7267-5650-7034,Sarita Paul,05-02-2024,11-02-2024,Shadowfax,Part-time,46,Primary,6,Urban,Yes,774,129,1,A,0.33
8226-3217-7206,Santosh Sen,05-02-2024,11-02-2024,Shadowfax,Full-time,47,Primary,22,Urban,Always,2777,463,1,B,0.33
6542-5439-2604,Naveen Gupta,05-02-2024,11-02-2024,Shadowfax,Full-time,36,Primary,51,Urban,Yes,3358,560,1,B,0.33
3292-5967-3586,Arun Mukherjee,05-02-2024,11-02-2024,Shadowfax,Full-time,41,Primary,31,Urban,Yes,4034,672,1,D,0.33
2892-7057-9673,Radha Kumar,05-02-2024,11-02-2024,Shadowfax,Full-time,21,Secondary,52,Semi-urban,No,3315,552,1,B,0.33
9567-9290-6285,Mukesh Naidu,05-02-2024,11-02-2024,Shadowfax,Full-time,23,Primary,28,Semi-urban,Sometimes,4337,723,1,D,0.33
6092-5153-1696,Mukesh Mehta,05-02-2024,11-02-2024,Shadowfax,Full-time,31,Secondary,30,Urban,Rarely,3130,522,1,B,0.33
1422-6542-6146,Mahesh Trivedi,05-02-2024,11-02-2024,Shadowfax,Full-time,48,Secondary,23,Urban,Yes,2573,429,1,A,0.33
5900-8868-7961,Kamla Menon,05-02-2024,11-02-2024,Shadowfax,Part-time,46,Primary,5,Urban,Always,2287,381,1,A,0.33
2895-2004-3220,Praveen Roy,05-02-2024,11-02-2024,Shadowfax,Full-time,41,Secondary,3,Urban,No,2275,379,1,A,0.33
8768-2792-9432,Nisha Shetty,05-02-2024,11-02-2024,Shadowfax,Full-time,34,Primary,47,Urban,Always,3111,518,1,B,0.33
2754-5801-8725,Radha Chatterjee,05-02-2024,11-02-2024,Shadowfax,Full-time,26,Primary,36,Semi-urban,Sometimes,3190,532,1,B,0.33
5950-7600-8162,Vinod Yadav,05-02-2024,11-02-2024,Shadowfax,Full-time,37,Primary,41,Urban,No,3850,642,1,C,0.33
4472-3746-2545,Nilesh Mehta,05-02-2024,11-02-2024,Shadowfax,Full-time,33,Primary,36,Rural,Yes,3357,560,1,B,0.33
2640-1363-8065,Vinod Singh,12-02-2024,18-02-2024,Amazon,Full-time,32,Secondary,47,Urban,Sometimes,3752,625,1,C,0.27
6217-9921-2907,Santosh Verma,12-02-2024,18-02-2024,Amazon,Full-time,22,Secondary,17,Urban,Rarely,4364,727,1,D,0.27
7349-3472-7936,Rahul Sharma,12-02-2024,18-02-2024,Amazon,Full-time,38,Secondary,46,Urban,Always,3550,592,1,C,0.27
4112-3965-6397,Arun Patel,12-02-2024,18-02-2024,Amazon,Full-time,40,Secondary,37,Semi-urban,Yes,4977,830,1,D,0.27
2396-3088-2429,Nikhil Banerjee,12-02-2024,18-02-2024,Amazon,Full-time,28,Primary,54,Semi-urban,Yes,4834,806,1,D,0.27
4963-7821-7884,Bharat Bhat,12-02-2024,18-02-2024,Amazon,Full-time,25,Primary,57,Urban,No,4186,698,1,D,0.27
4232-5218-7253,Shanti Trivedi,12-02-2024,18-02-2024,Amazon,Full-time,24,Primary,46,Urban,No,4235,706,1,D,0.27
2746-6763-3672,Sarita Dey,12-02-2024,18-02-2024,Amazon,Full-time,28,Primary,51,Urban,Yes,4785,798,1,D,0.27
1230-1892-1086,Arun Sen,12-02-2024,18-02-2024,Amazon,Full-time,29,Secondary,56,Urban,No,4056,676,1,D,0.27
4387-6738-2811,Seema Sen,12-02-2024,18-02-2024,Amazon,Full-time,29,Primary,4,Rural,Yes,4167,694,1,D,0.27
9265-4321-1594,Girish Rao,12-02-2024,18-02-2024,Amazon,Full-time,38,Secondary,53,Urban,No,5354,892,1,D,0.27
3496-4426-1355,Rakesh Shaikh,12-02-2024,18-02-2024,Amazon,Full-time,45,Primary,5,Urban,Sometimes,4268,711,1,D,0.27
9969-4113-2677,Bharat Naik,12-02-2024,18-02-2024,Amazon,Part-time,39,Primary,49,Urban,Always,1886,314,1,A,0.27
8660-5353-2598,Ajay Kumar,12-02-2024,18-02-2024,Amazon,Full-time,41,Secondary,24,Urban,Sometimes,4428,738,1,D,0.27
3391-4834-2854,Sunil Kumar,12-02-2024,18-02-2024,Amazon,Part-time,39,Primary,45,Urban,Rarely,1283,214,1,A,0.27
6918-6429-4550,Kiran Verma,12-02-2024,18-02-2024,Amazon,Full-time,21,Primary,42,Urban,Yes,4503,750,1,D,0.27
5779-5313-9445,Kavita Nair,12-02-2024,18-02-2024,Amazon,Full-time,36,Secondary,6,Urban,Rarely,4144,691,1,D,0.27
6010-8812-6995,Nisha Malik,12-02-2024,18-02-2024,Amazon,Full-time,28,Primary,4,Urban,Sometimes,3921,654,1,C,0.27
1628-1185-5009,Mahesh Shenoy,12-02-2024,18-02-2024,Amazon,Full-time,22,Secondary,31,Semi-urban,Yes,4356,726,1,D,0.27
1621-9807-5954,Rohit Shetty,12-02-2024,18-02-2024,Amazon,Full-time,22,Secondary,29,Urban,Sometimes,3839,640,1,C,0.27
7558-2428-2814,Suman Reddy,12-02-2024,18-02-2024,Amazon,Part-time,34,Secondary,53,Semi-urban,Sometimes,2211,368,1,A,0.27
1688-6901-4145,Vinod Shaikh,12-02-2024,18-02-2024,Amazon,Full-time,43,Secondary,29,Urban,Sometimes,4647,774,1,D,0.27
4414-1094-1798,Bharat Shaikh,12-02-2024,18-02-2024,Amazon,Part-time,36,Primary,24,Semi-urban,Rarely,919,153,1,A,0.27
2987-8989-5637,Asha Ahmed,12-02-2024,18-02-2024,Amazon,Full-time,37,Primary,37,Semi-urban,Always,5009,835,1,D,0.27
9046-6192-5651,Nikhil Hegde,12-02-2024,18-02-2024,Amazon,Full-time,23,Primary,50,Urban,Sometimes,5024,837,1,D,0.27
5860-2403-4817,Lalit Tiwari,12-02-2024,18-02-2024,Amazon,Part-time,37,Primary,30,Semi-urban,No,1617,270,1,A,0.27
7800-1547-6954,Ajay Mishra,12-02-2024,18-02-2024,Amazon,Part-time,41,Secondary,2,Urban,Always,975,162,1,A,0.27
2738-7941-6804,Lalita Sharma,12-02-2024,18-02-2024,Amazon,Full-time,19,Primary,38,Rural,Always,4272,712,1,D,0.27
3256-5540-4851,Shanti Yadav,12-02-2024,18-02-2024,Amazon,Full-time,25,Secondary,12,Urban,Always,3480,580,1,C,0.27
7140-7812-4750,Ganesh Jain,12-02-2024,18-02-2024,Amazon,Full-time,19,Primary,45,Semi-urban,Sometimes,4338,723,1,D,0.27
5573-3048-3614,Neha Trivedi,12-02-2024,18-02-2024,Amazon,Full-time,41,Secondary,6,Rural,Yes,5029,838,1,D,0.27
2206-8886-3158,Bharat Hegde,12-02-2024,18-02-2024,Amazon,Part-time,20,Primary,51,Semi-urban,Sometimes,1826,304,1,A,0.27
4979-6633-5580,Amit Singh,12-02-2024,18-02-2024,Amazon,Part-time,19,Secondary,5,Urban,Sometimes,2046,341,1,A,0.27
6224-4837-3146,Varun Bhatt,12-02-2024,18-02-2024,Amazon,Full-time,33,Secondary,6,Urban,Always,5224,871,1,D,0.27
9548-4920-3613,Sita Hegde,12-02-2024,18-02-2024,Amazon,Full-time,22,Primary,23,Rural,No,4064,677,1,D,0.27
5511-3905-9262,Pushpa Rao,12-02-2024,18-02-2024,Amazon,Full-time,21,Secondary,20,Semi-urban,Yes,4982,830,1,D,0.27
4394-6808-6099,Vimala Shah,12-02-2024,18-02-2024,Amazon,Full-time,40,Secondary,21,Semi-urban,Yes,4146,691,1,D,0.27
4831-4995-7037,Sita Parekh,12-02-2024,18-02-2024,Amazon,Full-time,31,Primary,16,Rural,Always,5325,888,1,D,0.27
1269-6334-3728,Ravi Singh,12-02-2024,18-02-2024,Amazon,Part-time,30,Primary,33,Urban,Always,2007,334,1,A,0.27
3337-7610-1012,Anita Jain,12-02-2024,18-02-2024,Amazon,Full-time,44,Secondary,37,Semi-urban,Sometimes,5499,916,1,D,0.27
4940-1805-6603,Sarita Ali,12-02-2024,18-02-2024,Amazon,Full-time,19,Secondary,54,Semi-urban,Sometimes,3929,655,1,C,0.27
8560-9896-2115,Sumit Kumar,12-02-2024,18-02-2024,Amazon,Full-time,46,Secondary,43,Semi-urban,No,6021,1004,1,D,0.27
5451-5314-8283,Kamla Gowda,12-02-2024,18-02-2024,Amazon,Full-time,35,Secondary,42,Urban,Yes,4912,819,1,D,0.27
1380-5070-5438,Ritesh Patel,12-02-2024,18-02-2024,Amazon,Full-time,41,Secondary,9,Urban,Yes,3864,644,1,C,0.27
4609-9133-4819,Amit Mishra,12-02-2024,18-02-2024,Amazon,Part-time,24,Secondary,16,Urban,Sometimes,1029,172,1,A,0.27
3459-1579-8738,Tarun Naidu,12-02-2024,18-02-2024,Amazon,Full-time,33,Secondary,43,Rural,Sometimes,4198,700,1,D,0.27
7329-6865-6886,Harish Kumar,12-02-2024,18-02-2024,Amazon,Part-time,25,Secondary,36,Urban,Yes,1317,220,1,A,0.27
6936-2496-9328,Sunil Bhat,12-02-2024,18-02-2024,Amazon,Part-time,32,Secondary,21,Rural,No,1812,302,1,A,0.27
6595-2186-8035,Ramesh Paul,12-02-2024,18-02-2024,Amazon,Full-time,27,Primary,32,Semi-urban,Always,3642,607,1,C,0.27
1364-5726-7613,Dinesh Shah,12-02-2024,18-02-2024,Amazon,Full-time,47,Secondary,47,Urban,Always,4384,731,1,D,0.27
4231-2372-4282,Varun Shah,12-02-2024,18-02-2024,Amazon,Part-time,39,Secondary,25,Urban,Sometimes,2077,346,1,A,0.27
1639-9454-1738,Padma Bose,12-02-2024,18-02-2024,Amazon,Full-time,48,Primary,5,Urban,No,5402,900,1,D,0.27
1365-1216-3667,Ravi Gupta,12-02-2024,18-02-2024,Amazon,Full-time,33,Secondary,52,Urban,Yes,5460,910,1,D,0.27
9585-7551-1282,Sita Chauhan,12-02-2024,18-02-2024,Amazon,Full-time,45,Secondary,34,Urban,Yes,3784,631,1,C,0.27
2440-9742-5006,Lalit Hegde,12-02-2024,18-02-2024,Amazon,Full-time,40,Primary,16,Rural,Yes,3719,620,1,C,0.27
8119-5398-8401,Deepak Amin,12-02-2024,18-02-2024,Amazon,Full-time,33,Primary,30,Urban,No,3309,552,1,B,0.27
9536-5487-9929,Ramesh Jain,12-02-2024,18-02-2024,Amazon,Full-time,32,Secondary,56,Urban,Yes,4939,823,1,D,0.27
9275-1761-4737,Lalita Bose,12-02-2024,18-02-2024,Amazon,Full-time,38,Primary,28,Semi-urban,Always,4720,787,1,D,0.27
3473-5694-9734,Sanjay Hegde,12-02-2024,18-02-2024,Amazon,Full-time,46,Secondary,25,Rural,No,3809,635,1,C,0.27
8538-5651-3019,Usha Qureshi,12-02-2024,18-02-2024,Amazon,Full-time,29,Primary,52,Urban,No,4967,828,1,D,0.27
5851-9238-5792,Deepak Iyer,12-02-2024,18-02-2024,Amazon,Full-time,25,Secondary,35,Urban,Yes,3836,639,1,C,0.27
1995-4204-5323,Yogesh Rajput,12-02-2024,18-02-2024,Amazon,Full-time,46,Primary,49,Semi-urban,No,3163,527,1,B,0.27
9066-5812-5044,Neha Malik,12-02-2024,18-02-2024,Amazon,Full-time,44,Secondary,29,Semi-urban,Always,4077,680,1,D,0.27
8466-1900-4700,Kavita Shenoy,12-02-2024,18-02-2024,Amazon,Full-time,24,Primary,1,Semi-urban,No,4479,746,1,D,0.27
2676-1661-7233,Kamla Ansari,12-02-2024,18-02-2024,Amazon,Full-time,42,Primary,60,Semi-urban,Yes,5446,908,1,D,0.27
9729-5078-9709,Shanti Pandey,12-02-2024,18-02-2024,Amazon,Full-time,22,Secondary,28,Urban,Sometimes,2888,481,1,B,0.27
9735-7101-8282,Deepak Naik,12-02-2024,18-02-2024,Amazon,Full-time,36,Primary,55,Semi-urban,Sometimes,5476,913,1,D,0.27
3378-9204-6948,Arun Das,12-02-2024,18-02-2024,Amazon,Full-time,47,Primary,41,Urban,Sometimes,4666,778,1,D,0.27
5550-7560-6627,Ritu Ahmed,12-02-2024,18-02-2024,Amazon,Full-time,37,Primary,59,Semi-urban,Sometimes,3984,664,1,C,0.27
4864-3874-7119,Divya Chatterjee,12-02-2024,18-02-2024,Amazon,Full-time,38,Primary,32,Rural,Always,4541,757,1,D,0.27
8031-8567-1256,Sanjay Ghosh,12-02-2024,18-02-2024,Ekart,Part-time,45,Secondary,60,Semi-urban,No,1487,248,1,A,0.31
7934-9201-3568,Satish Modi,12-02-2024,18-02-2024,Ekart,Full-time,33,Secondary,22,Semi-urban,Yes,3825,638,1,C,0.31
9840-7391-1437,Yogesh Kumar,12-02-2024,18-02-2024,Ekart,Full-time,26,Secondary,32,Semi-urban,No,2377,396,1,A,0.31
7001-5659-2958,Amit Mehta,12-02-2024,18-02-2024,Ekart,Full-time,36,Primary,41,Semi-urban,Yes,4140,690,1,D,0.31
9007-1153-6548,Shyam Parekh,12-02-2024,18-02-2024,Ekart,Full-time,24,Secondary,44,Semi-urban,No,4109,685,1,D,0.31
9232-9765-9480,Vinod Shah,12-02-2024,18-02-2024,Ekart,Full-time,40,Secondary,31,Urban,Yes,4267,711,1,D,0.31
7075-6470-5726,Prakash Khan,12-02-2024,18-02-2024,Ekart,Full-time,26,Secondary,11,Rural,Always,4715,786,1,D,0.31
4647-4190-4886,Sachin Patel,12-02-2024,18-02-2024,Ekart,Full-time,23,Secondary,60,Urban,No,4122,687,1,D,0.31
8832-1295-6372,Geeta Rajput,12-02-2024,18-02-2024,Ekart,Part-time,41,Secondary,4,Urban,Yes,2128,355,1,A,0.31
9459-3589-3492,Naresh Naidu,12-02-2024,18-02-2024,Ekart,Part-time,26,Secondary,54,Semi-urban,No,1797,300,1,A,0.31
5123-7434-5080,Tarun Amin,12-02-2024,18-02-2024,Ekart,Full-time,44,Primary,4,Urban,Always,2519,420,1,A,0.31
9998-1196-2904,Prakash Ahmed,12-02-2024,18-02-2024,Ekart,Full-time,27,Secondary,18,Semi-urban,Sometimes,4673,779,1,D,0.31
2768-8501-8984,Praveen Banerjee,12-02-2024,18-02-2024,Ekart,Full-time,43,Secondary,2,Rural,Sometimes,3753,626,1,C,0.31
2599-6664-4192,Pradeep Shah,12-02-2024,18-02-2024,Ekart,Full-time,22,Primary,15,Semi-urban,Always,3379,563,1,B,0.31
1502-7401-9940,Ravi Patel,12-02-2024,18-02-2024,Ekart,Full-time,24,Primary,39,Semi-urban,Sometimes,4093,682,1,D,0.31
7668-7974-4742,Sita Islam,12-02-2024,18-02-2024,Ekart,Full-time,40,Secondary,5,Rural,Yes,3733,622,1,C,0.31
2648-8281-8986,Shanti Rao,12-02-2024,18-02-2024,Ekart,Full-time,25,Secondary,43,Urban,Rarely,3088,515,1,B,0.31
9157-3668-4315,Mamta Iyer,12-02-2024,18-02-2024,Ekart,Full-time,46,Secondary,33,Urban,Always,3306,551,1,B,0.31
8573-6512-1728,Padma Thakur,12-02-2024,18-02-2024,Ekart,Full-time,43,Secondary,46,Semi-urban,Yes,4376,729,1,D,0.31
6804-8724-6821,Mamta Paul,12-02-2024,18-02-2024,Ekart,Part-time,30,Secondary,23,Semi-urban,Always,1572,262,1,A,0.31
1455-5435-7016,Rajesh Hegde,12-02-2024,18-02-2024,Ekart,Full-time,39,Secondary,37,Urban,Yes,4085,681,1,D,0.31
9023-1820-1936,Rajesh Shah,12-02-2024,18-02-2024,Ekart,Full-time,30,Secondary,16,Semi-urban,No,2751,458,1,B,0.31
9112-3293-1037,Vimala Chatterjee,12-02-2024,18-02-2024,Ekart,Full-time,24,Secondary,22,Semi-urban,Yes,3517,586,1,C,0.31
3500-9794-9532,Asha Khan,12-02-2024,18-02-2024,Ekart,Full-time,38,Primary,35,Urban,Sometimes,3870,645,1,C,0.31
7911-2412-1499,Vishal Bhat,12-02-2024,18-02-2024,Ekart,Full-time,46,Primary,1,Urban,Yes,3862,644,1,C,0.31
5458-2600-8079,Aarav Ahmed,12-02-2024,18-02-2024,Ekart,Part-time,44,Secondary,14,Rural,Sometimes,872,145,1,A,0.31
2609-2674-1106,Anil Sharma,12-02-2024,18-02-2024,Ekart,Full-time,32,Secondary,59,Semi-urban,Yes,3350,558,1,B,0.31
8312-9891-3626,Vimala Modi,12-02-2024,18-02-2024,Ekart,Full-time,22,Primary,24,Semi-urban,Sometimes,3530,588,1,C,0.31
4346-3791-1321,Rohit Siddiqui,12-02-2024,18-02-2024,Ekart,Full-time,26,Primary,37,Urban,Always,4321,720,1,D,0.31
5196-4344-8856,Asha Modi,12-02-2024,18-02-2024,Ekart,Part-time,23,Secondary,26,Urban,Sometimes,2297,383,1,A,0.31
6495-6067-6597,Naveen Ansari,12-02-2024,18-02-2024,Ekart,Full-time,37,Primary,46,Urban,Rarely,2921,487,1,B,0.31
5470-2093-5454,Usha Rajput,12-02-2024,18-02-2024,Ekart,Full-time,26,Primary,20,Urban,No,4716,786,1,D,0.31
5023-2669-6392,Tarun Modi,12-02-2024,18-02-2024,Ekart,Part-time,44,Secondary,50,Urban,No,1581,264,1,A,0.31
5636-9843-4026,Dinesh Naidu,12-02-2024,18-02-2024,Ekart,Full-time,40,Secondary,7,Urban,Sometimes,4192,699,1,D,0.31
2669-7347-6948,Nilesh Ansari,12-02-2024,18-02-2024,Ekart,Full-time,24,Primary,58,Rural,Sometimes,4791,798,1,D,0.31
2256-9496-1522,Nikhil Pillai,12-02-2024,18-02-2024,Ekart,Full-time,48,Primary,59,Urban,No,4421,737,1,D,0.31
1123-4845-3631,Vijay Modi,12-02-2024,18-02-2024,Ekart,Full-time,41,Primary,7,Semi-urban,Sometimes,4317,720,1,D,0.31
9742-4652-9363,Radha Shaikh,12-02-2024,18-02-2024,Ekart,Full-time,31,Primary,22,Rural,Yes,4611,768,1,D,0.31
6542-9149-1032,Sarita Yadav,12-02-2024,18-02-2024,Ekart,Full-time,41,Secondary,4,Rural,Yes,3065,511,1,B,0.31
3324-7953-1844,Vijay Sharma,12-02-2024,18-02-2024,Ekart,Full-time,25,Secondary,1,Urban,Yes,3607,601,1,C,0.31
6048-4906-2910,Sarita Modi,12-02-2024,18-02-2024,Ekart,Full-time,28,Secondary,58,Urban,No,4336,723,1,D,0.31
9894-9893-6612,Nilesh Shenoy,12-02-2024,18-02-2024,Ekart,Full-time,39,Secondary,34,Urban,No,4037,673,1,C,0.31
3807-7792-5341,Rohit Khan,12-02-2024,18-02-2024,Ekart,Full-time,43,Primary,50,Urban,Yes,4204,701,1,D,0.31
7699-7037-7589,Meena Gupta,12-02-2024,18-02-2024,Ekart,Full-time,22,Secondary,29,Urban,Yes,3699,616,1,C,0.31
4001-7245-3685,Savita Bhatt,12-02-2024,18-02-2024,Ekart,Part-time,34,Primary,47,Urban,Rarely,2351,392,1,A,0.31
5680-3005-5418,Sachin Das,12-02-2024,18-02-2024,Ekart,Full-time,20,Secondary,28,Rural,No,3765,628,1,C,0.31
1837-1339-6538,Mahesh Malik,12-02-2024,18-02-2024,Ekart,Full-time,39,Primary,6,Semi-urban,Always,3925,654,1,C,0.31
5558-9721-7990,Mamta Sen,12-02-2024,18-02-2024,Ekart,Full-time,21,Primary,1,Urban,Sometimes,3903,650,1,C,0.31
3760-1701-2126,Vinod Hussain,12-02-2024,18-02-2024,Ekart,Full-time,22,Primary,34,Semi-urban,Sometimes,4143,690,1,D,0.31
1512-9860-3209,Umesh Amin,12-02-2024,18-02-2024,Ekart,Full-time,20,Primary,24,Rural,Sometimes,4342,724,1,D,0.31
2927-5069-5480,Usha Siddiqui,12-02-2024,18-02-2024,Ekart,Part-time,31,Primary,40,Semi-urban,No,698,116,1,A,0.31
3667-7876-6594,Naresh Bhat,12-02-2024,18-02-2024,Ekart,Part-time,24,Primary,35,Rural,Sometimes,1743,290,1,A,0.31
7125-2311-2980,Manoj Reddy,12-02-2024,18-02-2024,Ekart,Full-time,39,Secondary,22,Semi-urban,Rarely,3845,641,1,C,0.31
4277-5990-6396,Varun Gupta,12-02-2024,18-02-2024,Ekart,Full-time,32,Secondary,59,Semi-urban,Sometimes,2709,452,1,B,0.31
6196-3764-4181,Ganesh Kumar,12-02-2024,18-02-2024,Ekart,Full-time,47,Secondary,7,Urban,No,4492,749,1,D,0.31
6808-5031-5191,Manoj Siddiqui,12-02-2024,18-02-2024,Ekart,Part-time,28,Primary,9,Semi-urban,Sometimes,1716,286,1,A,0.31
2906-1935-9229,Dinesh Chatterjee,12-02-2024,18-02-2024,Ekart,Full-time,40,Primary,60,Semi-urban,Yes,4413,736,1,D,0.31
5134-6438-5831,Rahul Pandey,12-02-2024,18-02-2024,Ekart,Full-time,21,Primary,2,Urban,Yes,2978,496,1,B,0.31
2166-1879-8599,Dinesh Modi,12-02-2024,18-02-2024,Ekart,Full-time,32,Secondary,33,Urban,No,3937,656,1,C,0.31
5400-6850-2940,Laxmi Tiwari,12-02-2024,18-02-2024,Ekart,Full-time,22,Secondary,17,Urban,Sometimes,3547,591,1,C,0.31
5612-8502-8582,Shanti Naidu,12-02-2024,18-02-2024,Delhivery,Full-time,20,Primary,42,Urban,Sometimes,3884,647,1,C,0.36
1099-3113-2449,Anita Bhatt,12-02-2024,18-02-2024,Delhivery,Full-time,34,Primary,15,Semi-urban,Sometimes,3385,564,1,B,0.36
5987-3835-6925,Satish Thakur,12-02-2024,18-02-2024,Delhivery,Full-time,32,Secondary,34,Rural,Yes,2991,498,1,B,0.36
7430-9674-5855,Bharat Banerjee,12-02-2024,18-02-2024,Delhivery,Full-time,37,Secondary,43,Urban,No,4263,710,1,D,0.36
4644-7327-8179,Anita Paul,12-02-2024,18-02-2024,Delhivery,Full-time,33,Secondary,12,Semi-urban,Yes,2195,366,1,A,0.36
1862-9944-7412,Durga Bhatt,12-02-2024,18-02-2024,Delhivery,Full-time,47,Secondary,50,Semi-urban,Sometimes,4565,761,1,D,0.36
1981-3769-1663,Vishal Shetty,12-02-2024,18-02-2024,Delhivery,Full-time,45,Primary,20,Urban,Always,4019,670,1,C,0.36
6738-4064-3147,Rakesh Mukherjee,12-02-2024,18-02-2024,Delhivery,Full-time,30,Primary,31,Urban,No,4015,669,1,C,0.36
2583-6357-3282,Anita Modi,12-02-2024,18-02-2024,Delhivery,Part-time,38,Secondary,24,Semi-urban,No,2013,336,1,A,0.36
7249-3187-7723,Mohit Ali,12-02-2024,18-02-2024,Delhivery,Part-time,41,Secondary,20,Urban,Yes,742,124,1,A,0.36
3877-9342-5256,Sumit Ali,12-02-2024,18-02-2024,Delhivery,Part-time,32,Primary,14,Urban,Yes,896,149,1,A,0.36
8071-8576-8329,Divya Trivedi,12-02-2024,18-02-2024,Delhivery,Full-time,35,Secondary,59,Semi-urban,Always,3246,541,1,B,0.36
2719-1252-7336,Ritu Kamat,12-02-2024,18-02-2024,Delhivery,Full-time,25,Secondary,5,Semi-urban,Yes,3662,610,1,C,0.36
8418-4502-8986,Rakesh Desai,12-02-2024,18-02-2024,Delhivery,Full-time,42,Primary,52,Urban,No,3773,629,1,C,0.36
6748-8511-4875,Mukesh Joshi,12-02-2024,18-02-2024,Delhivery,Full-time,21,Secondary,5,Semi-urban,Yes,2535,422,1,A,0.36
5797-8603-4104,Lalita Modi,12-02-2024,18-02-2024,Delhivery,Full-time,24,Secondary,47,Urban,Sometimes,4359,726,1,D,0.36
1913-1753-6591,Satish Shenoy,12-02-2024,18-02-2024,Delhivery,Part-time,43,Primary,1,Urban,Yes,1162,194,1,A,0.36
6979-9831-3279,Praveen Rajput,12-02-2024,18-02-2024,Delhivery,Part-time,20,Secondary,7,Semi-urban,Always,1792,299,1,A,0.36
8500-8289-9537,Nilesh Sharma,12-02-2024,18-02-2024,Delhivery,Full-time,38,Secondary,38,Rural,No,4137,690,1,D,0.36
2684-6961-3879,Sunil Malik,12-02-2024,18-02-2024,Delhivery,Part-time,47,Secondary,40,Rural,Always,1118,186,1,A,0.36
1321-5336-5256,Shyam Trivedi,12-02-2024,18-02-2024,Delhivery,Part-time,24,Primary,23,Semi-urban,Sometimes,2608,435,1,A,0.36
7726-2862-8823,Vimala Pillai,12-02-2024,18-02-2024,Delhivery,Full-time,19,Secondary,15,Urban,Yes,2880,480,1,B,0.36
5864-6629-8835,Lokesh Verma,12-02-2024,18-02-2024,Delhivery,Full-time,36,Primary,50,Urban,No,3126,521,1,B,0.36
5998-6165-6950,Sarita Ahmed,12-02-2024,18-02-2024,Delhivery,Full-time,26,Secondary,54,Semi-urban,Yes,4485,748,1,D,0.36
9788-6499-1889,Padma Sharma,12-02-2024,18-02-2024,Delhivery,Full-time,41,Secondary,24,Rural,Yes,3355,559,1,B,0.36
2700-7445-8892,Ajay Das,12-02-2024,18-02-2024,Delhivery,Full-time,43,Primary,41,Urban,Yes,2469,412,1,A,0.36
5958-1314-4063,Suman Tiwari,12-02-2024,18-02-2024,Delhivery,Full-time,30,Primary,44,Semi-urban,Yes,3582,597,1,C,0.36
9329-4417-7309,Rekha Poojary,12-02-2024,18-02-2024,Delhivery,Full-time,22,Secondary,43,Rural,Yes,3007,501,1,B,0.36
9126-8412-3795,Vinod Islam,12-02-2024,18-02-2024,Delhivery,Full-time,33,Secondary,3,Rural,Yes,3670,612,1,C,0.36
6040-5876-8389,Manoj Dave,12-02-2024,18-02-2024,Delhivery,Full-time,19,Secondary,45,Semi-urban,No,2631,438,1,A,0.36
4643-9689-6282,Nisha Rajput,12-02-2024,18-02-2024,Delhivery,Full-time,38,Secondary,34,Semi-urban,Yes,3420,570,1,B,0.36
1987-5547-7635,Kapil Dey,12-02-2024,18-02-2024,Delhivery,Full-time,24,Secondary,59,Semi-urban,Always,3526,588,1,C,0.36
6333-7245-1404,Ritu Gupta,12-02-2024,18-02-2024,Delhivery,Full-time,27,Secondary,28,Urban,Yes,2983,497,1,B,0.36
8117-7929-8772,Lalit Malik,12-02-2024,18-02-2024,Delhivery,Full-time,25,Primary,50,Semi-urban,No,4304,717,1,D,0.36
7602-3934-5871,Mohit Amin,12-02-2024,18-02-2024,Delhivery,Full-time,25,Secondary,32,Urban,Always,3774,629,1,C,0.36
7125-8727-2057,Harish Joshi,12-02-2024,18-02-2024,Delhivery,Part-time,27,Primary,48,Urban,Sometimes,1288,215,1,A,0.36
5999-8346-6133,Varun Reddy,12-02-2024,18-02-2024,Delhivery,Part-time,23,Primary,12,Urban,Yes,687,114,1,A,0.36
6290-1666-2434,Ravi Ahmed,12-02-2024,18-02-2024,Delhivery,Full-time,30,Primary,50,Rural,Yes,2979,496,1,B,0.36
5492-8199-8516,Ritu Amin,12-02-2024,18-02-2024,Delhivery,Full-time,22,Primary,23,Semi-urban,Always,4393,732,1,D,0.36
2973-6073-4036,Nikhil Dave,12-02-2024,18-02-2024,Delhivery,Full-time,45,Primary,49,Urban,Sometimes,4027,671,1,C,0.36
4899-1022-7211,Amit Reddy,12-02-2024,18-02-2024,Delhivery,Full-time,27,Secondary,26,Rural,Sometimes,4739,790,1,D,0.36
8511-7298-3740,Radha Das,12-02-2024,18-02-2024,Delhivery,Full-time,21,Primary,19,Urban,Sometimes,3025,504,1,B,0.36
6604-7654-9546,Naveen Modi,12-02-2024,18-02-2024,Delhivery,Part-time,40,Primary,49,Semi-urban,No,1552,259,1,A,0.36
8461-5366-9651,Nilesh Gowda,12-02-2024,18-02-2024,Delhivery,Full-time,42,Primary,40,Urban,Sometimes,3479,580,1,B,0.36
3775-9974-6275,Rahul Thakur,12-02-2024,18-02-2024,Delhivery,Full-time,35,Primary,35,Semi-urban,No,4077,680,1,D,0.36
4276-2010-6228,Lalita Hussain,12-02-2024,18-02-2024,Delhivery,Full-time,48,Primary,29,Rural,No,3660,610,1,C,0.36
2116-3067-1674,Rekha Desai,12-02-2024,18-02-2024,Delhivery,Full-time,42,Secondary,57,Semi-urban,Yes,3671,612,1,C,0.36
8631-3121-8268,Rohit Chatterjee,12-02-2024,18-02-2024,Delhivery,Full-time,30,Primary,39,Urban,Yes,3877,646,1,C,0.36
6753-1346-5760,Shanti Amin,12-02-2024,18-02-2024,Delhivery,Part-time,22,Primary,17,Urban,Always,1538,256,1,A,0.36
5109-9416-5088,Vijay Khan,12-02-2024,18-02-2024,Delhivery,Full-time,38,Secondary,43,Semi-urban,No,2783,464,1,B,0.36
2886-9417-5363,Prakash Shetty,12-02-2024,18-02-2024,Delhivery,Full-time,38,Secondary,11,Urban,Yes,3139,523,1,B,0.36
5560-9189-6749,Gaurav Kumar,12-02-2024,18-02-2024,Delhivery,Full-time,43,Secondary,41,Semi-urban,Always,4378,730,1,D,0.36
5947-6172-5000,Asha Jain,12-02-2024,18-02-2024,Delhivery,Full-time,45,Primary,58,Urban,Always,2244,374,1,A,0.36
6777-3439-5887,Sunil Bhatt,12-02-2024,18-02-2024,Delhivery,Full-time,43,Primary,21,Urban,Rarely,4262,710,1,D,0.36
7793-4934-6349,Vijay Thakur,12-02-2024,18-02-2024,Delhivery,Full-time,29,Primary,29,Semi-urban,Rarely,4047,674,1,D,0.36
2438-2387-9170,Priya Chatterjee,12-02-2024,18-02-2024,Dunzo,Part-time,34,Secondary,19,Semi-urban,Always,690,115,1,A,0.42
7487-4851-1905,Rakesh Thakur,12-02-2024,18-02-2024,Dunzo,Full-time,41,Secondary,21,Urban,Sometimes,3231,538,1,B,0.42
9828-2159-3406,Aarav Roy,12-02-2024,18-02-2024,Dunzo,Full-time,28,Secondary,19,Urban,Sometimes,3559,593,1,C,0.42
4061-2308-3601,Pradeep Shaikh,12-02-2024,18-02-2024,Dunzo,Full-time,25,Secondary,35,Semi-urban,Sometimes,3553,592,1,C,0.42
4619-6601-6408,Padma Bhatt,12-02-2024,18-02-2024,Dunzo,Full-time,41,Secondary,37,Urban,Yes,2870,478,1,B,0.42
8919-3727-2053,Praveen Bhat,12-02-2024,18-02-2024,Dunzo,Full-time,47,Primary,17,Urban,Always,3545,591,1,C,0.42
9481-2654-9452,Kapil Hegde,12-02-2024,18-02-2024,Dunzo,Full-time,33,Primary,22,Semi-urban,Always,3274,546,1,B,0.42
1572-1323-3492,Mohit Naidu,12-02-2024,18-02-2024,Dunzo,Part-time,47,Secondary,3,Urban,Yes,955,159,1,A,0.42
1660-7607-3971,Manoj Trivedi,12-02-2024,18-02-2024,Dunzo,Full-time,30,Primary,40,Urban,Rarely,2731,455,1,B,0.42
5227-8577-1307,Radha Iyer,12-02-2024,18-02-2024,Dunzo,Full-time,38,Secondary,25,Urban,Yes,3028,505,1,B,0.42
6771-6236-7161,Yogesh Dave,12-02-2024,18-02-2024,Dunzo,Full-time,20,Primary,58,Rural,Yes,3328,555,1,B,0.42
4465-4777-3713,Kavita Hegde,12-02-2024,18-02-2024,Dunzo,Part-time,29,Secondary,32,Urban,Sometimes,522,87,1,A,0.42
5974-2046-1311,Suman Malik,12-02-2024,18-02-2024,Dunzo,Part-time,23,Secondary,36,Urban,Always,1576,263,1,A,0.42
9980-6047-2819,Rajesh Malik,12-02-2024,18-02-2024,Dunzo,Full-time,33,Secondary,38,Semi-urban,Yes,2847,474,1,B,0.42
4208-2014-8395,Usha Shaikh,12-02-2024,18-02-2024,Dunzo,Part-time,22,Primary,20,Semi-urban,Sometimes,1992,332,1,A,0.42
6323-9581-2367,Mukesh Rao,12-02-2024,18-02-2024,Dunzo,Full-time,43,Secondary,26,Urban,Yes,3271,545,1,B,0.42
1499-5584-7603,Sunil Menon,12-02-2024,18-02-2024,Dunzo,Part-time,48,Secondary,10,Rural,Always,1447,241,1,A,0.42
8357-6432-9198,Girish Tiwari,12-02-2024,18-02-2024,Dunzo,Full-time,19,Primary,39,Semi-urban,No,2539,423,1,A,0.42
9040-5914-4655,Savita Parekh,12-02-2024,18-02-2024,Dunzo,Full-time,20,Primary,39,Urban,Sometimes,3420,570,1,B,0.42
5109-8274-1285,Lalita Ali,12-02-2024,18-02-2024,Dunzo,Full-time,29,Primary,29,Urban,Sometimes,4458,743,1,D,0.42
9261-9046-1608,Rekha Bose,12-02-2024,18-02-2024,Dunzo,Full-time,34,Secondary,59,Semi-urban,Yes,4031,672,1,C,0.42
4854-1032-1196,Suresh Naidu,12-02-2024,18-02-2024,Dunzo,Part-time,23,Primary,14,Semi-urban,Rarely,1293,216,1,A,0.42
6835-4327-9739,Dinesh Reddy,12-02-2024,18-02-2024,Dunzo,Full-time,44,Secondary,25,Semi-urban,Always,2873,479,1,B,0.42
3364-2196-6398,Padma Shenoy,12-02-2024,18-02-2024,Dunzo,Full-time,39,Secondary,5,Semi-urban,No,3656,609,1,C,0.42
7671-6836-1676,Radha Ahmed,12-02-2024,18-02-2024,Dunzo,Full-time,38,Primary,36,Semi-urban,Always,3798,633,1,C,0.42
8126-4230-6414,Divya Mehta,12-02-2024,18-02-2024,Dunzo,Full-time,19,Secondary,28,Semi-urban,Sometimes,2416,403,1,A,0.42
4180-9572-8985,Lalita Parekh,12-02-2024,18-02-2024,Dunzo,Full-time,27,Secondary,25,Rural,No,3490,582,1,C,0.42
5079-3646-3077,Ritesh Nair,12-02-2024,18-02-2024,Dunzo,Full-time,47,Secondary,50,Urban,Yes,3205,534,1,B,0.42
2400-3376-3339,Rohit Mehta,12-02-2024,18-02-2024,Dunzo,Full-time,39,Primary,54,Rural,Sometimes,3009,502,1,B,0.42
9920-4026-7185,Vimala Bose,12-02-2024,18-02-2024,Dunzo,Full-time,23,Secondary,35,Urban,Yes,2721,454,1,B,0.42
3686-5049-4800,Sarita Khan,12-02-2024,18-02-2024,Dunzo,Part-time,27,Secondary,48,Semi-urban,Yes,1792,299,1,A,0.42
3934-5542-7702,Suresh Shah,12-02-2024,18-02-2024,Dunzo,Full-time,31,Secondary,34,Urban,Rarely,3570,595,1,C,0.42
6135-4805-5605,Naveen Chauhan,12-02-2024,18-02-2024,Dunzo,Full-time,21,Secondary,59,Urban,Sometimes,3430,572,1,B,0.42
4448-5403-1398,Sunita Dave,12-02-2024,18-02-2024,Dunzo,Full-time,28,Primary,52,Urban,No,4232,705,1,D,0.42
4708-8668-8628,Usha Ahmed,12-02-2024,18-02-2024,Dunzo,Full-time,37,Secondary,12,Semi-urban,Yes,2582,430,1,A,0.42
2335-9611-1121,Gaurav Patel,12-02-2024,18-02-2024,Dunzo,Full-time,39,Secondary,6,Semi-urban,Always,2466,411,1,A,0.42
8070-7613-1909,Santosh Shaikh,12-02-2024,18-02-2024,Dunzo,Part-time,39,Primary,28,Semi-urban,Always,1019,170,1,A,0.42
1595-1805-3262,Nilesh Bhatt,12-02-2024,18-02-2024,Dunzo,Full-time,26,Secondary,40,Semi-urban,Yes,3065,511,1,B,0.42
1015-6502-4755,Kamla Poojary,12-02-2024,18-02-2024,Dunzo,Full-time,20,Secondary,30,Urban,Sometimes,2921,487,1,B,0.42
6417-3646-4360,Praveen Dave,12-02-2024,18-02-2024,Dunzo,Part-time,34,Primary,9,Urban,No,1663,277,1,A,0.42
4302-3011-7837,Rohit Jain,12-02-2024,18-02-2024,Dunzo,Part-time,28,Secondary,42,Urban,Sometimes,1787,298,1,A,0.42
2024-2715-9869,Anita Reddy,12-02-2024,18-02-2024,Dunzo,Part-time,31,Primary,10,Urban,Sometimes,1076,179,1,A,0.42
2042-5833-8155,Vishal Menon,12-02-2024,18-02-2024,Dunzo,Full-time,46,Primary,55,Rural,Sometimes,4113,686,1,D,0.42
4113-3235-5227,Radha Ghosh,12-02-2024,18-02-2024,Dunzo,Full-time,32,Secondary,4,Semi-urban,Sometimes,3438,573,1,B,0.42
5386-8233-5206,Sumit Shaikh,12-02-2024,18-02-2024,Dunzo,Part-time,38,Secondary,58,Urban,No,749,125,1,A,0.42
6469-9036-6851,Arjun Mishra,12-02-2024,18-02-2024,Dunzo,Part-time,32,Secondary,52,Semi-urban,Sometimes,159,26,1,A,0.42
4332-3345-5245,Rahul Mehta,12-02-2024,18-02-2024,Dunzo,Full-time,19,Primary,54,Rural,Sometimes,2882,480,1,B,0.42
9828-6083-7369,Geeta Rao,12-02-2024,18-02-2024,Dunzo,Full-time,40,Primary,3,Urban,Yes,3145,524,1,B,0.42
2315-5565-2950,Aarav Thakur,12-02-2024,18-02-2024,Dunzo,Full-time,22,Secondary,17,Urban,Yes,3379,563,1,B,0.42
6432-7615-2711,Harish Singh,12-02-2024,18-02-2024,Dunzo,Part-time,35,Primary,59,Semi-urban,Always,1485,248,1,A,0.42
5261-6367-8576,Rohit Joshi,12-02-2024,18-02-2024,Zepto,Full-time,31,Primary,55,Urban,Sometimes,2666,444,1,A,0.44
9114-9868-9592,Ajay Dey,12-02-2024,18-02-2024,Zepto,Part-time,22,Primary,32,Urban,Rarely,1897,316,1,A,0.44
7614-1219-4858,Ritu Paul,12-02-2024,18-02-2024,Zepto,Full-time,32,Secondary,3,Rural,Sometimes,3336,556,1,B,0.44
6718-8442-3547,Mahesh Tiwari,12-02-2024,18-02-2024,Zepto,Full-time,29,Secondary,50,Semi-urban,Sometimes,3229,538,1,B,0.44
9271-8904-1121,Neha Kamat,12-02-2024,18-02-2024,Zepto,Full-time,44,Secondary,33,Semi-urban,Sometimes,4008,668,1,C,0.44
9774-7544-4734,Padma Hussain,12-02-2024,18-02-2024,Zepto,Full-time,42,Secondary,48,Urban,Yes,2559,426,1,A,0.44
3757-5533-8291,Arun Bose,12-02-2024,18-02-2024,Zepto,Part-time,36,Primary,59,Rural,Yes,1232,205,1,A,0.44
3700-8975-8328,Vishal Parekh,12-02-2024,18-02-2024,Zepto,Full-time,40,Secondary,23,Urban,Always,3507,584,1,C,0.44
6658-1837-7096,Ritu Parekh,12-02-2024,18-02-2024,Zepto,Full-time,26,Primary,40,Semi-urban,Yes,2601,434,1,A,0.44
6600-9402-1991,Rahul Khan,12-02-2024,18-02-2024,Zepto,Full-time,34,Primary,11,Urban,Yes,3983,664,1,C,0.44
5175-3095-2616,Ravi Iyer,12-02-2024,18-02-2024,Zepto,Full-time,34,Secondary,19,Urban,Always,3873,646,1,C,0.44
4226-2988-5451,Naveen Bhat,12-02-2024,18-02-2024,Zepto,Full-time,28,Secondary,16,Urban,Always,3021,504,1,B,0.44
8962-1833-2315,Sumit Naik,12-02-2024,18-02-2024,Zepto,Full-time,42,Secondary,37,Urban,Yes,2812,469,1,B,0.44
6581-1385-9779,Kapil Patel,12-02-2024,18-02-2024,Zepto,Part-time,21,Secondary,48,Urban,Yes,1540,257,1,A,0.44
1316-3182-3102,Dinesh Menon,12-02-2024,18-02-2024,Zepto,Full-time,19,Primary,19,Rural,Yes,2988,498,1,B,0.44
5279-6760-1948,Ritu Chatterjee,12-02-2024,18-02-2024,Zepto,Part-time,41,Primary,16,Urban,Sometimes,1728,288,1,A,0.44
6684-1843-4043,Anil Thakur,12-02-2024,18-02-2024,Zepto,Full-time,42,Primary,57,Rural,Yes,4027,671,1,C,0.44
6818-7429-8016,Anil Sen,12-02-2024,18-02-2024,Zepto,Full-time,31,Secondary,16,Urban,Sometimes,3246,541,1,B,0.44
8079-7829-1460,Ramesh Kumar,12-02-2024,18-02-2024,Zepto,Part-time,23,Primary,59,Semi-urban,Always,1051,175,1,A,0.44
7256-8339-9462,Sunita Das,12-02-2024,18-02-2024,Zepto,Full-time,43,Secondary,60,Semi-urban,Yes,2417,403,1,A,0.44
6041-2781-6418,Padma Verma,12-02-2024,18-02-2024,Zepto,Full-time,24,Secondary,46,Urban,Yes,3004,501,1,B,0.44
4482-2603-7750,Mamta Rajput,12-02-2024,18-02-2024,Zepto,Full-time,33,Secondary,58,Semi-urban,Always,2009,335,1,A,0.44
6414-6037-8077,Sanjay Nair,12-02-2024,18-02-2024,Zepto,Full-time,37,Primary,11,Urban,No,4190,698,1,D,0.44
2483-4676-5279,Dinesh Dey,12-02-2024,18-02-2024,Zepto,Full-time,21,Secondary,21,Semi-urban,Sometimes,4387,731,1,D,0.44
7804-3515-9206,Varun Rao,12-02-2024,18-02-2024,Zepto,Full-time,37,Primary,22,Semi-urban,Sometimes,3605,601,1,C,0.44
9797-8716-1961,Nikhil Rao,12-02-2024,18-02-2024,Zepto,Full-time,48,Secondary,8,Semi-urban,Always,3468,578,1,B,0.44
4462-9028-3672,Santosh Khan,12-02-2024,18-02-2024,Zepto,Part-time,34,Secondary,28,Semi-urban,Rarely,1822,304,1,A,0.44
1735-4310-3302,Mahesh Chauhan,12-02-2024,18-02-2024,Zepto,Full-time,29,Secondary,25,Semi-urban,Yes,3641,607,1,C,0.44
2551-6100-2942,Mamta Amin,12-02-2024,18-02-2024,Zepto,Full-time,23,Primary,7,Urban,Sometimes,3817,636,1,C,0.44
1348-9324-9910,Vimala Hegde,12-02-2024,18-02-2024,Zepto,Full-time,30,Primary,1,Semi-urban,Always,3460,577,1,B,0.44
6465-3300-6600,Harish Khan,12-02-2024,18-02-2024,Zepto,Full-time,20,Primary,30,Semi-urban,Sometimes,2669,445,1,B,0.44
9457-8502-3009,Mohit Siddiqui,12-02-2024,18-02-2024,Zepto,Full-time,28,Primary,27,Urban,Rarely,3786,631,1,C,0.44
2033-2074-2058,Yogesh Das,12-02-2024,18-02-2024,Zepto,Full-time,34,Secondary,32,Rural,Sometimes,3769,628,1,C,0.44
3746-6095-1214,Manoj Jain,12-02-2024,18-02-2024,Zepto,Part-time,46,Secondary,5,Urban,Rarely,1471,245,1,A,0.44
9455-6586-6436,Shyam Naik,12-02-2024,18-02-2024,Zepto,Full-time,27,Primary,50,Urban,Yes,2902,484,1,B,0.44
7351-8165-6845,Pradeep Islam,12-02-2024,18-02-2024,Zepto,Full-time,30,Secondary,48,Urban,Sometimes,3284,547,1,B,0.44
5009-4335-5100,Sarita Bhatt,12-02-2024,18-02-2024,Zepto,Full-time,22,Secondary,33,Rural,Sometimes,3609,602,1,C,0.44
6915-8928-2630,Pushpa Bose,12-02-2024,18-02-2024,Zepto,Full-time,27,Secondary,53,Urban,Always,3219,536,1,B,0.44
7406-5446-8105,Priya Yadav,12-02-2024,18-02-2024,Zepto,Full-time,26,Secondary,32,Urban,Sometimes,2884,481,1,B,0.44
4209-5506-9159,Naresh Nair,12-02-2024,18-02-2024,Zepto,Full-time,47,Secondary,56,Urban,Yes,3797,633,1,C,0.44
2239-6681-5708,Priya Desai,12-02-2024,18-02-2024,Zepto,Part-time,34,Primary,30,Urban,Sometimes,821,137,1,A,0.44
3326-6509-5579,Kapil Sharma,12-02-2024,18-02-2024,Zepto,Full-time,43,Secondary,52,Semi-urban,Sometimes,2272,379,1,A,0.44
2521-5112-5365,Neha Gupta,12-02-2024,18-02-2024,Zepto,Full-time,28,Secondary,7,Urban,Sometimes,3246,541,1,B,0.44
2033-2118-9585,Satish Roy,12-02-2024,18-02-2024,Zepto,Full-time,36,Primary,13,Rural,Sometimes,3450,575,1,B,0.44
8014-3404-1919,Asha Tiwari,12-02-2024,18-02-2024,Zepto,Full-time,19,Secondary,9,Urban,Sometimes,3910,652,1,C,0.44
9202-6749-6844,Pradeep Rajput,12-02-2024,18-02-2024,Blinkit,Full-time,24,Secondary,26,Rural,Yes,3300,550,1,B,0.4
5014-9165-3640,Priya Naidu,12-02-2024,18-02-2024,Blinkit,Full-time,21,Secondary,41,Urban,No,3875,646,1,C,0.4
7753-1486-7826,Anita Kumar,12-02-2024,18-02-2024,Blinkit,Part-time,41,Primary,33,Urban,Sometimes,376,63,1,A,0.4
6180-9079-6426,Ravi Naik,12-02-2024,18-02-2024,Blinkit,Full-time,45,Primary,37,Urban,Yes,3255,542,1,B,0.4
8521-8512-7159,Arjun Bose,12-02-2024,18-02-2024,Blinkit,Part-time,31,Secondary,7,Urban,Always,1086,181,1,A,0.4
8327-5663-4874,Harish Verma,12-02-2024,18-02-2024,Blinkit,Full-time,45,Primary,35,Rural,No,3263,544,1,B,0.4
7377-8689-9316,Rakesh Kamat,12-02-2024,18-02-2024,Blinkit,Full-time,43,Secondary,58,Urban,Sometimes,2757,460,1,B,0.4
2268-5463-1782,Anil Dey,12-02-2024,18-02-2024,Blinkit,Full-time,33,Primary,55,Urban,Yes,3125,521,1,B,0.4
4070-6532-2454,Divya Bhat,12-02-2024,18-02-2024,Blinkit,Full-time,45,Secondary,6,Urban,Sometimes,4169,695,1,D,0.4
5271-2109-5451,Pradeep Khan,12-02-2024,18-02-2024,Blinkit,Full-time,38,Secondary,20,Urban,Yes,2696,449,1,B,0.4
5297-6353-5050,Varun Sen,12-02-2024,18-02-2024,Blinkit,Full-time,36,Secondary,2,Urban,Yes,4306,718,1,D,0.4
9001-7801-8730,Ajay Mukherjee,12-02-2024,18-02-2024,Blinkit,Full-time,19,Secondary,46,Rural,Always,3601,600,1,C,0.4
4634-5063-8818,Ramesh Banerjee,12-02-2024,18-02-2024,Blinkit,Full-time,44,Primary,58,Urban,No,3049,508,1,B,0.4
4139-7446-7687,Varun Modi,12-02-2024,18-02-2024,Blinkit,Full-time,38,Secondary,3,Rural,No,3979,663,1,C,0.4
5373-2619-9934,Sunita Trivedi,12-02-2024,18-02-2024,Blinkit,Full-time,23,Secondary,49,Semi-urban,No,3061,510,1,B,0.4
1555-3163-5853,Lokesh Shenoy,12-02-2024,18-02-2024,Blinkit,Part-time,25,Secondary,55,Rural,No,1616,269,1,A,0.4
3047-2262-3071,Pradeep Hegde,12-02-2024,18-02-2024,Blinkit,Full-time,29,Primary,16,Semi-urban,No,3933,656,1,C,0.4
6417-1894-3945,Sunita Mehta,12-02-2024,18-02-2024,Blinkit,Full-time,42,Primary,21,Urban,Yes,2918,486,1,B,0.4
4822-8935-8605,Laxmi Patel,12-02-2024,18-02-2024,Blinkit,Part-time,21,Secondary,44,Urban,No,710,118,1,A,0.4
6834-7745-4886,Kapil Bhat,12-02-2024,18-02-2024,Blinkit,Part-time,38,Primary,43,Urban,Sometimes,1634,272,1,A,0.4
6826-1871-7520,Mahesh Siddiqui,12-02-2024,18-02-2024,Blinkit,Part-time,28,Secondary,37,Semi-urban,Yes,2424,404,1,A,0.4
8757-2544-7734,Aarav Jain,12-02-2024,18-02-2024,Blinkit,Full-time,35,Secondary,11,Semi-urban,Yes,3772,629,1,C,0.4
3340-7756-3915,Vishal Gupta,12-02-2024,18-02-2024,Blinkit,Full-time,41,Secondary,43,Urban,Always,4406,734,1,D,0.4
6573-4718-6955,Divya Mishra,12-02-2024,18-02-2024,Blinkit,Full-time,45,Primary,29,Rural,Sometimes,4075,679,1,D,0.4
5370-6487-7772,Ramesh Sharma,12-02-2024,18-02-2024,Blinkit,Full-time,20,Primary,40,Rural,Rarely,2380,397,1,A,0.4
4118-4049-5677,Rekha Siddiqui,12-02-2024,18-02-2024,Blinkit,Full-time,30,Primary,33,Semi-urban,Rarely,4396,733,1,D,0.4
9959-7368-3780,Praveen Mukherjee,12-02-2024,18-02-2024,Blinkit,Full-time,37,Secondary,13,Urban,Yes,3858,643,1,C,0.4
2240-3139-8297,Meena Ansari,12-02-2024,18-02-2024,Blinkit,Part-time,25,Primary,22,Semi-urban,Sometimes,1868,311,1,A,0.4
3942-2789-4617,Tarun Dey,12-02-2024,18-02-2024,Blinkit,Full-time,45,Primary,44,Urban,Always,4023,670,1,C,0.4
4927-4748-6169,Suman Banerjee,12-02-2024,18-02-2024,Blinkit,Full-time,23,Secondary,52,Urban,Yes,4271,712,1,D,0.4
1862-8218-4480,Sanjay Amin,12-02-2024,18-02-2024,Blinkit,Full-time,36,Primary,58,Urban,Sometimes,3800,633,1,C,0.4
2111-8430-2288,Durga Naik,12-02-2024,18-02-2024,Blinkit,Full-time,38,Primary,14,Rural,Rarely,3953,659,1,C,0.4
6218-5384-6149,Sachin Trivedi,12-02-2024,18-02-2024,Blinkit,Full-time,44,Secondary,10,Rural,Yes,3496,583,1,C,0.4
7264-5239-1887,Neha Rao,12-02-2024,18-02-2024,Blinkit,Full-time,46,Primary,25,Urban,Yes,2886,481,1,B,0.4
4696-7598-4562,Sunita Naidu,12-02-2024,18-02-2024,Blinkit,Full-time,20,Primary,14,Semi-urban,Sometimes,4543,757,1,D,0.4
1322-5323-2045,Ganesh Ahmed,12-02-2024,18-02-2024,Blinkit,Full-time,35,Primary,2,Urban,Yes,3488,581,1,C,0.4
7831-2315-7694,Harish Mishra,12-02-2024,18-02-2024,Blinkit,Full-time,44,Secondary,21,Urban,Sometimes,3466,578,1,B,0.4
1915-5277-5334,Kavita Paul,12-02-2024,18-02-2024,Blinkit,Full-time,44,Primary,11,Urban,Yes,3603,600,1,C,0.4
2466-6952-4429,Sarita Hussain,12-02-2024,18-02-2024,Blinkit,Full-time,31,Primary,16,Semi-urban,Yes,3466,578,1,B,0.4
2890-3106-6044,Kapil Mehta,12-02-2024,18-02-2024,Blinkit,Part-time,37,Secondary,35,Semi-urban,Yes,1337,223,1,A,0.4
8862-1595-2899,Prakash Bhatt,12-02-2024,18-02-2024,Blinkit,Full-time,27,Secondary,28,Urban,Rarely,2128,355,1,A,0.4
1613-9232-2974,Ramesh Shaikh,12-02-2024,18-02-2024,Blinkit,Part-time,27,Primary,55,Urban,Sometimes,1138,190,1,A,0.4
3567-7571-4188,Usha Bhatt,12-02-2024,18-02-2024,Blinkit,Part-time,22,Secondary,30,Semi-urban,Yes,2064,344,1,A,0.4
3401-3729-9774,Padma Siddiqui,12-02-2024,18-02-2024,Blinkit,Full-time,46,Primary,18,Urban,Rarely,3597,600,1,C,0.4
6500-9493-8365,Usha Shetty,12-02-2024,18-02-2024,Blinkit,Full-time,30,Primary,16,Urban,Yes,3412,569,1,B,0.4
4872-7040-4666,Sunita Desai,12-02-2024,18-02-2024,Blinkit,Full-time,37,Primary,16,Semi-urban,No,3492,582,1,C,0.4
1484-7249-6499,Arjun Modi,12-02-2024,18-02-2024,Blinkit,Full-time,30,Primary,25,Urban,Yes,3104,517,1,B,0.4
8685-9699-4233,Ganesh Menon,12-02-2024,18-02-2024,Blinkit,Full-time,47,Secondary,22,Semi-urban,Always,3749,625,1,C,0.4
6547-5811-5618,Savita Joshi,12-02-2024,18-02-2024,Blinkit,Full-time,41,Primary,29,Semi-urban,Always,3284,547,1,B,0.4
3061-3355-7797,Manoj Bhatt,12-02-2024,18-02-2024,Blinkit,Full-time,37,Primary,58,Rural,Yes,3651,608,1,C,0.4
6326-9135-8321,Geeta Hegde,12-02-2024,18-02-2024,Porter,Full-time,42,Secondary,57,Urban,Rarely,3672,612,1,C,0.38
2070-9865-1623,Umesh Qureshi,12-02-2024,18-02-2024,Porter,Part-time,46,Primary,17,Rural,Sometimes,1570,262,1,A,0.38
4988-8107-5587,Priya Modi,12-02-2024,18-02-2024,Porter,Part-time,27,Primary,40,Rural,Rarely,1232,205,1,A,0.38
1146-2904-8391,Vimala Bhat,12-02-2024,18-02-2024,Porter,Part-time,43,Primary,41,Semi-urban,No,1178,196,1,A,0.38
1617-6704-7185,Sunita Pandey,12-02-2024,18-02-2024,Porter,Full-time,38,Secondary,4,Semi-urban,Yes,4162,694,1,D,0.38
9252-3759-3336,Ritesh Verma,12-02-2024,18-02-2024,Porter,Full-time,45,Secondary,28,Urban,No,4220,703,1,D,0.38
1799-2093-4593,Pooja Ghosh,12-02-2024,18-02-2024,Porter,Full-time,21,Secondary,32,Semi-urban,Yes,3619,603,1,C,0.38
2229-3941-9805,Sachin Agarwal,12-02-2024,18-02-2024,Porter,Full-time,25,Secondary,60,Rural,Always,3352,559,1,B,0.38
4575-5534-8473,Sarita Dave,12-02-2024,18-02-2024,Porter,Full-time,34,Secondary,44,Urban,Yes,3210,535,1,B,0.38
2382-5049-6367,Laxmi Qureshi,12-02-2024,18-02-2024,Porter,Full-time,43,Primary,57,Urban,Yes,3437,573,1,B,0.38
4300-7108-8649,Harish Yadav,12-02-2024,18-02-2024,Porter,Full-time,40,Secondary,53,Rural,Always,4208,701,1,D,0.38
5061-5940-3963,Vimala Yadav,12-02-2024,18-02-2024,Porter,Part-time,22,Primary,16,Urban,Rarely,1172,195,1,A,0.38
5942-9523-2599,Meena Rao,12-02-2024,18-02-2024,Porter,Full-time,48,Primary,23,Urban,Sometimes,3682,614,1,C,0.38
4899-3975-5662,Lokesh Bose,12-02-2024,18-02-2024,Porter,Full-time,44,Secondary,54,Rural,Yes,3484,581,1,C,0.38
4479-1551-3816,Pushpa Gowda,12-02-2024,18-02-2024,Porter,Full-time,42,Secondary,15,Semi-urban,Yes,4341,724,1,D,0.38
5624-4228-8500,Rajesh Poojary,12-02-2024,18-02-2024,Porter,Full-time,26,Secondary,56,Urban,Sometimes,3993,666,1,C,0.38
3161-2751-4469,Sumit Iyer,12-02-2024,18-02-2024,Porter,Full-time,23,Primary,15,Urban,Always,3739,623,1,C,0.38
8988-9671-4407,Satish Joshi,12-02-2024,18-02-2024,Porter,Full-time,28,Secondary,2,Semi-urban,No,3574,596,1,C,0.38
9404-3993-1691,Tarun Bose,12-02-2024,18-02-2024,Porter,Full-time,48,Primary,31,Semi-urban,No,3333,556,1,B,0.38
4080-1727-1034,Santosh Modi,12-02-2024,18-02-2024,Porter,Full-time,48,Secondary,24,Semi-urban,No,4333,722,1,D,0.38
9977-6212-4855,Prakash Gupta,12-02-2024,18-02-2024,Porter,Full-time,34,Primary,23,Rural,No,3398,566,1,B,0.38
7775-7053-9446,Mahesh Kamat,12-02-2024,18-02-2024,Porter,Full-time,37,Secondary,13,Urban,No,3780,630,1,C,0.38
4691-4127-5162,Manju Gupta,12-02-2024,18-02-2024,Porter,Full-time,29,Primary,8,Urban,Yes,3202,534,1,B,0.38
2956-8564-4689,Divya Bose,12-02-2024,18-02-2024,Porter,Full-time,40,Secondary,9,Urban,Yes,5026,838,1,D,0.38
5980-1632-8862,Vimala Pandey,12-02-2024,18-02-2024,Porter,Part-time,20,Secondary,39,Urban,Sometimes,749,125,1,A,0.38
7333-9835-7270,Bharat Das,12-02-2024,18-02-2024,Porter,Full-time,41,Primary,40,Rural,Yes,3491,582,1,C,0.38
7750-1012-3323,Kavita Malik,12-02-2024,18-02-2024,Porter,Full-time,35,Secondary,40,Urban,No,3592,599,1,C,0.38
9875-4589-5207,Ritesh Dave,12-02-2024,18-02-2024,Porter,Full-time,48,Secondary,8,Rural,No,3490,582,1,C,0.38
3621-5963-5898,Lalit Shenoy,12-02-2024,18-02-2024,Porter,Full-time,30,Secondary,15,Urban,Always,3736,623,1,C,0.38
7832-6167-2215,Rekha Gupta,12-02-2024,18-02-2024,Porter,Full-time,38,Secondary,18,Semi-urban,No,3142,524,1,B,0.38
7730-2202-5691,Praveen Chauhan,12-02-2024,18-02-2024,Porter,Part-time,22,Secondary,9,Urban,Sometimes,987,164,1,A,0.38
5022-3638-9422,Naresh Yadav,12-02-2024,18-02-2024,Porter,Part-time,42,Primary,1,Rural,Sometimes,1046,174,1,A,0.38
2118-7729-3810,Rakesh Bhatt,12-02-2024,18-02-2024,Porter,Full-time,45,Primary,8,Semi-urban,Yes,3258,543,1,B,0.38
6505-9684-9306,Meena Sharma,12-02-2024,18-02-2024,Porter,Full-time,38,Secondary,5,Urban,Sometimes,3822,637,1,C,0.38
8344-6419-3058,Bharat Dey,12-02-2024,18-02-2024,Porter,Full-time,22,Secondary,28,Urban,Yes,4627,771,1,D,0.38
8755-1169-5596,Nikhil Qureshi,12-02-2024,18-02-2024,Porter,Full-time,39,Secondary,4,Rural,Always,3888,648,1,C,0.38
7056-7523-1176,Sumit Dave,12-02-2024,18-02-2024,Porter,Full-time,31,Secondary,42,Semi-urban,Yes,3105,518,1,B,0.38
8132-7925-5463,Ritesh Yadav,12-02-2024,18-02-2024,Porter,Full-time,38,Primary,27,Urban,Always,4593,766,1,D,0.38
5822-9364-5125,Aarav Dey,12-02-2024,18-02-2024,Porter,Full-time,23,Secondary,41,Urban,Sometimes,4690,782,1,D,0.38
9265-8584-6075,Seema Parekh,12-02-2024,18-02-2024,Porter,Full-time,41,Primary,48,Semi-urban,Yes,4567,761,1,D,0.38
2607-1089-4413,Sarita Chatterjee,12-02-2024,18-02-2024,Shadowfax,Full-time,41,Secondary,57,Rural,Always,2905,484,1,B,0.33
2878-3901-7066,Anita Das,12-02-2024,18-02-2024,Shadowfax,Full-time,30,Primary,51,Semi-urban,Yes,3662,610,1,C,0.33
9630-7258-4744,Ramesh Bhatt,12-02-2024,18-02-2024,Shadowfax,Part-time,34,Primary,53,Urban,Yes,1182,197,1,A,0.33
9580-8699-5763,Suresh Gowda,12-02-2024,18-02-2024,Shadowfax,Part-time,38,Secondary,30,Semi-urban,Yes,1618,270,1,A,0.33
4058-6841-8721,Harish Trivedi,12-02-2024,18-02-2024,Shadowfax,Full-time,37,Secondary,30,Semi-urban,Sometimes,4105,684,1,D,0.33
3629-6720-4784,Shyam Ansari,12-02-2024,18-02-2024,Shadowfax,Full-time,40,Secondary,38,Rural,No,3722,620,1,C,0.33
7768-5261-1697,Pradeep Qureshi,12-02-2024,18-02-2024,Shadowfax,Full-time,28,Primary,21,Urban,Sometimes,4348,725,1,D,0.33
8788-5209-4660,Laxmi Siddiqui,12-02-2024,18-02-2024,Shadowfax,Part-time,41,Primary,19,Urban,Sometimes,639,106,1,A,0.33
9736-4560-2907,Naresh Sen,12-02-2024,18-02-2024,Shadowfax,Part-time,22,Secondary,1,Urban,Always,1335,222,1,A,0.33
1968-3875-9262,Ritu Verma,12-02-2024,18-02-2024,Shadowfax,Full-time,20,Secondary,17,Rural,Always,4147,691,1,D,0.33
3102-8397-8216,Pooja Shaikh,12-02-2024,18-02-2024,Shadowfax,Full-time,44,Secondary,28,Semi-urban,Rarely,4253,709,1,D,0.33
1380-6424-7833,Dinesh Bhat,12-02-2024,18-02-2024,Shadowfax,Part-time,37,Primary,42,Urban,No,1414,236,1,A,0.33
8337-3768-6140,Priya Das,12-02-2024,18-02-2024,Shadowfax,Part-time,33,Secondary,38,Urban,Rarely,1060,177,1,A,0.33
8269-1104-6188,Sunita Agarwal,12-02-2024,18-02-2024,Shadowfax,Full-time,32,Secondary,15,Semi-urban,Always,3132,522,1,B,0.33
8020-2921-2114,Lalita Das,12-02-2024,18-02-2024,Shadowfax,Full-time,38,Primary,44,Rural,No,2999,500,1,B,0.33
9350-8578-1054,Anil Qureshi,12-02-2024,18-02-2024,Shadowfax,Full-time,37,Primary,6,Urban,Yes,3533,589,1,C,0.33
4228-8521-1010,Praveen Kamat,12-02-2024,18-02-2024,Shadowfax,Full-time,19,Secondary,3,Urban,Yes,4017,670,1,C,0.33
5992-2170-3781,Umesh Jain,12-02-2024,18-02-2024,Shadowfax,Full-time,43,Primary,2,Urban,No,2419,403,1,A,0.33
9314-1649-6154,Sunita Sen,12-02-2024,18-02-2024,Shadowfax,Full-time,21,Secondary,11,Semi-urban,No,3192,532,1,B,0.33
3896-9225-1083,Suman Bhat,12-02-2024,18-02-2024,Shadowfax,Full-time,30,Secondary,44,Rural,Yes,4057,676,1,D,0.33
4447-8609-7975,Arun Reddy,12-02-2024,18-02-2024,Shadowfax,Full-time,22,Primary,38,Urban,Yes,3460,577,1,B,0.33
3867-4050-2614,Sunil Reddy,12-02-2024,18-02-2024,Shadowfax,Full-time,32,Secondary,38,Urban,Sometimes,3325,554,1,B,0.33
5298-6973-6743,Aarav Naidu,12-02-2024,18-02-2024,Shadowfax,Full-time,40,Secondary,10,Urban,No,3652,609,1,C,0.33
9727-8688-7973,Kapil Jain,12-02-2024,18-02-2024,Shadowfax,Full-time,24,Secondary,21,Semi-urban,Always,3137,523,1,B,0.33
4953-7882-7764,Sunita Ahmed,12-02-2024,18-02-2024,Shadowfax,Full-time,44,Primary,1,Urban,Always,3049,508,1,B,0.33
7421-2430-3385,Vishal Agarwal,12-02-2024,18-02-2024,Shadowfax,Full-time,23,Secondary,8,Semi-urban,Sometimes,3606,601,1,C,0.33
7267-5650-7034,Sarita Paul,12-02-2024,18-02-2024,Shadowfax,Part-time,46,Primary,6,Urban,Yes,1402,234,1,A,0.33
8226-3217-7206,Santosh Sen,12-02-2024,18-02-2024,Shadowfax,Full-time,47,Primary,22,Urban,Always,2937,490,1,B,0.33
6542-5439-2604,Naveen Gupta,12-02-2024,18-02-2024,Shadowfax,Full-time,36,Primary,51,Urban,Yes,4034,672,1,C,0.33
3292-5967-3586,Arun Mukherjee,12-02-2024,18-02-2024,Shadowfax,Full-time,41,Primary,31,Urban,Yes,4264,711,1,D,0.33
2892-7057-9673,Radha Kumar,12-02-2024,18-02-2024,Shadowfax,Full-time,21,Secondary,52,Semi-urban,No,3213,536,1,B,0.33
9567-9290-6285,Mukesh Naidu,12-02-2024,18-02-2024,Shadowfax,Full-time,23,Primary,28,Semi-urban,Sometimes,3870,645,1,C,0.33
6092-5153-1696,Mukesh Mehta,12-02-2024,18-02-2024,Shadowfax,Full-time,31,Secondary,30,Urban,Rarely,3275,546,1,B,0.33
1422-6542-6146,Mahesh Trivedi,12-02-2024,18-02-2024,Shadowfax,Full-time,48,Secondary,23,Urban,Yes,3320,553,1,B,0.33
5900-8868-7961,Kamla Menon,12-02-2024,18-02-2024,Shadowfax,Part-time,46,Primary,5,Urban,Always,1314,219,1,A,0.33
2895-2004-3220,Praveen Roy,12-02-2024,18-02-2024,Shadowfax,Full-time,41,Secondary,3,Urban,No,3438,573,1,B,0.33
8768-2792-9432,Nisha Shetty,12-02-2024,18-02-2024,Shadowfax,Full-time,34,Primary,47,Urban,Always,3844,641,1,C,0.33
2754-5801-8725,Radha Chatterjee,12-02-2024,18-02-2024,Shadowfax,Full-time,26,Primary,36,Semi-urban,Sometimes,3414,569,1,B,0.33
5950-7600-8162,Vinod Yadav,12-02-2024,18-02-2024,Shadowfax,Full-time,37,Primary,41,Urban,No,3429,572,1,B,0.33
4472-3746-2545,Nilesh Mehta,12-02-2024,18-02-2024,Shadowfax,Full-time,33,Primary,36,Rural,Yes,3132,522,1,B,0.33
2640-1363-8065,Vinod Singh,19-02-2024,25-02-2024,Amazon,Full-time,32,Secondary,47,Urban,Sometimes,4482,747,1,D,0.27
6217-9921-2907,Santosh Verma,19-02-2024,25-02-2024,Amazon,Full-time,22,Secondary,17,Urban,Rarely,3914,652,1,C,0.27
7349-3472-7936,Rahul Sharma,19-02-2024,25-02-2024,Amazon,Full-time,38,Secondary,46,Urban,Always,4746,791,1,D,0.27
4112-3965-6397,Arun Patel,19-02-2024,25-02-2024,Amazon,Full-time,40,Secondary,37,Semi-urban,Yes,3636,606,1,C,0.27
2396-3088-2429,Nikhil Banerjee,19-02-2024,25-02-2024,Amazon,Full-time,28,Primary,54,Semi-urban,Yes,4060,677,1,C,0.27
4963-7821-7884,Bharat Bhat,19-02-2024,25-02-2024,Amazon,Full-time,25,Primary,57,Urban,No,4379,730,1,D,0.27
4232-5218-7253,Shanti Trivedi,19-02-2024,25-02-2024,Amazon,Full-time,24,Primary,46,Urban,No,4269,712,1,D,0.27
2746-6763-3672,Sarita Dey,19-02-2024,25-02-2024,Amazon,Full-time,28,Primary,51,Urban,Yes,4491,748,1,D,0.27
1230-1892-1086,Arun Sen,19-02-2024,25-02-2024,Amazon,Full-time,29,Secondary,56,Urban,No,4515,752,1,D,0.27
4387-6738-2811,Seema Sen,19-02-2024,25-02-2024,Amazon,Full-time,29,Primary,4,Rural,Yes,4657,776,1,D,0.27
9265-4321-1594,Girish Rao,19-02-2024,25-02-2024,Amazon,Full-time,38,Secondary,53,Urban,No,5376,896,1,D,0.27
3496-4426-1355,Rakesh Shaikh,19-02-2024,25-02-2024,Amazon,Full-time,45,Primary,5,Urban,Sometimes,3964,661,1,C,0.27
9969-4113-2677,Bharat Naik,19-02-2024,25-02-2024,Amazon,Part-time,39,Primary,49,Urban,Always,1546,258,1,A,0.27
8660-5353-2598,Ajay Kumar,19-02-2024,25-02-2024,Amazon,Full-time,41,Secondary,24,Urban,Sometimes,4085,681,1,D,0.27
3391-4834-2854,Sunil Kumar,19-02-2024,25-02-2024,Amazon,Part-time,39,Primary,45,Urban,Rarely,1673,279,1,A,0.27
6918-6429-4550,Kiran Verma,19-02-2024,25-02-2024,Amazon,Full-time,21,Primary,42,Urban,Yes,3196,533,1,B,0.27
5779-5313-9445,Kavita Nair,19-02-2024,25-02-2024,Amazon,Full-time,36,Secondary,6,Urban,Rarely,3307,551,1,B,0.27
6010-8812-6995,Nisha Malik,19-02-2024,25-02-2024,Amazon,Full-time,28,Primary,4,Urban,Sometimes,4543,757,1,D,0.27
1628-1185-5009,Mahesh Shenoy,19-02-2024,25-02-2024,Amazon,Full-time,22,Secondary,31,Semi-urban,Yes,4060,677,1,C,0.27
1621-9807-5954,Rohit Shetty,19-02-2024,25-02-2024,Amazon,Full-time,22,Secondary,29,Urban,Sometimes,3628,605,1,C,0.27
7558-2428-2814,Suman Reddy,19-02-2024,25-02-2024,Amazon,Part-time,34,Secondary,53,Semi-urban,Sometimes,654,109,1,A,0.27
1688-6901-4145,Vinod Shaikh,19-02-2024,25-02-2024,Amazon,Full-time,43,Secondary,29,Urban,Sometimes,4663,777,1,D,0.27
4414-1094-1798,Bharat Shaikh,19-02-2024,25-02-2024,Amazon,Part-time,36,Primary,24,Semi-urban,Rarely,1739,290,1,A,0.27
2987-8989-5637,Asha Ahmed,19-02-2024,25-02-2024,Amazon,Full-time,37,Primary,37,Semi-urban,Always,4767,794,1,D,0.27
9046-6192-5651,Nikhil Hegde,19-02-2024,25-02-2024,Amazon,Full-time,23,Primary,50,Urban,Sometimes,3319,553,1,B,0.27
5860-2403-4817,Lalit Tiwari,19-02-2024,25-02-2024,Amazon,Part-time,37,Primary,30,Semi-urban,No,865,144,1,A,0.27
7800-1547-6954,Ajay Mishra,19-02-2024,25-02-2024,Amazon,Part-time,41,Secondary,2,Urban,Always,1508,251,1,A,0.27
2738-7941-6804,Lalita Sharma,19-02-2024,25-02-2024,Amazon,Full-time,19,Primary,38,Rural,Always,3550,592,1,C,0.27
3256-5540-4851,Shanti Yadav,19-02-2024,25-02-2024,Amazon,Full-time,25,Secondary,12,Urban,Always,4458,743,1,D,0.27
7140-7812-4750,Ganesh Jain,19-02-2024,25-02-2024,Amazon,Full-time,19,Primary,45,Semi-urban,Sometimes,4880,813,1,D,0.27
5573-3048-3614,Neha Trivedi,19-02-2024,25-02-2024,Amazon,Full-time,41,Secondary,6,Rural,Yes,4006,668,1,C,0.27
2206-8886-3158,Bharat Hegde,19-02-2024,25-02-2024,Amazon,Part-time,20,Primary,51,Semi-urban,Sometimes,2464,411,1,A,0.27
4979-6633-5580,Amit Singh,19-02-2024,25-02-2024,Amazon,Part-time,19,Secondary,5,Urban,Sometimes,1940,323,1,A,0.27
6224-4837-3146,Varun Bhatt,19-02-2024,25-02-2024,Amazon,Full-time,33,Secondary,6,Urban,Always,5181,864,1,D,0.27
9548-4920-3613,Sita Hegde,19-02-2024,25-02-2024,Amazon,Full-time,22,Primary,23,Rural,No,3135,522,1,B,0.27
5511-3905-9262,Pushpa Rao,19-02-2024,25-02-2024,Amazon,Full-time,21,Secondary,20,Semi-urban,Yes,4870,812,1,D,0.27
4394-6808-6099,Vimala Shah,19-02-2024,25-02-2024,Amazon,Full-time,40,Secondary,21,Semi-urban,Yes,3314,552,1,B,0.27
4831-4995-7037,Sita Parekh,19-02-2024,25-02-2024,Amazon,Full-time,31,Primary,16,Rural,Always,4386,731,1,D,0.27
1269-6334-3728,Ravi Singh,19-02-2024,25-02-2024,Amazon,Part-time,30,Primary,33,Urban,Always,2176,363,1,A,0.27
3337-7610-1012,Anita Jain,19-02-2024,25-02-2024,Amazon,Full-time,44,Secondary,37,Semi-urban,Sometimes,4609,768,1,D,0.27
4940-1805-6603,Sarita Ali,19-02-2024,25-02-2024,Amazon,Full-time,19,Secondary,54,Semi-urban,Sometimes,4074,679,1,D,0.27
8560-9896-2115,Sumit Kumar,19-02-2024,25-02-2024,Amazon,Full-time,46,Secondary,43,Semi-urban,No,4429,738,1,D,0.27
5451-5314-8283,Kamla Gowda,19-02-2024,25-02-2024,Amazon,Full-time,35,Secondary,42,Urban,Yes,4507,751,1,D,0.27
1380-5070-5438,Ritesh Patel,19-02-2024,25-02-2024,Amazon,Full-time,41,Secondary,9,Urban,Yes,4786,798,1,D,0.27
4609-9133-4819,Amit Mishra,19-02-2024,25-02-2024,Amazon,Part-time,24,Secondary,16,Urban,Sometimes,1729,288,1,A,0.27
3459-1579-8738,Tarun Naidu,19-02-2024,25-02-2024,Amazon,Full-time,33,Secondary,43,Rural,Sometimes,5473,912,1,D,0.27
7329-6865-6886,Harish Kumar,19-02-2024,25-02-2024,Amazon,Part-time,25,Secondary,36,Urban,Yes,2424,404,1,A,0.27
6936-2496-9328,Sunil Bhat,19-02-2024,25-02-2024,Amazon,Part-time,32,Secondary,21,Rural,No,1453,242,1,A,0.27
6595-2186-8035,Ramesh Paul,19-02-2024,25-02-2024,Amazon,Full-time,27,Primary,32,Semi-urban,Always,2078,346,1,A,0.27
1364-5726-7613,Dinesh Shah,19-02-2024,25-02-2024,Amazon,Full-time,47,Secondary,47,Urban,Always,4844,807,1,D,0.27
4231-2372-4282,Varun Shah,19-02-2024,25-02-2024,Amazon,Part-time,39,Secondary,25,Urban,Sometimes,2171,362,1,A,0.27
1639-9454-1738,Padma Bose,19-02-2024,25-02-2024,Amazon,Full-time,48,Primary,5,Urban,No,5142,857,1,D,0.27
1365-1216-3667,Ravi Gupta,19-02-2024,25-02-2024,Amazon,Full-time,33,Secondary,52,Urban,Yes,4211,702,1,D,0.27
9585-7551-1282,Sita Chauhan,19-02-2024,25-02-2024,Amazon,Full-time,45,Secondary,34,Urban,Yes,4781,797,1,D,0.27
2440-9742-5006,Lalit Hegde,19-02-2024,25-02-2024,Amazon,Full-time,40,Primary,16,Rural,Yes,4631,772,1,D,0.27
8119-5398-8401,Deepak Amin,19-02-2024,25-02-2024,Amazon,Full-time,33,Primary,30,Urban,No,4495,749,1,D,0.27
9536-5487-9929,Ramesh Jain,19-02-2024,25-02-2024,Amazon,Full-time,32,Secondary,56,Urban,Yes,5661,944,1,D,0.27
9275-1761-4737,Lalita Bose,19-02-2024,25-02-2024,Amazon,Full-time,38,Primary,28,Semi-urban,Always,4445,741,1,D,0.27
3473-5694-9734,Sanjay Hegde,19-02-2024,25-02-2024,Amazon,Full-time,46,Secondary,25,Rural,No,3802,634,1,C,0.27
8538-5651-3019,Usha Qureshi,19-02-2024,25-02-2024,Amazon,Full-time,29,Primary,52,Urban,No,4107,684,1,D,0.27
5851-9238-5792,Deepak Iyer,19-02-2024,25-02-2024,Amazon,Full-time,25,Secondary,35,Urban,Yes,4439,740,1,D,0.27
1995-4204-5323,Yogesh Rajput,19-02-2024,25-02-2024,Amazon,Full-time,46,Primary,49,Semi-urban,No,4145,691,1,D,0.27
9066-5812-5044,Neha Malik,19-02-2024,25-02-2024,Amazon,Full-time,44,Secondary,29,Semi-urban,Always,4399,733,1,D,0.27
8466-1900-4700,Kavita Shenoy,19-02-2024,25-02-2024,Amazon,Full-time,24,Primary,1,Semi-urban,No,3509,585,1,C,0.27
2676-1661-7233,Kamla Ansari,19-02-2024,25-02-2024,Amazon,Full-time,42,Primary,60,Semi-urban,Yes,5278,880,1,D,0.27
9729-5078-9709,Shanti Pandey,19-02-2024,25-02-2024,Amazon,Full-time,22,Secondary,28,Urban,Sometimes,4141,690,1,D,0.27
9735-7101-8282,Deepak Naik,19-02-2024,25-02-2024,Amazon,Full-time,36,Primary,55,Semi-urban,Sometimes,4899,816,1,D,0.27
3378-9204-6948,Arun Das,19-02-2024,25-02-2024,Amazon,Full-time,47,Primary,41,Urban,Sometimes,4525,754,1,D,0.27
5550-7560-6627,Ritu Ahmed,19-02-2024,25-02-2024,Amazon,Full-time,37,Primary,59,Semi-urban,Sometimes,4993,832,1,D,0.27
4864-3874-7119,Divya Chatterjee,19-02-2024,25-02-2024,Amazon,Full-time,38,Primary,32,Rural,Always,5372,895,1,D,0.27
8031-8567-1256,Sanjay Ghosh,19-02-2024,25-02-2024,Ekart,Part-time,45,Secondary,60,Semi-urban,No,1740,290,1,A,0.31
7934-9201-3568,Satish Modi,19-02-2024,25-02-2024,Ekart,Full-time,33,Secondary,22,Semi-urban,Yes,4708,785,1,D,0.31
9840-7391-1437,Yogesh Kumar,19-02-2024,25-02-2024,Ekart,Full-time,26,Secondary,32,Semi-urban,No,3499,583,1,C,0.31
7001-5659-2958,Amit Mehta,19-02-2024,25-02-2024,Ekart,Full-time,36,Primary,41,Semi-urban,Yes,4757,793,1,D,0.31
9007-1153-6548,Shyam Parekh,19-02-2024,25-02-2024,Ekart,Full-time,24,Secondary,44,Semi-urban,No,4096,683,1,D,0.31
9232-9765-9480,Vinod Shah,19-02-2024,25-02-2024,Ekart,Full-time,40,Secondary,31,Urban,Yes,3947,658,1,C,0.31
7075-6470-5726,Prakash Khan,19-02-2024,25-02-2024,Ekart,Full-time,26,Secondary,11,Rural,Always,4847,808,1,D,0.31
4647-4190-4886,Sachin Patel,19-02-2024,25-02-2024,Ekart,Full-time,23,Secondary,60,Urban,No,4325,721,1,D,0.31
8832-1295-6372,Geeta Rajput,19-02-2024,25-02-2024,Ekart,Part-time,41,Secondary,4,Urban,Yes,2195,366,1,A,0.31
9459-3589-3492,Naresh Naidu,19-02-2024,25-02-2024,Ekart,Part-time,26,Secondary,54,Semi-urban,No,1601,267,1,A,0.31
5123-7434-5080,Tarun Amin,19-02-2024,25-02-2024,Ekart,Full-time,44,Primary,4,Urban,Always,3463,577,1,B,0.31
9998-1196-2904,Prakash Ahmed,19-02-2024,25-02-2024,Ekart,Full-time,27,Secondary,18,Semi-urban,Sometimes,3757,626,1,C,0.31
2768-8501-8984,Praveen Banerjee,19-02-2024,25-02-2024,Ekart,Full-time,43,Secondary,2,Rural,Sometimes,2591,432,1,A,0.31
2599-6664-4192,Pradeep Shah,19-02-2024,25-02-2024,Ekart,Full-time,22,Primary,15,Semi-urban,Always,4460,743,1,D,0.31
1502-7401-9940,Ravi Patel,19-02-2024,25-02-2024,Ekart,Full-time,24,Primary,39,Semi-urban,Sometimes,2992,499,1,B,0.31
7668-7974-4742,Sita Islam,19-02-2024,25-02-2024,Ekart,Full-time,40,Secondary,5,Rural,Yes,4629,772,1,D,0.31
2648-8281-8986,Shanti Rao,19-02-2024,25-02-2024,Ekart,Full-time,25,Secondary,43,Urban,Rarely,3303,550,1,B,0.31
9157-3668-4315,Mamta Iyer,19-02-2024,25-02-2024,Ekart,Full-time,46,Secondary,33,Urban,Always,3248,541,1,B,0.31
8573-6512-1728,Padma Thakur,19-02-2024,25-02-2024,Ekart,Full-time,43,Secondary,46,Semi-urban,Yes,4870,812,1,D,0.31
6804-8724-6821,Mamta Paul,19-02-2024,25-02-2024,Ekart,Part-time,30,Secondary,23,Semi-urban,Always,2321,387,1,A,0.31
1455-5435-7016,Rajesh Hegde,19-02-2024,25-02-2024,Ekart,Full-time,39,Secondary,37,Urban,Yes,4125,688,1,D,0.31
9023-1820-1936,Rajesh Shah,19-02-2024,25-02-2024,Ekart,Full-time,30,Secondary,16,Semi-urban,No,3137,523,1,B,0.31
9112-3293-1037,Vimala Chatterjee,19-02-2024,25-02-2024,Ekart,Full-time,24,Secondary,22,Semi-urban,Yes,4393,732,1,D,0.31
3500-9794-9532,Asha Khan,19-02-2024,25-02-2024,Ekart,Full-time,38,Primary,35,Urban,Sometimes,4857,810,1,D,0.31
7911-2412-1499,Vishal Bhat,19-02-2024,25-02-2024,Ekart,Full-time,46,Primary,1,Urban,Yes,3472,579,1,B,0.31
5458-2600-8079,Aarav Ahmed,19-02-2024,25-02-2024,Ekart,Part-time,44,Secondary,14,Rural,Sometimes,1680,280,1,A,0.31
2609-2674-1106,Anil Sharma,19-02-2024,25-02-2024,Ekart,Full-time,32,Secondary,59,Semi-urban,Yes,3799,633,1,C,0.31
8312-9891-3626,Vimala Modi,19-02-2024,25-02-2024,Ekart,Full-time,22,Primary,24,Semi-urban,Sometimes,4450,742,1,D,0.31
4346-3791-1321,Rohit Siddiqui,19-02-2024,25-02-2024,Ekart,Full-time,26,Primary,37,Urban,Always,4746,791,1,D,0.31
5196-4344-8856,Asha Modi,19-02-2024,25-02-2024,Ekart,Part-time,23,Secondary,26,Urban,Sometimes,1103,184,1,A,0.31
6495-6067-6597,Naveen Ansari,19-02-2024,25-02-2024,Ekart,Full-time,37,Primary,46,Urban,Rarely,3820,637,1,C,0.31
5470-2093-5454,Usha Rajput,19-02-2024,25-02-2024,Ekart,Full-time,26,Primary,20,Urban,No,3615,602,1,C,0.31
5023-2669-6392,Tarun Modi,19-02-2024,25-02-2024,Ekart,Part-time,44,Secondary,50,Urban,No,912,152,1,A,0.31
5636-9843-4026,Dinesh Naidu,19-02-2024,25-02-2024,Ekart,Full-time,40,Secondary,7,Urban,Sometimes,4089,682,1,D,0.31
2669-7347-6948,Nilesh Ansari,19-02-2024,25-02-2024,Ekart,Full-time,24,Primary,58,Rural,Sometimes,4752,792,1,D,0.31
2256-9496-1522,Nikhil Pillai,19-02-2024,25-02-2024,Ekart,Full-time,48,Primary,59,Urban,No,4246,708,1,D,0.31
1123-4845-3631,Vijay Modi,19-02-2024,25-02-2024,Ekart,Full-time,41,Primary,7,Semi-urban,Sometimes,4679,780,1,D,0.31
9742-4652-9363,Radha Shaikh,19-02-2024,25-02-2024,Ekart,Full-time,31,Primary,22,Rural,Yes,4100,683,1,D,0.31
6542-9149-1032,Sarita Yadav,19-02-2024,25-02-2024,Ekart,Full-time,41,Secondary,4,Rural,Yes,3314,552,1,B,0.31
3324-7953-1844,Vijay Sharma,19-02-2024,25-02-2024,Ekart,Full-time,25,Secondary,1,Urban,Yes,4274,712,1,D,0.31
6048-4906-2910,Sarita Modi,19-02-2024,25-02-2024,Ekart,Full-time,28,Secondary,58,Urban,No,3944,657,1,C,0.31
9894-9893-6612,Nilesh Shenoy,19-02-2024,25-02-2024,Ekart,Full-time,39,Secondary,34,Urban,No,4134,689,1,D,0.31
3807-7792-5341,Rohit Khan,19-02-2024,25-02-2024,Ekart,Full-time,43,Primary,50,Urban,Yes,4086,681,1,D,0.31
7699-7037-7589,Meena Gupta,19-02-2024,25-02-2024,Ekart,Full-time,22,Secondary,29,Urban,Yes,3767,628,1,C,0.31
4001-7245-3685,Savita Bhatt,19-02-2024,25-02-2024,Ekart,Part-time,34,Primary,47,Urban,Rarely,1669,278,1,A,0.31
5680-3005-5418,Sachin Das,19-02-2024,25-02-2024,Ekart,Full-time,20,Secondary,28,Rural,No,4711,785,1,D,0.31
1837-1339-6538,Mahesh Malik,19-02-2024,25-02-2024,Ekart,Full-time,39,Primary,6,Semi-urban,Always,5050,842,1,D,0.31
5558-9721-7990,Mamta Sen,19-02-2024,25-02-2024,Ekart,Full-time,21,Primary,1,Urban,Sometimes,3093,516,1,B,0.31
3760-1701-2126,Vinod Hussain,19-02-2024,25-02-2024,Ekart,Full-time,22,Primary,34,Semi-urban,Sometimes,4643,774,1,D,0.31
1512-9860-3209,Umesh Amin,19-02-2024,25-02-2024,Ekart,Full-time,20,Primary,24,Rural,Sometimes,3774,629,1,C,0.31
2927-5069-5480,Usha Siddiqui,19-02-2024,25-02-2024,Ekart,Part-time,31,Primary,40,Semi-urban,No,1360,227,1,A,0.31
3667-7876-6594,Naresh Bhat,19-02-2024,25-02-2024,Ekart,Part-time,24,Primary,35,Rural,Sometimes,993,166,1,A,0.31
7125-2311-2980,Manoj Reddy,19-02-2024,25-02-2024,Ekart,Full-time,39,Secondary,22,Semi-urban,Rarely,3798,633,1,C,0.31
4277-5990-6396,Varun Gupta,19-02-2024,25-02-2024,Ekart,Full-time,32,Secondary,59,Semi-urban,Sometimes,3624,604,1,C,0.31
6196-3764-4181,Ganesh Kumar,19-02-2024,25-02-2024,Ekart,Full-time,47,Secondary,7,Urban,No,4490,748,1,D,0.31
6808-5031-5191,Manoj Siddiqui,19-02-2024,25-02-2024,Ekart,Part-time,28,Primary,9,Semi-urban,Sometimes,1553,259,1,A,0.31
2906-1935-9229,Dinesh Chatterjee,19-02-2024,25-02-2024,Ekart,Full-time,40,Primary,60,Semi-urban,Yes,3185,531,1,B,0.31
5134-6438-5831,Rahul Pandey,19-02-2024,25-02-2024,Ekart,Full-time,21,Primary,2,Urban,Yes,3912,652,1,C,0.31
2166-1879-8599,Dinesh Modi,19-02-2024,25-02-2024,Ekart,Full-time,32,Secondary,33,Urban,No,4147,691,1,D,0.31
5400-6850-2940,Laxmi Tiwari,19-02-2024,25-02-2024,Ekart,Full-time,22,Secondary,17,Urban,Sometimes,4247,708,1,D,0.31
5612-8502-8582,Shanti Naidu,19-02-2024,25-02-2024,Delhivery,Full-time,20,Primary,42,Urban,Sometimes,4131,688,1,D,0.36
1099-3113-2449,Anita Bhatt,19-02-2024,25-02-2024,Delhivery,Full-time,34,Primary,15,Semi-urban,Sometimes,3111,518,1,B,0.36
5987-3835-6925,Satish Thakur,19-02-2024,25-02-2024,Delhivery,Full-time,32,Secondary,34,Rural,Yes,3683,614,1,C,0.36
7430-9674-5855,Bharat Banerjee,19-02-2024,25-02-2024,Delhivery,Full-time,37,Secondary,43,Urban,No,4605,768,1,D,0.36
4644-7327-8179,Anita Paul,19-02-2024,25-02-2024,Delhivery,Full-time,33,Secondary,12,Semi-urban,Yes,3494,582,1,C,0.36
1862-9944-7412,Durga Bhatt,19-02-2024,25-02-2024,Delhivery,Full-time,47,Secondary,50,Semi-urban,Sometimes,3796,633,1,C,0.36
1981-3769-1663,Vishal Shetty,19-02-2024,25-02-2024,Delhivery,Full-time,45,Primary,20,Urban,Always,3978,663,1,C,0.36
6738-4064-3147,Rakesh Mukherjee,19-02-2024,25-02-2024,Delhivery,Full-time,30,Primary,31,Urban,No,4171,695,1,D,0.36
2583-6357-3282,Anita Modi,19-02-2024,25-02-2024,Delhivery,Part-time,38,Secondary,24,Semi-urban,No,1492,249,1,A,0.36
7249-3187-7723,Mohit Ali,19-02-2024,25-02-2024,Delhivery,Part-time,41,Secondary,20,Urban,Yes,1164,194,1,A,0.36
3877-9342-5256,Sumit Ali,19-02-2024,25-02-2024,Delhivery,Part-time,32,Primary,14,Urban,Yes,1292,215,1,A,0.36
8071-8576-8329,Divya Trivedi,19-02-2024,25-02-2024,Delhivery,Full-time,35,Secondary,59,Semi-urban,Always,3016,503,1,B,0.36
2719-1252-7336,Ritu Kamat,19-02-2024,25-02-2024,Delhivery,Full-time,25,Secondary,5,Semi-urban,Yes,4034,672,1,C,0.36
8418-4502-8986,Rakesh Desai,19-02-2024,25-02-2024,Delhivery,Full-time,42,Primary,52,Urban,No,3350,558,1,B,0.36
6748-8511-4875,Mukesh Joshi,19-02-2024,25-02-2024,Delhivery,Full-time,21,Secondary,5,Semi-urban,Yes,3654,609,1,C,0.36
5797-8603-4104,Lalita Modi,19-02-2024,25-02-2024,Delhivery,Full-time,24,Secondary,47,Urban,Sometimes,4010,668,1,C,0.36
1913-1753-6591,Satish Shenoy,19-02-2024,25-02-2024,Delhivery,Part-time,43,Primary,1,Urban,Yes,1219,203,1,A,0.36
6979-9831-3279,Praveen Rajput,19-02-2024,25-02-2024,Delhivery,Part-time,20,Secondary,7,Semi-urban,Always,1065,178,1,A,0.36
8500-8289-9537,Nilesh Sharma,19-02-2024,25-02-2024,Delhivery,Full-time,38,Secondary,38,Rural,No,4405,734,1,D,0.36
2684-6961-3879,Sunil Malik,19-02-2024,25-02-2024,Delhivery,Part-time,47,Secondary,40,Rural,Always,1102,184,1,A,0.36
1321-5336-5256,Shyam Trivedi,19-02-2024,25-02-2024,Delhivery,Part-time,24,Primary,23,Semi-urban,Sometimes,1299,216,1,A,0.36
7726-2862-8823,Vimala Pillai,19-02-2024,25-02-2024,Delhivery,Full-time,19,Secondary,15,Urban,Yes,3200,533,1,B,0.36
5864-6629-8835,Lokesh Verma,19-02-2024,25-02-2024,Delhivery,Full-time,36,Primary,50,Urban,No,3339,556,1,B,0.36
5998-6165-6950,Sarita Ahmed,19-02-2024,25-02-2024,Delhivery,Full-time,26,Secondary,54,Semi-urban,Yes,4446,741,1,D,0.36
9788-6499-1889,Padma Sharma,19-02-2024,25-02-2024,Delhivery,Full-time,41,Secondary,24,Rural,Yes,4031,672,1,C,0.36
2700-7445-8892,Ajay Das,19-02-2024,25-02-2024,Delhivery,Full-time,43,Primary,41,Urban,Yes,2965,494,1,B,0.36
5958-1314-4063,Suman Tiwari,19-02-2024,25-02-2024,Delhivery,Full-time,30,Primary,44,Semi-urban,Yes,4377,730,1,D,0.36
9329-4417-7309,Rekha Poojary,19-02-2024,25-02-2024,Delhivery,Full-time,22,Secondary,43,Rural,Yes,3941,657,1,C,0.36
9126-8412-3795,Vinod Islam,19-02-2024,25-02-2024,Delhivery,Full-time,33,Secondary,3,Rural,Yes,3211,535,1,B,0.36
6040-5876-8389,Manoj Dave,19-02-2024,25-02-2024,Delhivery,Full-time,19,Secondary,45,Semi-urban,No,2994,499,1,B,0.36
4643-9689-6282,Nisha Rajput,19-02-2024,25-02-2024,Delhivery,Full-time,38,Secondary,34,Semi-urban,Yes,4309,718,1,D,0.36
1987-5547-7635,Kapil Dey,19-02-2024,25-02-2024,Delhivery,Full-time,24,Secondary,59,Semi-urban,Always,2785,464,1,B,0.36
6333-7245-1404,Ritu Gupta,19-02-2024,25-02-2024,Delhivery,Full-time,27,Secondary,28,Urban,Yes,2909,485,1,B,0.36
8117-7929-8772,Lalit Malik,19-02-2024,25-02-2024,Delhivery,Full-time,25,Primary,50,Semi-urban,No,3354,559,1,B,0.36
7602-3934-5871,Mohit Amin,19-02-2024,25-02-2024,Delhivery,Full-time,25,Secondary,32,Urban,Always,3687,614,1,C,0.36
7125-8727-2057,Harish Joshi,19-02-2024,25-02-2024,Delhivery,Part-time,27,Primary,48,Urban,Sometimes,430,72,1,A,0.36
5999-8346-6133,Varun Reddy,19-02-2024,25-02-2024,Delhivery,Part-time,23,Primary,12,Urban,Yes,1550,258,1,A,0.36
6290-1666-2434,Ravi Ahmed,19-02-2024,25-02-2024,Delhivery,Full-time,30,Primary,50,Rural,Yes,3191,532,1,B,0.36
5492-8199-8516,Ritu Amin,19-02-2024,25-02-2024,Delhivery,Full-time,22,Primary,23,Semi-urban,Always,3437,573,1,B,0.36
2973-6073-4036,Nikhil Dave,19-02-2024,25-02-2024,Delhivery,Full-time,45,Primary,49,Urban,Sometimes,4118,686,1,D,0.36
4899-1022-7211,Amit Reddy,19-02-2024,25-02-2024,Delhivery,Full-time,27,Secondary,26,Rural,Sometimes,4537,756,1,D,0.36
8511-7298-3740,Radha Das,19-02-2024,25-02-2024,Delhivery,Full-time,21,Primary,19,Urban,Sometimes,3081,514,1,B,0.36
6604-7654-9546,Naveen Modi,19-02-2024,25-02-2024,Delhivery,Part-time,40,Primary,49,Semi-urban,No,1335,222,1,A,0.36
8461-5366-9651,Nilesh Gowda,19-02-2024,25-02-2024,Delhivery,Full-time,42,Primary,40,Urban,Sometimes,3548,591,1,C,0.36
3775-9974-6275,Rahul Thakur,19-02-2024,25-02-2024,Delhivery,Full-time,35,Primary,35,Semi-urban,No,3271,545,1,B,0.36
4276-2010-6228,Lalita Hussain,19-02-2024,25-02-2024,Delhivery,Full-time,48,Primary,29,Rural,No,3347,558,1,B,0.36
2116-3067-1674,Rekha Desai,19-02-2024,25-02-2024,Delhivery,Full-time,42,Secondary,57,Semi-urban,Yes,3213,536,1,B,0.36
8631-3121-8268,Rohit Chatterjee,19-02-2024,25-02-2024,Delhivery,Full-time,30,Primary,39,Urban,Yes,3649,608,1,C,0.36
6753-1346-5760,Shanti Amin,19-02-2024,25-02-2024,Delhivery,Part-time,22,Primary,17,Urban,Always,1210,202,1,A,0.36
5109-9416-5088,Vijay Khan,19-02-2024,25-02-2024,Delhivery,Full-time,38,Secondary,43,Semi-urban,No,2471,412,1,A,0.36
2886-9417-5363,Prakash Shetty,19-02-2024,25-02-2024,Delhivery,Full-time,38,Secondary,11,Urban,Yes,3365,561,1,B,0.36
5560-9189-6749,Gaurav Kumar,19-02-2024,25-02-2024,Delhivery,Full-time,43,Secondary,41,Semi-urban,Always,4365,728,1,D,0.36
5947-6172-5000,Asha Jain,19-02-2024,25-02-2024,Delhivery,Full-time,45,Primary,58,Urban,Always,3057,510,1,B,0.36
6777-3439-5887,Sunil Bhatt,19-02-2024,25-02-2024,Delhivery,Full-time,43,Primary,21,Urban,Rarely,3754,626,1,C,0.36
7793-4934-6349,Vijay Thakur,19-02-2024,25-02-2024,Delhivery,Full-time,29,Primary,29,Semi-urban,Rarely,3449,575,1,B,0.36
2438-2387-9170,Priya Chatterjee,19-02-2024,25-02-2024,Dunzo,Part-time,34,Secondary,19,Semi-urban,Always,1476,246,1,A,0.42
7487-4851-1905,Rakesh Thakur,19-02-2024,25-02-2024,Dunzo,Full-time,41,Secondary,21,Urban,Sometimes,2651,442,1,A,0.42
9828-2159-3406,Aarav Roy,19-02-2024,25-02-2024,Dunzo,Full-time,28,Secondary,19,Urban,Sometimes,3211,535,1,B,0.42
4061-2308-3601,Pradeep Shaikh,19-02-2024,25-02-2024,Dunzo,Full-time,25,Secondary,35,Semi-urban,Sometimes,4148,691,1,D,0.42
4619-6601-6408,Padma Bhatt,19-02-2024,25-02-2024,Dunzo,Full-time,41,Secondary,37,Urban,Yes,2748,458,1,B,0.42
8919-3727-2053,Praveen Bhat,19-02-2024,25-02-2024,Dunzo,Full-time,47,Primary,17,Urban,Always,3338,556,1,B,0.42
9481-2654-9452,Kapil Hegde,19-02-2024,25-02-2024,Dunzo,Full-time,33,Primary,22,Semi-urban,Always,3038,506,1,B,0.42
1572-1323-3492,Mohit Naidu,19-02-2024,25-02-2024,Dunzo,Part-time,47,Secondary,3,Urban,Yes,1453,242,1,A,0.42
1660-7607-3971,Manoj Trivedi,19-02-2024,25-02-2024,Dunzo,Full-time,30,Primary,40,Urban,Rarely,3031,505,1,B,0.42
5227-8577-1307,Radha Iyer,19-02-2024,25-02-2024,Dunzo,Full-time,38,Secondary,25,Urban,Yes,3109,518,1,B,0.42
6771-6236-7161,Yogesh Dave,19-02-2024,25-02-2024,Dunzo,Full-time,20,Primary,58,Rural,Yes,3536,589,1,C,0.42
4465-4777-3713,Kavita Hegde,19-02-2024,25-02-2024,Dunzo,Part-time,29,Secondary,32,Urban,Sometimes,782,130,1,A,0.42
5974-2046-1311,Suman Malik,19-02-2024,25-02-2024,Dunzo,Part-time,23,Secondary,36,Urban,Always,1843,307,1,A,0.42
9980-6047-2819,Rajesh Malik,19-02-2024,25-02-2024,Dunzo,Full-time,33,Secondary,38,Semi-urban,Yes,3679,613,1,C,0.42
4208-2014-8395,Usha Shaikh,19-02-2024,25-02-2024,Dunzo,Part-time,22,Primary,20,Semi-urban,Sometimes,1275,212,1,A,0.42
6323-9581-2367,Mukesh Rao,19-02-2024,25-02-2024,Dunzo,Full-time,43,Secondary,26,Urban,Yes,3734,622,1,C,0.42
1499-5584-7603,Sunil Menon,19-02-2024,25-02-2024,Dunzo,Part-time,48,Secondary,10,Rural,Always,1246,208,1,A,0.42
8357-6432-9198,Girish Tiwari,19-02-2024,25-02-2024,Dunzo,Full-time,19,Primary,39,Semi-urban,No,4185,698,1,D,0.42
9040-5914-4655,Savita Parekh,19-02-2024,25-02-2024,Dunzo,Full-time,20,Primary,39,Urban,Sometimes,3926,654,1,C,0.42
5109-8274-1285,Lalita Ali,19-02-2024,25-02-2024,Dunzo,Full-time,29,Primary,29,Urban,Sometimes,3514,586,1,C,0.42
9261-9046-1608,Rekha Bose,19-02-2024,25-02-2024,Dunzo,Full-time,34,Secondary,59,Semi-urban,Yes,3582,597,1,C,0.42
4854-1032-1196,Suresh Naidu,19-02-2024,25-02-2024,Dunzo,Part-time,23,Primary,14,Semi-urban,Rarely,753,126,1,A,0.42
6835-4327-9739,Dinesh Reddy,19-02-2024,25-02-2024,Dunzo,Full-time,44,Secondary,25,Semi-urban,Always,2452,409,1,A,0.42
3364-2196-6398,Padma Shenoy,19-02-2024,25-02-2024,Dunzo,Full-time,39,Secondary,5,Semi-urban,No,2878,480,1,B,0.42
7671-6836-1676,Radha Ahmed,19-02-2024,25-02-2024,Dunzo,Full-time,38,Primary,36,Semi-urban,Always,3434,572,1,B,0.42
8126-4230-6414,Divya Mehta,19-02-2024,25-02-2024,Dunzo,Full-time,19,Secondary,28,Semi-urban,Sometimes,3741,624,1,C,0.42
4180-9572-8985,Lalita Parekh,19-02-2024,25-02-2024,Dunzo,Full-time,27,Secondary,25,Rural,No,2549,425,1,A,0.42
5079-3646-3077,Ritesh Nair,19-02-2024,25-02-2024,Dunzo,Full-time,47,Secondary,50,Urban,Yes,3956,659,1,C,0.42
2400-3376-3339,Rohit Mehta,19-02-2024,25-02-2024,Dunzo,Full-time,39,Primary,54,Rural,Sometimes,2934,489,1,B,0.42
9920-4026-7185,Vimala Bose,19-02-2024,25-02-2024,Dunzo,Full-time,23,Secondary,35,Urban,Yes,3182,530,1,B,0.42
3686-5049-4800,Sarita Khan,19-02-2024,25-02-2024,Dunzo,Part-time,27,Secondary,48,Semi-urban,Yes,738,123,1,A,0.42
3934-5542-7702,Suresh Shah,19-02-2024,25-02-2024,Dunzo,Full-time,31,Secondary,34,Urban,Rarely,3714,619,1,C,0.42
6135-4805-5605,Naveen Chauhan,19-02-2024,25-02-2024,Dunzo,Full-time,21,Secondary,59,Urban,Sometimes,3543,590,1,C,0.42
4448-5403-1398,Sunita Dave,19-02-2024,25-02-2024,Dunzo,Full-time,28,Primary,52,Urban,No,4556,759,1,D,0.42
4708-8668-8628,Usha Ahmed,19-02-2024,25-02-2024,Dunzo,Full-time,37,Secondary,12,Semi-urban,Yes,2999,500,1,B,0.42
2335-9611-1121,Gaurav Patel,19-02-2024,25-02-2024,Dunzo,Full-time,39,Secondary,6,Semi-urban,Always,3230,538,1,B,0.42
8070-7613-1909,Santosh Shaikh,19-02-2024,25-02-2024,Dunzo,Part-time,39,Primary,28,Semi-urban,Always,964,161,1,A,0.42
1595-1805-3262,Nilesh Bhatt,19-02-2024,25-02-2024,Dunzo,Full-time,26,Secondary,40,Semi-urban,Yes,2907,484,1,B,0.42
1015-6502-4755,Kamla Poojary,19-02-2024,25-02-2024,Dunzo,Full-time,20,Secondary,30,Urban,Sometimes,3489,582,1,C,0.42
6417-3646-4360,Praveen Dave,19-02-2024,25-02-2024,Dunzo,Part-time,34,Primary,9,Urban,No,1364,227,1,A,0.42
4302-3011-7837,Rohit Jain,19-02-2024,25-02-2024,Dunzo,Part-time,28,Secondary,42,Urban,Sometimes,966,161,1,A,0.42
2024-2715-9869,Anita Reddy,19-02-2024,25-02-2024,Dunzo,Part-time,31,Primary,10,Urban,Sometimes,2451,408,1,A,0.42
2042-5833-8155,Vishal Menon,19-02-2024,25-02-2024,Dunzo,Full-time,46,Primary,55,Rural,Sometimes,4118,686,1,D,0.42
4113-3235-5227,Radha Ghosh,19-02-2024,25-02-2024,Dunzo,Full-time,32,Secondary,4,Semi-urban,Sometimes,3601,600,1,C,0.42
5386-8233-5206,Sumit Shaikh,19-02-2024,25-02-2024,Dunzo,Part-time,38,Secondary,58,Urban,No,1183,197,1,A,0.42
6469-9036-6851,Arjun Mishra,19-02-2024,25-02-2024,Dunzo,Part-time,32,Secondary,52,Semi-urban,Sometimes,451,75,1,A,0.42
4332-3345-5245,Rahul Mehta,19-02-2024,25-02-2024,Dunzo,Full-time,19,Primary,54,Rural,Sometimes,4260,710,1,D,0.42
9828-6083-7369,Geeta Rao,19-02-2024,25-02-2024,Dunzo,Full-time,40,Primary,3,Urban,Yes,2971,495,1,B,0.42
2315-5565-2950,Aarav Thakur,19-02-2024,25-02-2024,Dunzo,Full-time,22,Secondary,17,Urban,Yes,2267,378,1,A,0.42
6432-7615-2711,Harish Singh,19-02-2024,25-02-2024,Dunzo,Part-time,35,Primary,59,Semi-urban,Always,1489,248,1,A,0.42
5261-6367-8576,Rohit Joshi,19-02-2024,25-02-2024,Zepto,Full-time,31,Primary,55,Urban,Sometimes,3384,564,1,B,0.44
9114-9868-9592,Ajay Dey,19-02-2024,25-02-2024,Zepto,Part-time,22,Primary,32,Urban,Rarely,1644,274,1,A,0.44
7614-1219-4858,Ritu Paul,19-02-2024,25-02-2024,Zepto,Full-time,32,Secondary,3,Rural,Sometimes,2936,489,1,B,0.44
6718-8442-3547,Mahesh Tiwari,19-02-2024,25-02-2024,Zepto,Full-time,29,Secondary,50,Semi-urban,Sometimes,2920,487,1,B,0.44
9271-8904-1121,Neha Kamat,19-02-2024,25-02-2024,Zepto,Full-time,44,Secondary,33,Semi-urban,Sometimes,2883,480,1,B,0.44
9774-7544-4734,Padma Hussain,19-02-2024,25-02-2024,Zepto,Full-time,42,Secondary,48,Urban,Yes,3058,510,1,B,0.44
3757-5533-8291,Arun Bose,19-02-2024,25-02-2024,Zepto,Part-time,36,Primary,59,Rural,Yes,1343,224,1,A,0.44
3700-8975-8328,Vishal Parekh,19-02-2024,25-02-2024,Zepto,Full-time,40,Secondary,23,Urban,Always,3445,574,1,B,0.44
6658-1837-7096,Ritu Parekh,19-02-2024,25-02-2024,Zepto,Full-time,26,Primary,40,Semi-urban,Yes,3695,616,1,C,0.44
6600-9402-1991,Rahul Khan,19-02-2024,25-02-2024,Zepto,Full-time,34,Primary,11,Urban,Yes,2744,457,1,B,0.44
5175-3095-2616,Ravi Iyer,19-02-2024,25-02-2024,Zepto,Full-time,34,Secondary,19,Urban,Always,3535,589,1,C,0.44
4226-2988-5451,Naveen Bhat,19-02-2024,25-02-2024,Zepto,Full-time,28,Secondary,16,Urban,Always,3545,591,1,C,0.44
8962-1833-2315,Sumit Naik,19-02-2024,25-02-2024,Zepto,Full-time,42,Secondary,37,Urban,Yes,3938,656,1,C,0.44
6581-1385-9779,Kapil Patel,19-02-2024,25-02-2024,Zepto,Part-time,21,Secondary,48,Urban,Yes,576,96,1,A,0.44
1316-3182-3102,Dinesh Menon,19-02-2024,25-02-2024,Zepto,Full-time,19,Primary,19,Rural,Yes,2889,482,1,B,0.44
5279-6760-1948,Ritu Chatterjee,19-02-2024,25-02-2024,Zepto,Part-time,41,Primary,16,Urban,Sometimes,1613,269,1,A,0.44
6684-1843-4043,Anil Thakur,19-02-2024,25-02-2024,Zepto,Full-time,42,Primary,57,Rural,Yes,4047,674,1,C,0.44
6818-7429-8016,Anil Sen,19-02-2024,25-02-2024,Zepto,Full-time,31,Secondary,16,Urban,Sometimes,2585,431,1,A,0.44
8079-7829-1460,Ramesh Kumar,19-02-2024,25-02-2024,Zepto,Part-time,23,Primary,59,Semi-urban,Always,1759,293,1,A,0.44
7256-8339-9462,Sunita Das,19-02-2024,25-02-2024,Zepto,Full-time,43,Secondary,60,Semi-urban,Yes,2283,380,1,A,0.44
6041-2781-6418,Padma Verma,19-02-2024,25-02-2024,Zepto,Full-time,24,Secondary,46,Urban,Yes,2733,456,1,B,0.44
4482-2603-7750,Mamta Rajput,19-02-2024,25-02-2024,Zepto,Full-time,33,Secondary,58,Semi-urban,Always,3148,525,1,B,0.44
6414-6037-8077,Sanjay Nair,19-02-2024,25-02-2024,Zepto,Full-time,37,Primary,11,Urban,No,4326,721,1,D,0.44
2483-4676-5279,Dinesh Dey,19-02-2024,25-02-2024,Zepto,Full-time,21,Secondary,21,Semi-urban,Sometimes,3527,588,1,C,0.44
7804-3515-9206,Varun Rao,19-02-2024,25-02-2024,Zepto,Full-time,37,Primary,22,Semi-urban,Sometimes,3144,524,1,B,0.44
9797-8716-1961,Nikhil Rao,19-02-2024,25-02-2024,Zepto,Full-time,48,Secondary,8,Semi-urban,Always,3566,594,1,C,0.44
4462-9028-3672,Santosh Khan,19-02-2024,25-02-2024,Zepto,Part-time,34,Secondary,28,Semi-urban,Rarely,2351,392,1,A,0.44
1735-4310-3302,Mahesh Chauhan,19-02-2024,25-02-2024,Zepto,Full-time,29,Secondary,25,Semi-urban,Yes,3675,612,1,C,0.44
2551-6100-2942,Mamta Amin,19-02-2024,25-02-2024,Zepto,Full-time,23,Primary,7,Urban,Sometimes,2718,453,1,A,0.44
1348-9324-9910,Vimala Hegde,19-02-2024,25-02-2024,Zepto,Full-time,30,Primary,1,Semi-urban,Always,4219,703,1,D,0.44
6465-3300-6600,Harish Khan,19-02-2024,25-02-2024,Zepto,Full-time,20,Primary,30,Semi-urban,Sometimes,3727,621,1,C,0.44
9457-8502-3009,Mohit Siddiqui,19-02-2024,25-02-2024,Zepto,Full-time,28,Primary,27,Urban,Rarely,3343,557,1,B,0.44
2033-2074-2058,Yogesh Das,19-02-2024,25-02-2024,Zepto,Full-time,34,Secondary,32,Rural,Sometimes,3252,542,1,B,0.44
3746-6095-1214,Manoj Jain,19-02-2024,25-02-2024,Zepto,Part-time,46,Secondary,5,Urban,Rarely,915,152,1,A,0.44
9455-6586-6436,Shyam Naik,19-02-2024,25-02-2024,Zepto,Full-time,27,Primary,50,Urban,Yes,3496,583,1,C,0.44
7351-8165-6845,Pradeep Islam,19-02-2024,25-02-2024,Zepto,Full-time,30,Secondary,48,Urban,Sometimes,3522,587,1,C,0.44
5009-4335-5100,Sarita Bhatt,19-02-2024,25-02-2024,Zepto,Full-time,22,Secondary,33,Rural,Sometimes,3563,594,1,C,0.44
6915-8928-2630,Pushpa Bose,19-02-2024,25-02-2024,Zepto,Full-time,27,Secondary,53,Urban,Always,3658,610,1,C,0.44
7406-5446-8105,Priya Yadav,19-02-2024,25-02-2024,Zepto,Full-time,26,Secondary,32,Urban,Sometimes,3488,581,1,B,0.44
4209-5506-9159,Naresh Nair,19-02-2024,25-02-2024,Zepto,Full-time,47,Secondary,56,Urban,Yes,2776,463,1,B,0.44
2239-6681-5708,Priya Desai,19-02-2024,25-02-2024,Zepto,Part-time,34,Primary,30,Urban,Sometimes,1131,188,1,A,0.44
3326-6509-5579,Kapil Sharma,19-02-2024,25-02-2024,Zepto,Full-time,43,Secondary,52,Semi-urban,Sometimes,2955,492,1,B,0.44
2521-5112-5365,Neha Gupta,19-02-2024,25-02-2024,Zepto,Full-time,28,Secondary,7,Urban,Sometimes,3111,518,1,B,0.44
2033-2118-9585,Satish Roy,19-02-2024,25-02-2024,Zepto,Full-time,36,Primary,13,Rural,Sometimes,2793,466,1,B,0.44
8014-3404-1919,Asha Tiwari,19-02-2024,25-02-2024,Zepto,Full-time,19,Secondary,9,Urban,Sometimes,3900,650,1,C,0.44
9202-6749-6844,Pradeep Rajput,19-02-2024,25-02-2024,Blinkit,Full-time,24,Secondary,26,Rural,Yes,4020,670,1,C,0.4
5014-9165-3640,Priya Naidu,19-02-2024,25-02-2024,Blinkit,Full-time,21,Secondary,41,Urban,No,2974,496,1,B,0.4
7753-1486-7826,Anita Kumar,19-02-2024,25-02-2024,Blinkit,Part-time,41,Primary,33,Urban,Sometimes,527,88,1,A,0.4
6180-9079-6426,Ravi Naik,19-02-2024,25-02-2024,Blinkit,Full-time,45,Primary,37,Urban,Yes,3920,653,1,C,0.4
8521-8512-7159,Arjun Bose,19-02-2024,25-02-2024,Blinkit,Part-time,31,Secondary,7,Urban,Always,1316,219,1,A,0.4
8327-5663-4874,Harish Verma,19-02-2024,25-02-2024,Blinkit,Full-time,45,Primary,35,Rural,No,2926,488,1,B,0.4
7377-8689-9316,Rakesh Kamat,19-02-2024,25-02-2024,Blinkit,Full-time,43,Secondary,58,Urban,Sometimes,2672,445,1,A,0.4
2268-5463-1782,Anil Dey,19-02-2024,25-02-2024,Blinkit,Full-time,33,Primary,55,Urban,Yes,3104,517,1,B,0.4
4070-6532-2454,Divya Bhat,19-02-2024,25-02-2024,Blinkit,Full-time,45,Secondary,6,Urban,Sometimes,3073,512,1,B,0.4
5271-2109-5451,Pradeep Khan,19-02-2024,25-02-2024,Blinkit,Full-time,38,Secondary,20,Urban,Yes,2832,472,1,B,0.4
5297-6353-5050,Varun Sen,19-02-2024,25-02-2024,Blinkit,Full-time,36,Secondary,2,Urban,Yes,4089,682,1,D,0.4
9001-7801-8730,Ajay Mukherjee,19-02-2024,25-02-2024,Blinkit,Full-time,19,Secondary,46,Rural,Always,3112,519,1,B,0.4
4634-5063-8818,Ramesh Banerjee,19-02-2024,25-02-2024,Blinkit,Full-time,44,Primary,58,Urban,No,2299,383,1,A,0.4
4139-7446-7687,Varun Modi,19-02-2024,25-02-2024,Blinkit,Full-time,38,Secondary,3,Rural,No,2669,445,1,A,0.4
5373-2619-9934,Sunita Trivedi,19-02-2024,25-02-2024,Blinkit,Full-time,23,Secondary,49,Semi-urban,No,2989,498,1,B,0.4
1555-3163-5853,Lokesh Shenoy,19-02-2024,25-02-2024,Blinkit,Part-time,25,Secondary,55,Rural,No,570,95,1,A,0.4
3047-2262-3071,Pradeep Hegde,19-02-2024,25-02-2024,Blinkit,Full-time,29,Primary,16,Semi-urban,No,3735,622,1,C,0.4
6417-1894-3945,Sunita Mehta,19-02-2024,25-02-2024,Blinkit,Full-time,42,Primary,21,Urban,Yes,2817,470,1,B,0.4
4822-8935-8605,Laxmi Patel,19-02-2024,25-02-2024,Blinkit,Part-time,21,Secondary,44,Urban,No,1243,207,1,A,0.4
6834-7745-4886,Kapil Bhat,19-02-2024,25-02-2024,Blinkit,Part-time,38,Primary,43,Urban,Sometimes,971,162,1,A,0.4
6826-1871-7520,Mahesh Siddiqui,19-02-2024,25-02-2024,Blinkit,Part-time,28,Secondary,37,Semi-urban,Yes,1147,191,1,A,0.4
8757-2544-7734,Aarav Jain,19-02-2024,25-02-2024,Blinkit,Full-time,35,Secondary,11,Semi-urban,Yes,3596,599,1,C,0.4
3340-7756-3915,Vishal Gupta,19-02-2024,25-02-2024,Blinkit,Full-time,41,Secondary,43,Urban,Always,3341,557,1,B,0.4
6573-4718-6955,Divya Mishra,19-02-2024,25-02-2024,Blinkit,Full-time,45,Primary,29,Rural,Sometimes,2731,455,1,A,0.4
5370-6487-7772,Ramesh Sharma,19-02-2024,25-02-2024,Blinkit,Full-time,20,Primary,40,Rural,Rarely,2841,474,1,B,0.4
4118-4049-5677,Rekha Siddiqui,19-02-2024,25-02-2024,Blinkit,Full-time,30,Primary,33,Semi-urban,Rarely,4111,685,1,D,0.4
9959-7368-3780,Praveen Mukherjee,19-02-2024,25-02-2024,Blinkit,Full-time,37,Secondary,13,Urban,Yes,3842,640,1,C,0.4
2240-3139-8297,Meena Ansari,19-02-2024,25-02-2024,Blinkit,Part-time,25,Primary,22,Semi-urban,Sometimes,535,89,1,A,0.4
3942-2789-4617,Tarun Dey,19-02-2024,25-02-2024,Blinkit,Full-time,45,Primary,44,Urban,Always,2966,494,1,B,0.4
4927-4748-6169,Suman Banerjee,19-02-2024,25-02-2024,Blinkit,Full-time,23,Secondary,52,Urban,Yes,3712,619,1,C,0.4
1862-8218-4480,Sanjay Amin,19-02-2024,25-02-2024,Blinkit,Full-time,36,Primary,58,Urban,Sometimes,4044,674,1,C,0.4
2111-8430-2288,Durga Naik,19-02-2024,25-02-2024,Blinkit,Full-time,38,Primary,14,Rural,Rarely,2782,464,1,B,0.4
6218-5384-6149,Sachin Trivedi,19-02-2024,25-02-2024,Blinkit,Full-time,44,Secondary,10,Rural,Yes,3751,625,1,C,0.4
7264-5239-1887,Neha Rao,19-02-2024,25-02-2024,Blinkit,Full-time,46,Primary,25,Urban,Yes,3186,531,1,B,0.4
4696-7598-4562,Sunita Naidu,19-02-2024,25-02-2024,Blinkit,Full-time,20,Primary,14,Semi-urban,Sometimes,3778,630,1,C,0.4
1322-5323-2045,Ganesh Ahmed,19-02-2024,25-02-2024,Blinkit,Full-time,35,Primary,2,Urban,Yes,2774,462,1,B,0.4
7831-2315-7694,Harish Mishra,19-02-2024,25-02-2024,Blinkit,Full-time,44,Secondary,21,Urban,Sometimes,4142,690,1,D,0.4
1915-5277-5334,Kavita Paul,19-02-2024,25-02-2024,Blinkit,Full-time,44,Primary,11,Urban,Yes,3763,627,1,C,0.4
2466-6952-4429,Sarita Hussain,19-02-2024,25-02-2024,Blinkit,Full-time,31,Primary,16,Semi-urban,Yes,3436,573,1,B,0.4
2890-3106-6044,Kapil Mehta,19-02-2024,25-02-2024,Blinkit,Part-time,37,Secondary,35,Semi-urban,Yes,1577,263,1,A,0.4
8862-1595-2899,Prakash Bhatt,19-02-2024,25-02-2024,Blinkit,Full-time,27,Secondary,28,Urban,Rarely,4010,668,1,C,0.4
1613-9232-2974,Ramesh Shaikh,19-02-2024,25-02-2024,Blinkit,Part-time,27,Primary,55,Urban,Sometimes,1070,178,1,A,0.4
3567-7571-4188,Usha Bhatt,19-02-2024,25-02-2024,Blinkit,Part-time,22,Secondary,30,Semi-urban,Yes,2261,377,1,A,0.4
3401-3729-9774,Padma Siddiqui,19-02-2024,25-02-2024,Blinkit,Full-time,46,Primary,18,Urban,Rarely,2897,483,1,B,0.4
6500-9493-8365,Usha Shetty,19-02-2024,25-02-2024,Blinkit,Full-time,30,Primary,16,Urban,Yes,3632,605,1,C,0.4
4872-7040-4666,Sunita Desai,19-02-2024,25-02-2024,Blinkit,Full-time,37,Primary,16,Semi-urban,No,2644,441,1,A,0.4
1484-7249-6499,Arjun Modi,19-02-2024,25-02-2024,Blinkit,Full-time,30,Primary,25,Urban,Yes,3085,514,1,B,0.4
8685-9699-4233,Ganesh Menon,19-02-2024,25-02-2024,Blinkit,Full-time,47,Secondary,22,Semi-urban,Always,2909,485,1,B,0.4
6547-5811-5618,Savita Joshi,19-02-2024,25-02-2024,Blinkit,Full-time,41,Primary,29,Semi-urban,Always,3092,515,1,B,0.4
3061-3355-7797,Manoj Bhatt,19-02-2024,25-02-2024,Blinkit,Full-time,37,Primary,58,Rural,Yes,3235,539,1,B,0.4
6326-9135-8321,Geeta Hegde,19-02-2024,25-02-2024,Porter,Full-time,42,Secondary,57,Urban,Rarely,3307,551,1,B,0.38
2070-9865-1623,Umesh Qureshi,19-02-2024,25-02-2024,Porter,Part-time,46,Primary,17,Rural,Sometimes,278,46,1,A,0.38
4988-8107-5587,Priya Modi,19-02-2024,25-02-2024,Porter,Part-time,27,Primary,40,Rural,Rarely,265,44,1,A,0.38
1146-2904-8391,Vimala Bhat,19-02-2024,25-02-2024,Porter,Part-time,43,Primary,41,Semi-urban,No,457,76,1,A,0.38
1617-6704-7185,Sunita Pandey,19-02-2024,25-02-2024,Porter,Full-time,38,Secondary,4,Semi-urban,Yes,4374,729,1,D,0.38
9252-3759-3336,Ritesh Verma,19-02-2024,25-02-2024,Porter,Full-time,45,Secondary,28,Urban,No,4221,704,1,D,0.38
1799-2093-4593,Pooja Ghosh,19-02-2024,25-02-2024,Porter,Full-time,21,Secondary,32,Semi-urban,Yes,2810,468,1,B,0.38
2229-3941-9805,Sachin Agarwal,19-02-2024,25-02-2024,Porter,Full-time,25,Secondary,60,Rural,Always,3643,607,1,C,0.38
4575-5534-8473,Sarita Dave,19-02-2024,25-02-2024,Porter,Full-time,34,Secondary,44,Urban,Yes,4172,695,1,D,0.38
2382-5049-6367,Laxmi Qureshi,19-02-2024,25-02-2024,Porter,Full-time,43,Primary,57,Urban,Yes,3993,666,1,C,0.38
4300-7108-8649,Harish Yadav,19-02-2024,25-02-2024,Porter,Full-time,40,Secondary,53,Rural,Always,4035,672,1,C,0.38
5061-5940-3963,Vimala Yadav,19-02-2024,25-02-2024,Porter,Part-time,22,Primary,16,Urban,Rarely,2171,362,1,A,0.38
5942-9523-2599,Meena Rao,19-02-2024,25-02-2024,Porter,Full-time,48,Primary,23,Urban,Sometimes,3887,648,1,C,0.38
4899-3975-5662,Lokesh Bose,19-02-2024,25-02-2024,Porter,Full-time,44,Secondary,54,Rural,Yes,3304,551,1,B,0.38
4479-1551-3816,Pushpa Gowda,19-02-2024,25-02-2024,Porter,Full-time,42,Secondary,15,Semi-urban,Yes,4191,698,1,D,0.38
5624-4228-8500,Rajesh Poojary,19-02-2024,25-02-2024,Porter,Full-time,26,Secondary,56,Urban,Sometimes,3451,575,1,B,0.38
3161-2751-4469,Sumit Iyer,19-02-2024,25-02-2024,Porter,Full-time,23,Primary,15,Urban,Always,3251,542,1,B,0.38
8988-9671-4407,Satish Joshi,19-02-2024,25-02-2024,Porter,Full-time,28,Secondary,2,Semi-urban,No,4553,759,1,D,0.38
9404-3993-1691,Tarun Bose,19-02-2024,25-02-2024,Porter,Full-time,48,Primary,31,Semi-urban,No,3839,640,1,C,0.38
4080-1727-1034,Santosh Modi,19-02-2024,25-02-2024,Porter,Full-time,48,Secondary,24,Semi-urban,No,4534,756,1,D,0.38
9977-6212-4855,Prakash Gupta,19-02-2024,25-02-2024,Porter,Full-time,34,Primary,23,Rural,No,4017,670,1,C,0.38
7775-7053-9446,Mahesh Kamat,19-02-2024,25-02-2024,Porter,Full-time,37,Secondary,13,Urban,No,3694,616,1,C,0.38
4691-4127-5162,Manju Gupta,19-02-2024,25-02-2024,Porter,Full-time,29,Primary,8,Urban,Yes,3117,520,1,B,0.38
2956-8564-4689,Divya Bose,19-02-2024,25-02-2024,Porter,Full-time,40,Secondary,9,Urban,Yes,4460,743,1,D,0.38
5980-1632-8862,Vimala Pandey,19-02-2024,25-02-2024,Porter,Part-time,20,Secondary,39,Urban,Sometimes,255,42,1,A,0.38
7333-9835-7270,Bharat Das,19-02-2024,25-02-2024,Porter,Full-time,41,Primary,40,Rural,Yes,3886,648,1,C,0.38
7750-1012-3323,Kavita Malik,19-02-2024,25-02-2024,Porter,Full-time,35,Secondary,40,Urban,No,3454,576,1,B,0.38
9875-4589-5207,Ritesh Dave,19-02-2024,25-02-2024,Porter,Full-time,48,Secondary,8,Rural,No,3610,602,1,C,0.38
3621-5963-5898,Lalit Shenoy,19-02-2024,25-02-2024,Porter,Full-time,30,Secondary,15,Urban,Always,3209,535,1,B,0.38
7832-6167-2215,Rekha Gupta,19-02-2024,25-02-2024,Porter,Full-time,38,Secondary,18,Semi-urban,No,2506,418,1,A,0.38
7730-2202-5691,Praveen Chauhan,19-02-2024,25-02-2024,Porter,Part-time,22,Secondary,9,Urban,Sometimes,1318,220,1,A,0.38
5022-3638-9422,Naresh Yadav,19-02-2024,25-02-2024,Porter,Part-time,42,Primary,1,Rural,Sometimes,615,102,1,A,0.38
2118-7729-3810,Rakesh Bhatt,19-02-2024,25-02-2024,Porter,Full-time,45,Primary,8,Semi-urban,Yes,2268,378,1,A,0.38
6505-9684-9306,Meena Sharma,19-02-2024,25-02-2024,Porter,Full-time,38,Secondary,5,Urban,Sometimes,3879,646,1,C,0.38
8344-6419-3058,Bharat Dey,19-02-2024,25-02-2024,Porter,Full-time,22,Secondary,28,Urban,Yes,4130,688,1,D,0.38
8755-1169-5596,Nikhil Qureshi,19-02-2024,25-02-2024,Porter,Full-time,39,Secondary,4,Rural,Always,3879,646,1,C,0.38
7056-7523-1176,Sumit Dave,19-02-2024,25-02-2024,Porter,Full-time,31,Secondary,42,Semi-urban,Yes,4070,678,1,C,0.38
8132-7925-5463,Ritesh Yadav,19-02-2024,25-02-2024,Porter,Full-time,38,Primary,27,Urban,Always,3866,644,1,C,0.38
5822-9364-5125,Aarav Dey,19-02-2024,25-02-2024,Porter,Full-time,23,Secondary,41,Urban,Sometimes,4358,726,1,D,0.38
9265-8584-6075,Seema Parekh,19-02-2024,25-02-2024,Porter,Full-time,41,Primary,48,Semi-urban,Yes,5196,866,1,D,0.38
2607-1089-4413,Sarita Chatterjee,19-02-2024,25-02-2024,Shadowfax,Full-time,41,Secondary,57,Rural,Always,3762,627,1,C,0.33
2878-3901-7066,Anita Das,19-02-2024,25-02-2024,Shadowfax,Full-time,30,Primary,51,Semi-urban,Yes,3481,580,1,B,0.33
9630-7258-4744,Ramesh Bhatt,19-02-2024,25-02-2024,Shadowfax,Part-time,34,Primary,53,Urban,Yes,1297,216,1,A,0.33
9580-8699-5763,Suresh Gowda,19-02-2024,25-02-2024,Shadowfax,Part-time,38,Secondary,30,Semi-urban,Yes,1231,205,1,A,0.33
4058-6841-8721,Harish Trivedi,19-02-2024,25-02-2024,Shadowfax,Full-time,37,Secondary,30,Semi-urban,Sometimes,4270,712,1,D,0.33
3629-6720-4784,Shyam Ansari,19-02-2024,25-02-2024,Shadowfax,Full-time,40,Secondary,38,Rural,No,3734,622,1,C,0.33
7768-5261-1697,Pradeep Qureshi,19-02-2024,25-02-2024,Shadowfax,Full-time,28,Primary,21,Urban,Sometimes,4026,671,1,C,0.33
8788-5209-4660,Laxmi Siddiqui,19-02-2024,25-02-2024,Shadowfax,Part-time,41,Primary,19,Urban,Sometimes,1454,242,1,A,0.33
9736-4560-2907,Naresh Sen,19-02-2024,25-02-2024,Shadowfax,Part-time,22,Secondary,1,Urban,Always,708,118,1,A,0.33
1968-3875-9262,Ritu Verma,19-02-2024,25-02-2024,Shadowfax,Full-time,20,Secondary,17,Rural,Always,3967,661,1,C,0.33
3102-8397-8216,Pooja Shaikh,19-02-2024,25-02-2024,Shadowfax,Full-time,44,Secondary,28,Semi-urban,Rarely,3688,615,1,C,0.33
1380-6424-7833,Dinesh Bhat,19-02-2024,25-02-2024,Shadowfax,Part-time,37,Primary,42,Urban,No,1180,197,1,A,0.33
8337-3768-6140,Priya Das,19-02-2024,25-02-2024,Shadowfax,Part-time,33,Secondary,38,Urban,Rarely,1710,285,1,A,0.33
8269-1104-6188,Sunita Agarwal,19-02-2024,25-02-2024,Shadowfax,Full-time,32,Secondary,15,Semi-urban,Always,3451,575,1,B,0.33
8020-2921-2114,Lalita Das,19-02-2024,25-02-2024,Shadowfax,Full-time,38,Primary,44,Rural,No,3148,525,1,B,0.33
9350-8578-1054,Anil Qureshi,19-02-2024,25-02-2024,Shadowfax,Full-time,37,Primary,6,Urban,Yes,3955,659,1,C,0.33
4228-8521-1010,Praveen Kamat,19-02-2024,25-02-2024,Shadowfax,Full-time,19,Secondary,3,Urban,Yes,4634,772,1,D,0.33
5992-2170-3781,Umesh Jain,19-02-2024,25-02-2024,Shadowfax,Full-time,43,Primary,2,Urban,No,2733,456,1,B,0.33
9314-1649-6154,Sunita Sen,19-02-2024,25-02-2024,Shadowfax,Full-time,21,Secondary,11,Semi-urban,No,3804,634,1,C,0.33
3896-9225-1083,Suman Bhat,19-02-2024,25-02-2024,Shadowfax,Full-time,30,Secondary,44,Rural,Yes,4139,690,1,D,0.33
4447-8609-7975,Arun Reddy,19-02-2024,25-02-2024,Shadowfax,Full-time,22,Primary,38,Urban,Yes,3894,649,1,C,0.33
3867-4050-2614,Sunil Reddy,19-02-2024,25-02-2024,Shadowfax,Full-time,32,Secondary,38,Urban,Sometimes,3294,549,1,B,0.33
5298-6973-6743,Aarav Naidu,19-02-2024,25-02-2024,Shadowfax,Full-time,40,Secondary,10,Urban,No,4327,721,1,D,0.33
9727-8688-7973,Kapil Jain,19-02-2024,25-02-2024,Shadowfax,Full-time,24,Secondary,21,Semi-urban,Always,3907,651,1,C,0.33
4953-7882-7764,Sunita Ahmed,19-02-2024,25-02-2024,Shadowfax,Full-time,44,Primary,1,Urban,Always,3419,570,1,B,0.33
7421-2430-3385,Vishal Agarwal,19-02-2024,25-02-2024,Shadowfax,Full-time,23,Secondary,8,Semi-urban,Sometimes,2683,447,1,A,0.33
7267-5650-7034,Sarita Paul,19-02-2024,25-02-2024,Shadowfax,Part-time,46,Primary,6,Urban,Yes,1689,282,1,A,0.33
8226-3217-7206,Santosh Sen,19-02-2024,25-02-2024,Shadowfax,Full-time,47,Primary,22,Urban,Always,3573,596,1,C,0.33
6542-5439-2604,Naveen Gupta,19-02-2024,25-02-2024,Shadowfax,Full-time,36,Primary,51,Urban,Yes,2248,375,1,A,0.33
3292-5967-3586,Arun Mukherjee,19-02-2024,25-02-2024,Shadowfax,Full-time,41,Primary,31,Urban,Yes,4044,674,1,C,0.33
2892-7057-9673,Radha Kumar,19-02-2024,25-02-2024,Shadowfax,Full-time,21,Secondary,52,Semi-urban,No,3498,583,1,C,0.33
9567-9290-6285,Mukesh Naidu,19-02-2024,25-02-2024,Shadowfax,Full-time,23,Primary,28,Semi-urban,Sometimes,4561,760,1,D,0.33
6092-5153-1696,Mukesh Mehta,19-02-2024,25-02-2024,Shadowfax,Full-time,31,Secondary,30,Urban,Rarely,3149,525,1,B,0.33
1422-6542-6146,Mahesh Trivedi,19-02-2024,25-02-2024,Shadowfax,Full-time,48,Secondary,23,Urban,Yes,3692,615,1,C,0.33
5900-8868-7961,Kamla Menon,19-02-2024,25-02-2024,Shadowfax,Part-time,46,Primary,5,Urban,Always,1513,252,1,A,0.33
2895-2004-3220,Praveen Roy,19-02-2024,25-02-2024,Shadowfax,Full-time,41,Secondary,3,Urban,No,3320,553,1,B,0.33
8768-2792-9432,Nisha Shetty,19-02-2024,25-02-2024,Shadowfax,Full-time,34,Primary,47,Urban,Always,4019,670,1,C,0.33
2754-5801-8725,Radha Chatterjee,19-02-2024,25-02-2024,Shadowfax,Full-time,26,Primary,36,Semi-urban,Sometimes,2262,377,1,A,0.33
5950-7600-8162,Vinod Yadav,19-02-2024,25-02-2024,Shadowfax,Full-time,37,Primary,41,Urban,No,3649,608,1,C,0.33
4472-3746-2545,Nilesh Mehta,19-02-2024,25-02-2024,Shadowfax,Full-time,33,Primary,36,Rural,Yes,3517,586,1,C,0.33
2640-1363-8065,Vinod Singh,26-02-2024,03-03-2024,Amazon,Full-time,32,Secondary,47,Urban,Sometimes,2025,338,1,A,0.27
6217-9921-2907,Santosh Verma,26-02-2024,03-03-2024,Amazon,Full-time,22,Secondary,17,Urban,Rarely,4584,764,1,D,0.27
7349-3472-7936,Rahul Sharma,26-02-2024,03-03-2024,Amazon,Full-time,38,Secondary,46,Urban,Always,4766,794,1,D,0.27
4112-3965-6397,Arun Patel,26-02-2024,03-03-2024,Amazon,Full-time,40,Secondary,37,Semi-urban,Yes,4789,798,1,D,0.27
2396-3088-2429,Nikhil Banerjee,26-02-2024,03-03-2024,Amazon,Full-time,28,Primary,54,Semi-urban,Yes,5071,845,1,D,0.27
4963-7821-7884,Bharat Bhat,26-02-2024,03-03-2024,Amazon,Full-time,25,Primary,57,Urban,No,5163,860,1,D,0.27
4232-5218-7253,Shanti Trivedi,26-02-2024,03-03-2024,Amazon,Full-time,24,Primary,46,Urban,No,4236,706,1,D,0.27
2746-6763-3672,Sarita Dey,26-02-2024,03-03-2024,Amazon,Full-time,28,Primary,51,Urban,Yes,4882,814,1,D,0.27
1230-1892-1086,Arun Sen,26-02-2024,03-03-2024,Amazon,Full-time,29,Secondary,56,Urban,No,5352,892,1,D,0.27
4387-6738-2811,Seema Sen,26-02-2024,03-03-2024,Amazon,Full-time,29,Primary,4,Rural,Yes,4290,715,1,D,0.27
9265-4321-1594,Girish Rao,26-02-2024,03-03-2024,Amazon,Full-time,38,Secondary,53,Urban,No,3632,605,1,C,0.27
3496-4426-1355,Rakesh Shaikh,26-02-2024,03-03-2024,Amazon,Full-time,45,Primary,5,Urban,Sometimes,4683,780,1,D,0.27
9969-4113-2677,Bharat Naik,26-02-2024,03-03-2024,Amazon,Part-time,39,Primary,49,Urban,Always,984,164,1,A,0.27
8660-5353-2598,Ajay Kumar,26-02-2024,03-03-2024,Amazon,Full-time,41,Secondary,24,Urban,Sometimes,3884,647,1,C,0.27
3391-4834-2854,Sunil Kumar,26-02-2024,03-03-2024,Amazon,Part-time,39,Primary,45,Urban,Rarely,1876,313,1,A,0.27
6918-6429-4550,Kiran Verma,26-02-2024,03-03-2024,Amazon,Full-time,21,Primary,42,Urban,Yes,4297,716,1,D,0.27
5779-5313-9445,Kavita Nair,26-02-2024,03-03-2024,Amazon,Full-time,36,Secondary,6,Urban,Rarely,3401,567,1,B,0.27
6010-8812-6995,Nisha Malik,26-02-2024,03-03-2024,Amazon,Full-time,28,Primary,4,Urban,Sometimes,5678,946,1,D,0.27
1628-1185-5009,Mahesh Shenoy,26-02-2024,03-03-2024,Amazon,Full-time,22,Secondary,31,Semi-urban,Yes,4056,676,1,C,0.27
1621-9807-5954,Rohit Shetty,26-02-2024,03-03-2024,Amazon,Full-time,22,Secondary,29,Urban,Sometimes,4268,711,1,D,0.27
7558-2428-2814,Suman Reddy,26-02-2024,03-03-2024,Amazon,Part-time,34,Secondary,53,Semi-urban,Sometimes,2004,334,1,A,0.27
1688-6901-4145,Vinod Shaikh,26-02-2024,03-03-2024,Amazon,Full-time,43,Secondary,29,Urban,Sometimes,4338,723,1,D,0.27
4414-1094-1798,Bharat Shaikh,26-02-2024,03-03-2024,Amazon,Part-time,36,Primary,24,Semi-urban,Rarely,1323,220,1,A,0.27
2987-8989-5637,Asha Ahmed,26-02-2024,03-03-2024,Amazon,Full-time,37,Primary,37,Semi-urban,Always,5041,840,1,D,0.27
9046-6192-5651,Nikhil Hegde,26-02-2024,03-03-2024,Amazon,Full-time,23,Primary,50,Urban,Sometimes,4473,746,1,D,0.27
5860-2403-4817,Lalit Tiwari,26-02-2024,03-03-2024,Amazon,Part-time,37,Primary,30,Semi-urban,No,1572,262,1,A,0.27
7800-1547-6954,Ajay Mishra,26-02-2024,03-03-2024,Amazon,Part-time,41,Secondary,2,Urban,Always,1965,328,1,A,0.27
2738-7941-6804,Lalita Sharma,26-02-2024,03-03-2024,Amazon,Full-time,19,Primary,38,Rural,Always,2502,417,1,A,0.27
3256-5540-4851,Shanti Yadav,26-02-2024,03-03-2024,Amazon,Full-time,25,Secondary,12,Urban,Always,4698,783,1,D,0.27
7140-7812-4750,Ganesh Jain,26-02-2024,03-03-2024,Amazon,Full-time,19,Primary,45,Semi-urban,Sometimes,4409,735,1,D,0.27
5573-3048-3614,Neha Trivedi,26-02-2024,03-03-2024,Amazon,Full-time,41,Secondary,6,Rural,Yes,4583,764,1,D,0.27
2206-8886-3158,Bharat Hegde,26-02-2024,03-03-2024,Amazon,Part-time,20,Primary,51,Semi-urban,Sometimes,1404,234,1,A,0.27
4979-6633-5580,Amit Singh,26-02-2024,03-03-2024,Amazon,Part-time,19,Secondary,5,Urban,Sometimes,1056,176,1,A,0.27
6224-4837-3146,Varun Bhatt,26-02-2024,03-03-2024,Amazon,Full-time,33,Secondary,6,Urban,Always,3730,622,1,C,0.27
9548-4920-3613,Sita Hegde,26-02-2024,03-03-2024,Amazon,Full-time,22,Primary,23,Rural,No,3379,563,1,B,0.27
5511-3905-9262,Pushpa Rao,26-02-2024,03-03-2024,Amazon,Full-time,21,Secondary,20,Semi-urban,Yes,5211,868,1,D,0.27
4394-6808-6099,Vimala Shah,26-02-2024,03-03-2024,Amazon,Full-time,40,Secondary,21,Semi-urban,Yes,3854,642,1,C,0.27
4831-4995-7037,Sita Parekh,26-02-2024,03-03-2024,Amazon,Full-time,31,Primary,16,Rural,Always,3877,646,1,C,0.27
1269-6334-3728,Ravi Singh,26-02-2024,03-03-2024,Amazon,Part-time,30,Primary,33,Urban,Always,1979,330,1,A,0.27
3337-7610-1012,Anita Jain,26-02-2024,03-03-2024,Amazon,Full-time,44,Secondary,37,Semi-urban,Sometimes,5321,887,1,D,0.27
4940-1805-6603,Sarita Ali,26-02-2024,03-03-2024,Amazon,Full-time,19,Secondary,54,Semi-urban,Sometimes,4524,754,1,D,0.27
8560-9896-2115,Sumit Kumar,26-02-2024,03-03-2024,Amazon,Full-time,46,Secondary,43,Semi-urban,No,4454,742,1,D,0.27
5451-5314-8283,Kamla Gowda,26-02-2024,03-03-2024,Amazon,Full-time,35,Secondary,42,Urban,Yes,4371,728,1,D,0.27
1380-5070-5438,Ritesh Patel,26-02-2024,03-03-2024,Amazon,Full-time,41,Secondary,9,Urban,Yes,3703,617,1,C,0.27
4609-9133-4819,Amit Mishra,26-02-2024,03-03-2024,Amazon,Part-time,24,Secondary,16,Urban,Sometimes,2028,338,1,A,0.27
3459-1579-8738,Tarun Naidu,26-02-2024,03-03-2024,Amazon,Full-time,33,Secondary,43,Rural,Sometimes,5728,955,1,D,0.27
7329-6865-6886,Harish Kumar,26-02-2024,03-03-2024,Amazon,Part-time,25,Secondary,36,Urban,Yes,2848,475,1,B,0.27
6936-2496-9328,Sunil Bhat,26-02-2024,03-03-2024,Amazon,Part-time,32,Secondary,21,Rural,No,2379,396,1,A,0.27
6595-2186-8035,Ramesh Paul,26-02-2024,03-03-2024,Amazon,Full-time,27,Primary,32,Semi-urban,Always,4445,741,1,D,0.27
1364-5726-7613,Dinesh Shah,26-02-2024,03-03-2024,Amazon,Full-time,47,Secondary,47,Urban,Always,4174,696,1,D,0.27
4231-2372-4282,Varun Shah,26-02-2024,03-03-2024,Amazon,Part-time,39,Secondary,25,Urban,Sometimes,1453,242,1,A,0.27
1639-9454-1738,Padma Bose,26-02-2024,03-03-2024,Amazon,Full-time,48,Primary,5,Urban,No,4283,714,1,D,0.27
1365-1216-3667,Ravi Gupta,26-02-2024,03-03-2024,Amazon,Full-time,33,Secondary,52,Urban,Yes,4617,770,1,D,0.27
9585-7551-1282,Sita Chauhan,26-02-2024,03-03-2024,Amazon,Full-time,45,Secondary,34,Urban,Yes,4538,756,1,D,0.27
2440-9742-5006,Lalit Hegde,26-02-2024,03-03-2024,Amazon,Full-time,40,Primary,16,Rural,Yes,5537,923,1,D,0.27
8119-5398-8401,Deepak Amin,26-02-2024,03-03-2024,Amazon,Full-time,33,Primary,30,Urban,No,3103,517,1,B,0.27
9536-5487-9929,Ramesh Jain,26-02-2024,03-03-2024,Amazon,Full-time,32,Secondary,56,Urban,Yes,4923,820,1,D,0.27
9275-1761-4737,Lalita Bose,26-02-2024,03-03-2024,Amazon,Full-time,38,Primary,28,Semi-urban,Always,3636,606,1,C,0.27
3473-5694-9734,Sanjay Hegde,26-02-2024,03-03-2024,Amazon,Full-time,46,Secondary,25,Rural,No,4623,770,1,D,0.27
8538-5651-3019,Usha Qureshi,26-02-2024,03-03-2024,Amazon,Full-time,29,Primary,52,Urban,No,5158,860,1,D,0.27
5851-9238-5792,Deepak Iyer,26-02-2024,03-03-2024,Amazon,Full-time,25,Secondary,35,Urban,Yes,3538,590,1,C,0.27
1995-4204-5323,Yogesh Rajput,26-02-2024,03-03-2024,Amazon,Full-time,46,Primary,49,Semi-urban,No,4355,726,1,D,0.27
9066-5812-5044,Neha Malik,26-02-2024,03-03-2024,Amazon,Full-time,44,Secondary,29,Semi-urban,Always,3899,650,1,C,0.27
8466-1900-4700,Kavita Shenoy,26-02-2024,03-03-2024,Amazon,Full-time,24,Primary,1,Semi-urban,No,4173,696,1,D,0.27
2676-1661-7233,Kamla Ansari,26-02-2024,03-03-2024,Amazon,Full-time,42,Primary,60,Semi-urban,Yes,4349,725,1,D,0.27
9729-5078-9709,Shanti Pandey,26-02-2024,03-03-2024,Amazon,Full-time,22,Secondary,28,Urban,Sometimes,5016,836,1,D,0.27
9735-7101-8282,Deepak Naik,26-02-2024,03-03-2024,Amazon,Full-time,36,Primary,55,Semi-urban,Sometimes,5576,929,1,D,0.27
3378-9204-6948,Arun Das,26-02-2024,03-03-2024,Amazon,Full-time,47,Primary,41,Urban,Sometimes,5529,922,1,D,0.27
5550-7560-6627,Ritu Ahmed,26-02-2024,03-03-2024,Amazon,Full-time,37,Primary,59,Semi-urban,Sometimes,4710,785,1,D,0.27
4864-3874-7119,Divya Chatterjee,26-02-2024,03-03-2024,Amazon,Full-time,38,Primary,32,Rural,Always,5061,844,1,D,0.27
8031-8567-1256,Sanjay Ghosh,26-02-2024,03-03-2024,Ekart,Part-time,45,Secondary,60,Semi-urban,No,1117,186,1,A,0.31
7934-9201-3568,Satish Modi,26-02-2024,03-03-2024,Ekart,Full-time,33,Secondary,22,Semi-urban,Yes,3900,650,1,C,0.31
9840-7391-1437,Yogesh Kumar,26-02-2024,03-03-2024,Ekart,Full-time,26,Secondary,32,Semi-urban,No,3351,558,1,B,0.31
7001-5659-2958,Amit Mehta,26-02-2024,03-03-2024,Ekart,Full-time,36,Primary,41,Semi-urban,Yes,4369,728,1,D,0.31
9007-1153-6548,Shyam Parekh,26-02-2024,03-03-2024,Ekart,Full-time,24,Secondary,44,Semi-urban,No,2638,440,1,B,0.31
9232-9765-9480,Vinod Shah,26-02-2024,03-03-2024,Ekart,Full-time,40,Secondary,31,Urban,Yes,4770,795,1,D,0.31
7075-6470-5726,Prakash Khan,26-02-2024,03-03-2024,Ekart,Full-time,26,Secondary,11,Rural,Always,4574,762,1,D,0.31
4647-4190-4886,Sachin Patel,26-02-2024,03-03-2024,Ekart,Full-time,23,Secondary,60,Urban,No,4229,705,1,D,0.31
8832-1295-6372,Geeta Rajput,26-02-2024,03-03-2024,Ekart,Part-time,41,Secondary,4,Urban,Yes,1332,222,1,A,0.31
9459-3589-3492,Naresh Naidu,26-02-2024,03-03-2024,Ekart,Part-time,26,Secondary,54,Semi-urban,No,787,131,1,A,0.31
5123-7434-5080,Tarun Amin,26-02-2024,03-03-2024,Ekart,Full-time,44,Primary,4,Urban,Always,3441,574,1,B,0.31
9998-1196-2904,Prakash Ahmed,26-02-2024,03-03-2024,Ekart,Full-time,27,Secondary,18,Semi-urban,Sometimes,4527,754,1,D,0.31
2768-8501-8984,Praveen Banerjee,26-02-2024,03-03-2024,Ekart,Full-time,43,Secondary,2,Rural,Sometimes,3211,535,1,B,0.31
2599-6664-4192,Pradeep Shah,26-02-2024,03-03-2024,Ekart,Full-time,22,Primary,15,Semi-urban,Always,3698,616,1,C,0.31
1502-7401-9940,Ravi Patel,26-02-2024,03-03-2024,Ekart,Full-time,24,Primary,39,Semi-urban,Sometimes,2949,492,1,B,0.31
7668-7974-4742,Sita Islam,26-02-2024,03-03-2024,Ekart,Full-time,40,Secondary,5,Rural,Yes,3453,576,1,B,0.31
2648-8281-8986,Shanti Rao,26-02-2024,03-03-2024,Ekart,Full-time,25,Secondary,43,Urban,Rarely,3501,584,1,B,0.31
9157-3668-4315,Mamta Iyer,26-02-2024,03-03-2024,Ekart,Full-time,46,Secondary,33,Urban,Always,3802,634,1,C,0.31
8573-6512-1728,Padma Thakur,26-02-2024,03-03-2024,Ekart,Full-time,43,Secondary,46,Semi-urban,Yes,5168,861,1,D,0.31
6804-8724-6821,Mamta Paul,26-02-2024,03-03-2024,Ekart,Part-time,30,Secondary,23,Semi-urban,Always,1883,314,1,A,0.31
1455-5435-7016,Rajesh Hegde,26-02-2024,03-03-2024,Ekart,Full-time,39,Secondary,37,Urban,Yes,4590,765,1,D,0.31
9023-1820-1936,Rajesh Shah,26-02-2024,03-03-2024,Ekart,Full-time,30,Secondary,16,Semi-urban,No,3601,600,1,C,0.31
9112-3293-1037,Vimala Chatterjee,26-02-2024,03-03-2024,Ekart,Full-time,24,Secondary,22,Semi-urban,Yes,4450,742,1,D,0.31
3500-9794-9532,Asha Khan,26-02-2024,03-03-2024,Ekart,Full-time,38,Primary,35,Urban,Sometimes,4557,760,1,D,0.31
7911-2412-1499,Vishal Bhat,26-02-2024,03-03-2024,Ekart,Full-time,46,Primary,1,Urban,Yes,4541,757,1,D,0.31
5458-2600-8079,Aarav Ahmed,26-02-2024,03-03-2024,Ekart,Part-time,44,Secondary,14,Rural,Sometimes,1392,232,1,A,0.31
2609-2674-1106,Anil Sharma,26-02-2024,03-03-2024,Ekart,Full-time,32,Secondary,59,Semi-urban,Yes,3769,628,1,C,0.31
8312-9891-3626,Vimala Modi,26-02-2024,03-03-2024,Ekart,Full-time,22,Primary,24,Semi-urban,Sometimes,3360,560,1,B,0.31
4346-3791-1321,Rohit Siddiqui,26-02-2024,03-03-2024,Ekart,Full-time,26,Primary,37,Urban,Always,3979,663,1,C,0.31
5196-4344-8856,Asha Modi,26-02-2024,03-03-2024,Ekart,Part-time,23,Secondary,26,Urban,Sometimes,1804,301,1,A,0.31
6495-6067-6597,Naveen Ansari,26-02-2024,03-03-2024,Ekart,Full-time,37,Primary,46,Urban,Rarely,4570,762,1,D,0.31
5470-2093-5454,Usha Rajput,26-02-2024,03-03-2024,Ekart,Full-time,26,Primary,20,Urban,No,3890,648,1,C,0.31
5023-2669-6392,Tarun Modi,26-02-2024,03-03-2024,Ekart,Part-time,44,Secondary,50,Urban,No,1276,213,1,A,0.31
5636-9843-4026,Dinesh Naidu,26-02-2024,03-03-2024,Ekart,Full-time,40,Secondary,7,Urban,Sometimes,3376,563,1,B,0.31
2669-7347-6948,Nilesh Ansari,26-02-2024,03-03-2024,Ekart,Full-time,24,Primary,58,Rural,Sometimes,3997,666,1,C,0.31
2256-9496-1522,Nikhil Pillai,26-02-2024,03-03-2024,Ekart,Full-time,48,Primary,59,Urban,No,3543,590,1,C,0.31
1123-4845-3631,Vijay Modi,26-02-2024,03-03-2024,Ekart,Full-time,41,Primary,7,Semi-urban,Sometimes,2937,490,1,B,0.31
9742-4652-9363,Radha Shaikh,26-02-2024,03-03-2024,Ekart,Full-time,31,Primary,22,Rural,Yes,4764,794,1,D,0.31
6542-9149-1032,Sarita Yadav,26-02-2024,03-03-2024,Ekart,Full-time,41,Secondary,4,Rural,Yes,4276,713,1,D,0.31
3324-7953-1844,Vijay Sharma,26-02-2024,03-03-2024,Ekart,Full-time,25,Secondary,1,Urban,Yes,4179,696,1,D,0.31
6048-4906-2910,Sarita Modi,26-02-2024,03-03-2024,Ekart,Full-time,28,Secondary,58,Urban,No,3477,580,1,B,0.31
9894-9893-6612,Nilesh Shenoy,26-02-2024,03-03-2024,Ekart,Full-time,39,Secondary,34,Urban,No,4273,712,1,D,0.31
3807-7792-5341,Rohit Khan,26-02-2024,03-03-2024,Ekart,Full-time,43,Primary,50,Urban,Yes,3979,663,1,C,0.31
7699-7037-7589,Meena Gupta,26-02-2024,03-03-2024,Ekart,Full-time,22,Secondary,29,Urban,Yes,3065,511,1,B,0.31
4001-7245-3685,Savita Bhatt,26-02-2024,03-03-2024,Ekart,Part-time,34,Primary,47,Urban,Rarely,2022,337,1,A,0.31
5680-3005-5418,Sachin Das,26-02-2024,03-03-2024,Ekart,Full-time,20,Secondary,28,Rural,No,3777,630,1,C,0.31
1837-1339-6538,Mahesh Malik,26-02-2024,03-03-2024,Ekart,Full-time,39,Primary,6,Semi-urban,Always,4436,739,1,D,0.31
5558-9721-7990,Mamta Sen,26-02-2024,03-03-2024,Ekart,Full-time,21,Primary,1,Urban,Sometimes,3459,576,1,B,0.31
3760-1701-2126,Vinod Hussain,26-02-2024,03-03-2024,Ekart,Full-time,22,Primary,34,Semi-urban,Sometimes,4142,690,1,D,0.31
1512-9860-3209,Umesh Amin,26-02-2024,03-03-2024,Ekart,Full-time,20,Primary,24,Rural,Sometimes,3135,522,1,B,0.31
2927-5069-5480,Usha Siddiqui,26-02-2024,03-03-2024,Ekart,Part-time,31,Primary,40,Semi-urban,No,2232,372,1,A,0.31
3667-7876-6594,Naresh Bhat,26-02-2024,03-03-2024,Ekart,Part-time,24,Primary,35,Rural,Sometimes,1973,329,1,A,0.31
7125-2311-2980,Manoj Reddy,26-02-2024,03-03-2024,Ekart,Full-time,39,Secondary,22,Semi-urban,Rarely,3784,631,1,C,0.31
4277-5990-6396,Varun Gupta,26-02-2024,03-03-2024,Ekart,Full-time,32,Secondary,59,Semi-urban,Sometimes,3649,608,1,C,0.31
6196-3764-4181,Ganesh Kumar,26-02-2024,03-03-2024,Ekart,Full-time,47,Secondary,7,Urban,No,4539,756,1,D,0.31
6808-5031-5191,Manoj Siddiqui,26-02-2024,03-03-2024,Ekart,Part-time,28,Primary,9,Semi-urban,Sometimes,2362,394,1,A,0.31
2906-1935-9229,Dinesh Chatterjee,26-02-2024,03-03-2024,Ekart,Full-time,40,Primary,60,Semi-urban,Yes,4213,702,1,D,0.31
5134-6438-5831,Rahul Pandey,26-02-2024,03-03-2024,Ekart,Full-time,21,Primary,2,Urban,Yes,3650,608,1,C,0.31
2166-1879-8599,Dinesh Modi,26-02-2024,03-03-2024,Ekart,Full-time,32,Secondary,33,Urban,No,4016,669,1,C,0.31
5400-6850-2940,Laxmi Tiwari,26-02-2024,03-03-2024,Ekart,Full-time,22,Secondary,17,Urban,Sometimes,4125,688,1,D,0.31
5612-8502-8582,Shanti Naidu,26-02-2024,03-03-2024,Delhivery,Full-time,20,Primary,42,Urban,Sometimes,3472,579,1,B,0.36
1099-3113-2449,Anita Bhatt,26-02-2024,03-03-2024,Delhivery,Full-time,34,Primary,15,Semi-urban,Sometimes,2885,481,1,B,0.36
5987-3835-6925,Satish Thakur,26-02-2024,03-03-2024,Delhivery,Full-time,32,Secondary,34,Rural,Yes,3276,546,1,B,0.36
7430-9674-5855,Bharat Banerjee,26-02-2024,03-03-2024,Delhivery,Full-time,37,Secondary,43,Urban,No,3606,601,1,C,0.36
4644-7327-8179,Anita Paul,26-02-2024,03-03-2024,Delhivery,Full-time,33,Secondary,12,Semi-urban,Yes,3969,662,1,C,0.36
1862-9944-7412,Durga Bhatt,26-02-2024,03-03-2024,Delhivery,Full-time,47,Secondary,50,Semi-urban,Sometimes,3672,612,1,C,0.36
1981-3769-1663,Vishal Shetty,26-02-2024,03-03-2024,Delhivery,Full-time,45,Primary,20,Urban,Always,4200,700,1,D,0.36
6738-4064-3147,Rakesh Mukherjee,26-02-2024,03-03-2024,Delhivery,Full-time,30,Primary,31,Urban,No,4621,770,1,D,0.36
2583-6357-3282,Anita Modi,26-02-2024,03-03-2024,Delhivery,Part-time,38,Secondary,24,Semi-urban,No,1707,284,1,A,0.36
7249-3187-7723,Mohit Ali,26-02-2024,03-03-2024,Delhivery,Part-time,41,Secondary,20,Urban,Yes,2550,425,1,A,0.36
3877-9342-5256,Sumit Ali,26-02-2024,03-03-2024,Delhivery,Part-time,32,Primary,14,Urban,Yes,1402,234,1,A,0.36
8071-8576-8329,Divya Trivedi,26-02-2024,03-03-2024,Delhivery,Full-time,35,Secondary,59,Semi-urban,Always,3737,623,1,C,0.36
2719-1252-7336,Ritu Kamat,26-02-2024,03-03-2024,Delhivery,Full-time,25,Secondary,5,Semi-urban,Yes,3900,650,1,C,0.36
8418-4502-8986,Rakesh Desai,26-02-2024,03-03-2024,Delhivery,Full-time,42,Primary,52,Urban,No,2121,354,1,A,0.36
6748-8511-4875,Mukesh Joshi,26-02-2024,03-03-2024,Delhivery,Full-time,21,Secondary,5,Semi-urban,Yes,3452,575,1,B,0.36
5797-8603-4104,Lalita Modi,26-02-2024,03-03-2024,Delhivery,Full-time,24,Secondary,47,Urban,Sometimes,3962,660,1,C,0.36
1913-1753-6591,Satish Shenoy,26-02-2024,03-03-2024,Delhivery,Part-time,43,Primary,1,Urban,Yes,1718,286,1,A,0.36
6979-9831-3279,Praveen Rajput,26-02-2024,03-03-2024,Delhivery,Part-time,20,Secondary,7,Semi-urban,Always,1554,259,1,A,0.36
8500-8289-9537,Nilesh Sharma,26-02-2024,03-03-2024,Delhivery,Full-time,38,Secondary,38,Rural,No,4111,685,1,D,0.36
2684-6961-3879,Sunil Malik,26-02-2024,03-03-2024,Delhivery,Part-time,47,Secondary,40,Rural,Always,2253,376,1,A,0.36
1321-5336-5256,Shyam Trivedi,26-02-2024,03-03-2024,Delhivery,Part-time,24,Primary,23,Semi-urban,Sometimes,1977,330,1,A,0.36
7726-2862-8823,Vimala Pillai,26-02-2024,03-03-2024,Delhivery,Full-time,19,Secondary,15,Urban,Yes,3392,565,1,B,0.36
5864-6629-8835,Lokesh Verma,26-02-2024,03-03-2024,Delhivery,Full-time,36,Primary,50,Urban,No,2039,340,1,A,0.36
5998-6165-6950,Sarita Ahmed,26-02-2024,03-03-2024,Delhivery,Full-time,26,Secondary,54,Semi-urban,Yes,3334,556,1,B,0.36
9788-6499-1889,Padma Sharma,26-02-2024,03-03-2024,Delhivery,Full-time,41,Secondary,24,Rural,Yes,4503,750,1,D,0.36
2700-7445-8892,Ajay Das,26-02-2024,03-03-2024,Delhivery,Full-time,43,Primary,41,Urban,Yes,3781,630,1,C,0.36
5958-1314-4063,Suman Tiwari,26-02-2024,03-03-2024,Delhivery,Full-time,30,Primary,44,Semi-urban,Yes,3547,591,1,C,0.36
9329-4417-7309,Rekha Poojary,26-02-2024,03-03-2024,Delhivery,Full-time,22,Secondary,43,Rural,Yes,3635,606,1,C,0.36
9126-8412-3795,Vinod Islam,26-02-2024,03-03-2024,Delhivery,Full-time,33,Secondary,3,Rural,Yes,3707,618,1,C,0.36
6040-5876-8389,Manoj Dave,26-02-2024,03-03-2024,Delhivery,Full-time,19,Secondary,45,Semi-urban,No,3595,599,1,C,0.36
4643-9689-6282,Nisha Rajput,26-02-2024,03-03-2024,Delhivery,Full-time,38,Secondary,34,Semi-urban,Yes,3022,504,1,B,0.36
1987-5547-7635,Kapil Dey,26-02-2024,03-03-2024,Delhivery,Full-time,24,Secondary,59,Semi-urban,Always,1929,322,1,A,0.36
6333-7245-1404,Ritu Gupta,26-02-2024,03-03-2024,Delhivery,Full-time,27,Secondary,28,Urban,Yes,3579,596,1,C,0.36
8117-7929-8772,Lalit Malik,26-02-2024,03-03-2024,Delhivery,Full-time,25,Primary,50,Semi-urban,No,4239,706,1,D,0.36
7602-3934-5871,Mohit Amin,26-02-2024,03-03-2024,Delhivery,Full-time,25,Secondary,32,Urban,Always,4046,674,1,C,0.36
7125-8727-2057,Harish Joshi,26-02-2024,03-03-2024,Delhivery,Part-time,27,Primary,48,Urban,Sometimes,299,50,1,A,0.36
5999-8346-6133,Varun Reddy,26-02-2024,03-03-2024,Delhivery,Part-time,23,Primary,12,Urban,Yes,1315,219,1,A,0.36
6290-1666-2434,Ravi Ahmed,26-02-2024,03-03-2024,Delhivery,Full-time,30,Primary,50,Rural,Yes,4218,703,1,D,0.36
5492-8199-8516,Ritu Amin,26-02-2024,03-03-2024,Delhivery,Full-time,22,Primary,23,Semi-urban,Always,4583,764,1,D,0.36
2973-6073-4036,Nikhil Dave,26-02-2024,03-03-2024,Delhivery,Full-time,45,Primary,49,Urban,Sometimes,3354,559,1,B,0.36
4899-1022-7211,Amit Reddy,26-02-2024,03-03-2024,Delhivery,Full-time,27,Secondary,26,Rural,Sometimes,3576,596,1,C,0.36
8511-7298-3740,Radha Das,26-02-2024,03-03-2024,Delhivery,Full-time,21,Primary,19,Urban,Sometimes,3030,505,1,B,0.36
6604-7654-9546,Naveen Modi,26-02-2024,03-03-2024,Delhivery,Part-time,40,Primary,49,Semi-urban,No,1933,322,1,A,0.36
8461-5366-9651,Nilesh Gowda,26-02-2024,03-03-2024,Delhivery,Full-time,42,Primary,40,Urban,Sometimes,2983,497,1,B,0.36
3775-9974-6275,Rahul Thakur,26-02-2024,03-03-2024,Delhivery,Full-time,35,Primary,35,Semi-urban,No,2485,414,1,A,0.36
4276-2010-6228,Lalita Hussain,26-02-2024,03-03-2024,Delhivery,Full-time,48,Primary,29,Rural,No,3353,559,1,B,0.36
2116-3067-1674,Rekha Desai,26-02-2024,03-03-2024,Delhivery,Full-time,42,Secondary,57,Semi-urban,Yes,4224,704,1,D,0.36
8631-3121-8268,Rohit Chatterjee,26-02-2024,03-03-2024,Delhivery,Full-time,30,Primary,39,Urban,Yes,4238,706,1,D,0.36
6753-1346-5760,Shanti Amin,26-02-2024,03-03-2024,Delhivery,Part-time,22,Primary,17,Urban,Always,1184,197,1,A,0.36
5109-9416-5088,Vijay Khan,26-02-2024,03-03-2024,Delhivery,Full-time,38,Secondary,43,Semi-urban,No,2923,487,1,B,0.36
2886-9417-5363,Prakash Shetty,26-02-2024,03-03-2024,Delhivery,Full-time,38,Secondary,11,Urban,Yes,2984,497,1,B,0.36
5560-9189-6749,Gaurav Kumar,26-02-2024,03-03-2024,Delhivery,Full-time,43,Secondary,41,Semi-urban,Always,2592,432,1,A,0.36
5947-6172-5000,Asha Jain,26-02-2024,03-03-2024,Delhivery,Full-time,45,Primary,58,Urban,Always,3747,624,1,C,0.36
6777-3439-5887,Sunil Bhatt,26-02-2024,03-03-2024,Delhivery,Full-time,43,Primary,21,Urban,Rarely,3457,576,1,B,0.36
7793-4934-6349,Vijay Thakur,26-02-2024,03-03-2024,Delhivery,Full-time,29,Primary,29,Semi-urban,Rarely,5266,878,1,D,0.36
2438-2387-9170,Priya Chatterjee,26-02-2024,03-03-2024,Dunzo,Part-time,34,Secondary,19,Semi-urban,Always,1557,260,1,A,0.42
7487-4851-1905,Rakesh Thakur,26-02-2024,03-03-2024,Dunzo,Full-time,41,Secondary,21,Urban,Sometimes,3883,647,1,C,0.42
9828-2159-3406,Aarav Roy,26-02-2024,03-03-2024,Dunzo,Full-time,28,Secondary,19,Urban,Sometimes,4060,677,1,C,0.42
4061-2308-3601,Pradeep Shaikh,26-02-2024,03-03-2024,Dunzo,Full-time,25,Secondary,35,Semi-urban,Sometimes,4246,708,1,D,0.42
4619-6601-6408,Padma Bhatt,26-02-2024,03-03-2024,Dunzo,Full-time,41,Secondary,37,Urban,Yes,2938,490,1,B,0.42
8919-3727-2053,Praveen Bhat,26-02-2024,03-03-2024,Dunzo,Full-time,47,Primary,17,Urban,Always,2386,398,1,A,0.42
9481-2654-9452,Kapil Hegde,26-02-2024,03-03-2024,Dunzo,Full-time,33,Primary,22,Semi-urban,Always,3444,574,1,B,0.42
1572-1323-3492,Mohit Naidu,26-02-2024,03-03-2024,Dunzo,Part-time,47,Secondary,3,Urban,Yes,1872,312,1,A,0.42
1660-7607-3971,Manoj Trivedi,26-02-2024,03-03-2024,Dunzo,Full-time,30,Primary,40,Urban,Rarely,2776,463,1,B,0.42
5227-8577-1307,Radha Iyer,26-02-2024,03-03-2024,Dunzo,Full-time,38,Secondary,25,Urban,Yes,4048,675,1,C,0.42
6771-6236-7161,Yogesh Dave,26-02-2024,03-03-2024,Dunzo,Full-time,20,Primary,58,Rural,Yes,3698,616,1,C,0.42
4465-4777-3713,Kavita Hegde,26-02-2024,03-03-2024,Dunzo,Part-time,29,Secondary,32,Urban,Sometimes,1455,242,1,A,0.42
5974-2046-1311,Suman Malik,26-02-2024,03-03-2024,Dunzo,Part-time,23,Secondary,36,Urban,Always,2062,344,1,A,0.42
9980-6047-2819,Rajesh Malik,26-02-2024,03-03-2024,Dunzo,Full-time,33,Secondary,38,Semi-urban,Yes,3982,664,1,C,0.42
4208-2014-8395,Usha Shaikh,26-02-2024,03-03-2024,Dunzo,Part-time,22,Primary,20,Semi-urban,Sometimes,1246,208,1,A,0.42
6323-9581-2367,Mukesh Rao,26-02-2024,03-03-2024,Dunzo,Full-time,43,Secondary,26,Urban,Yes,3623,604,1,C,0.42
1499-5584-7603,Sunil Menon,26-02-2024,03-03-2024,Dunzo,Part-time,48,Secondary,10,Rural,Always,868,145,1,A,0.42
8357-6432-9198,Girish Tiwari,26-02-2024,03-03-2024,Dunzo,Full-time,19,Primary,39,Semi-urban,No,3419,570,1,B,0.42
9040-5914-4655,Savita Parekh,26-02-2024,03-03-2024,Dunzo,Full-time,20,Primary,39,Urban,Sometimes,3259,543,1,B,0.42
5109-8274-1285,Lalita Ali,26-02-2024,03-03-2024,Dunzo,Full-time,29,Primary,29,Urban,Sometimes,3847,641,1,C,0.42
9261-9046-1608,Rekha Bose,26-02-2024,03-03-2024,Dunzo,Full-time,34,Secondary,59,Semi-urban,Yes,3717,620,1,C,0.42
4854-1032-1196,Suresh Naidu,26-02-2024,03-03-2024,Dunzo,Part-time,23,Primary,14,Semi-urban,Rarely,2101,350,1,A,0.42
6835-4327-9739,Dinesh Reddy,26-02-2024,03-03-2024,Dunzo,Full-time,44,Secondary,25,Semi-urban,Always,3575,596,1,C,0.42
3364-2196-6398,Padma Shenoy,26-02-2024,03-03-2024,Dunzo,Full-time,39,Secondary,5,Semi-urban,No,3542,590,1,C,0.42
7671-6836-1676,Radha Ahmed,26-02-2024,03-03-2024,Dunzo,Full-time,38,Primary,36,Semi-urban,Always,3823,637,1,C,0.42
8126-4230-6414,Divya Mehta,26-02-2024,03-03-2024,Dunzo,Full-time,19,Secondary,28,Semi-urban,Sometimes,3593,599,1,C,0.42
4180-9572-8985,Lalita Parekh,26-02-2024,03-03-2024,Dunzo,Full-time,27,Secondary,25,Rural,No,2982,497,1,B,0.42
5079-3646-3077,Ritesh Nair,26-02-2024,03-03-2024,Dunzo,Full-time,47,Secondary,50,Urban,Yes,3568,595,1,C,0.42
2400-3376-3339,Rohit Mehta,26-02-2024,03-03-2024,Dunzo,Full-time,39,Primary,54,Rural,Sometimes,2954,492,1,B,0.42
9920-4026-7185,Vimala Bose,26-02-2024,03-03-2024,Dunzo,Full-time,23,Secondary,35,Urban,Yes,1766,294,1,A,0.42
3686-5049-4800,Sarita Khan,26-02-2024,03-03-2024,Dunzo,Part-time,27,Secondary,48,Semi-urban,Yes,1417,236,1,A,0.42
3934-5542-7702,Suresh Shah,26-02-2024,03-03-2024,Dunzo,Full-time,31,Secondary,34,Urban,Rarely,3786,631,1,C,0.42
6135-4805-5605,Naveen Chauhan,26-02-2024,03-03-2024,Dunzo,Full-time,21,Secondary,59,Urban,Sometimes,3377,563,1,B,0.42
4448-5403-1398,Sunita Dave,26-02-2024,03-03-2024,Dunzo,Full-time,28,Primary,52,Urban,No,3802,634,1,C,0.42
4708-8668-8628,Usha Ahmed,26-02-2024,03-03-2024,Dunzo,Full-time,37,Secondary,12,Semi-urban,Yes,3756,626,1,C,0.42
2335-9611-1121,Gaurav Patel,26-02-2024,03-03-2024,Dunzo,Full-time,39,Secondary,6,Semi-urban,Always,3508,585,1,C,0.42
8070-7613-1909,Santosh Shaikh,26-02-2024,03-03-2024,Dunzo,Part-time,39,Primary,28,Semi-urban,Always,1391,232,1,A,0.42
1595-1805-3262,Nilesh Bhatt,26-02-2024,03-03-2024,Dunzo,Full-time,26,Secondary,40,Semi-urban,Yes,2516,419,1,A,0.42
1015-6502-4755,Kamla Poojary,26-02-2024,03-03-2024,Dunzo,Full-time,20,Secondary,30,Urban,Sometimes,2762,460,1,B,0.42
6417-3646-4360,Praveen Dave,26-02-2024,03-03-2024,Dunzo,Part-time,34,Primary,9,Urban,No,1294,216,1,A,0.42
4302-3011-7837,Rohit Jain,26-02-2024,03-03-2024,Dunzo,Part-time,28,Secondary,42,Urban,Sometimes,940,157,1,A,0.42
2024-2715-9869,Anita Reddy,26-02-2024,03-03-2024,Dunzo,Part-time,31,Primary,10,Urban,Sometimes,1054,176,1,A,0.42
2042-5833-8155,Vishal Menon,26-02-2024,03-03-2024,Dunzo,Full-time,46,Primary,55,Rural,Sometimes,4282,714,1,D,0.42
4113-3235-5227,Radha Ghosh,26-02-2024,03-03-2024,Dunzo,Full-time,32,Secondary,4,Semi-urban,Sometimes,3454,576,1,B,0.42
5386-8233-5206,Sumit Shaikh,26-02-2024,03-03-2024,Dunzo,Part-time,38,Secondary,58,Urban,No,892,149,1,A,0.42
6469-9036-6851,Arjun Mishra,26-02-2024,03-03-2024,Dunzo,Part-time,32,Secondary,52,Semi-urban,Sometimes,725,121,1,A,0.42
4332-3345-5245,Rahul Mehta,26-02-2024,03-03-2024,Dunzo,Full-time,19,Primary,54,Rural,Sometimes,4152,692,1,D,0.42
9828-6083-7369,Geeta Rao,26-02-2024,03-03-2024,Dunzo,Full-time,40,Primary,3,Urban,Yes,3038,506,1,B,0.42
2315-5565-2950,Aarav Thakur,26-02-2024,03-03-2024,Dunzo,Full-time,22,Secondary,17,Urban,Yes,3371,562,1,B,0.42
6432-7615-2711,Harish Singh,26-02-2024,03-03-2024,Dunzo,Part-time,35,Primary,59,Semi-urban,Always,1672,279,1,A,0.42
5261-6367-8576,Rohit Joshi,26-02-2024,03-03-2024,Zepto,Full-time,31,Primary,55,Urban,Sometimes,3027,504,1,B,0.44
9114-9868-9592,Ajay Dey,26-02-2024,03-03-2024,Zepto,Part-time,22,Primary,32,Urban,Rarely,1502,250,1,A,0.44
7614-1219-4858,Ritu Paul,26-02-2024,03-03-2024,Zepto,Full-time,32,Secondary,3,Rural,Sometimes,2952,492,1,B,0.44
6718-8442-3547,Mahesh Tiwari,26-02-2024,03-03-2024,Zepto,Full-time,29,Secondary,50,Semi-urban,Sometimes,4469,745,1,D,0.44
9271-8904-1121,Neha Kamat,26-02-2024,03-03-2024,Zepto,Full-time,44,Secondary,33,Semi-urban,Sometimes,2901,484,1,B,0.44
9774-7544-4734,Padma Hussain,26-02-2024,03-03-2024,Zepto,Full-time,42,Secondary,48,Urban,Yes,3062,510,1,B,0.44
3757-5533-8291,Arun Bose,26-02-2024,03-03-2024,Zepto,Part-time,36,Primary,59,Rural,Yes,1247,208,1,A,0.44
3700-8975-8328,Vishal Parekh,26-02-2024,03-03-2024,Zepto,Full-time,40,Secondary,23,Urban,Always,3788,631,1,C,0.44
6658-1837-7096,Ritu Parekh,26-02-2024,03-03-2024,Zepto,Full-time,26,Primary,40,Semi-urban,Yes,4117,686,1,D,0.44
6600-9402-1991,Rahul Khan,26-02-2024,03-03-2024,Zepto,Full-time,34,Primary,11,Urban,Yes,3609,602,1,C,0.44
5175-3095-2616,Ravi Iyer,26-02-2024,03-03-2024,Zepto,Full-time,34,Secondary,19,Urban,Always,4159,693,1,D,0.44
4226-2988-5451,Naveen Bhat,26-02-2024,03-03-2024,Zepto,Full-time,28,Secondary,16,Urban,Always,3199,533,1,B,0.44
8962-1833-2315,Sumit Naik,26-02-2024,03-03-2024,Zepto,Full-time,42,Secondary,37,Urban,Yes,3415,569,1,B,0.44
6581-1385-9779,Kapil Patel,26-02-2024,03-03-2024,Zepto,Part-time,21,Secondary,48,Urban,Yes,906,151,1,A,0.44
1316-3182-3102,Dinesh Menon,26-02-2024,03-03-2024,Zepto,Full-time,19,Primary,19,Rural,Yes,2208,368,1,A,0.44
5279-6760-1948,Ritu Chatterjee,26-02-2024,03-03-2024,Zepto,Part-time,41,Primary,16,Urban,Sometimes,1568,261,1,A,0.44
6684-1843-4043,Anil Thakur,26-02-2024,03-03-2024,Zepto,Full-time,42,Primary,57,Rural,Yes,3104,517,1,B,0.44
6818-7429-8016,Anil Sen,26-02-2024,03-03-2024,Zepto,Full-time,31,Secondary,16,Urban,Sometimes,2710,452,1,B,0.44
8079-7829-1460,Ramesh Kumar,26-02-2024,03-03-2024,Zepto,Part-time,23,Primary,59,Semi-urban,Always,1691,282,1,A,0.44
7256-8339-9462,Sunita Das,26-02-2024,03-03-2024,Zepto,Full-time,43,Secondary,60,Semi-urban,Yes,3107,518,1,B,0.44
6041-2781-6418,Padma Verma,26-02-2024,03-03-2024,Zepto,Full-time,24,Secondary,46,Urban,Yes,3070,512,1,B,0.44
4482-2603-7750,Mamta Rajput,26-02-2024,03-03-2024,Zepto,Full-time,33,Secondary,58,Semi-urban,Always,3390,565,1,B,0.44
6414-6037-8077,Sanjay Nair,26-02-2024,03-03-2024,Zepto,Full-time,37,Primary,11,Urban,No,3144,524,1,B,0.44
2483-4676-5279,Dinesh Dey,26-02-2024,03-03-2024,Zepto,Full-time,21,Secondary,21,Semi-urban,Sometimes,3055,509,1,B,0.44
7804-3515-9206,Varun Rao,26-02-2024,03-03-2024,Zepto,Full-time,37,Primary,22,Semi-urban,Sometimes,3536,589,1,C,0.44
9797-8716-1961,Nikhil Rao,26-02-2024,03-03-2024,Zepto,Full-time,48,Secondary,8,Semi-urban,Always,3338,556,1,B,0.44
4462-9028-3672,Santosh Khan,26-02-2024,03-03-2024,Zepto,Part-time,34,Secondary,28,Semi-urban,Rarely,1164,194,1,A,0.44
1735-4310-3302,Mahesh Chauhan,26-02-2024,03-03-2024,Zepto,Full-time,29,Secondary,25,Semi-urban,Yes,2888,481,1,B,0.44
2551-6100-2942,Mamta Amin,26-02-2024,03-03-2024,Zepto,Full-time,23,Primary,7,Urban,Sometimes,2955,492,1,B,0.44
1348-9324-9910,Vimala Hegde,26-02-2024,03-03-2024,Zepto,Full-time,30,Primary,1,Semi-urban,Always,4120,687,1,D,0.44
6465-3300-6600,Harish Khan,26-02-2024,03-03-2024,Zepto,Full-time,20,Primary,30,Semi-urban,Sometimes,3780,630,1,C,0.44
9457-8502-3009,Mohit Siddiqui,26-02-2024,03-03-2024,Zepto,Full-time,28,Primary,27,Urban,Rarely,3751,625,1,C,0.44
2033-2074-2058,Yogesh Das,26-02-2024,03-03-2024,Zepto,Full-time,34,Secondary,32,Rural,Sometimes,3528,588,1,C,0.44
3746-6095-1214,Manoj Jain,26-02-2024,03-03-2024,Zepto,Part-time,46,Secondary,5,Urban,Rarely,692,115,1,A,0.44
9455-6586-6436,Shyam Naik,26-02-2024,03-03-2024,Zepto,Full-time,27,Primary,50,Urban,Yes,2579,430,1,A,0.44
7351-8165-6845,Pradeep Islam,26-02-2024,03-03-2024,Zepto,Full-time,30,Secondary,48,Urban,Sometimes,4087,681,1,C,0.44
5009-4335-5100,Sarita Bhatt,26-02-2024,03-03-2024,Zepto,Full-time,22,Secondary,33,Rural,Sometimes,3602,600,1,C,0.44
6915-8928-2630,Pushpa Bose,26-02-2024,03-03-2024,Zepto,Full-time,27,Secondary,53,Urban,Always,2593,432,1,A,0.44
7406-5446-8105,Priya Yadav,26-02-2024,03-03-2024,Zepto,Full-time,26,Secondary,32,Urban,Sometimes,3760,627,1,C,0.44
4209-5506-9159,Naresh Nair,26-02-2024,03-03-2024,Zepto,Full-time,47,Secondary,56,Urban,Yes,3601,600,1,C,0.44
2239-6681-5708,Priya Desai,26-02-2024,03-03-2024,Zepto,Part-time,34,Primary,30,Urban,Sometimes,588,98,1,A,0.44
3326-6509-5579,Kapil Sharma,26-02-2024,03-03-2024,Zepto,Full-time,43,Secondary,52,Semi-urban,Sometimes,3364,561,1,B,0.44
2521-5112-5365,Neha Gupta,26-02-2024,03-03-2024,Zepto,Full-time,28,Secondary,7,Urban,Sometimes,4320,720,1,D,0.44
2033-2118-9585,Satish Roy,26-02-2024,03-03-2024,Zepto,Full-time,36,Primary,13,Rural,Sometimes,2860,477,1,B,0.44
8014-3404-1919,Asha Tiwari,26-02-2024,03-03-2024,Zepto,Full-time,19,Secondary,9,Urban,Sometimes,3644,607,1,C,0.44
9202-6749-6844,Pradeep Rajput,26-02-2024,03-03-2024,Blinkit,Full-time,24,Secondary,26,Rural,Yes,3600,600,1,C,0.4
5014-9165-3640,Priya Naidu,26-02-2024,03-03-2024,Blinkit,Full-time,21,Secondary,41,Urban,No,3071,512,1,B,0.4
7753-1486-7826,Anita Kumar,26-02-2024,03-03-2024,Blinkit,Part-time,41,Primary,33,Urban,Sometimes,1562,260,1,A,0.4
6180-9079-6426,Ravi Naik,26-02-2024,03-03-2024,Blinkit,Full-time,45,Primary,37,Urban,Yes,4394,732,1,D,0.4
8521-8512-7159,Arjun Bose,26-02-2024,03-03-2024,Blinkit,Part-time,31,Secondary,7,Urban,Always,1648,275,1,A,0.4
8327-5663-4874,Harish Verma,26-02-2024,03-03-2024,Blinkit,Full-time,45,Primary,35,Rural,No,4096,683,1,C,0.4
7377-8689-9316,Rakesh Kamat,26-02-2024,03-03-2024,Blinkit,Full-time,43,Secondary,58,Urban,Sometimes,3789,632,1,C,0.4
2268-5463-1782,Anil Dey,26-02-2024,03-03-2024,Blinkit,Full-time,33,Primary,55,Urban,Yes,3279,546,1,B,0.4
4070-6532-2454,Divya Bhat,26-02-2024,03-03-2024,Blinkit,Full-time,45,Secondary,6,Urban,Sometimes,2294,382,1,A,0.4
5271-2109-5451,Pradeep Khan,26-02-2024,03-03-2024,Blinkit,Full-time,38,Secondary,20,Urban,Yes,3167,528,1,B,0.4
5297-6353-5050,Varun Sen,26-02-2024,03-03-2024,Blinkit,Full-time,36,Secondary,2,Urban,Yes,4710,785,1,D,0.4
9001-7801-8730,Ajay Mukherjee,26-02-2024,03-03-2024,Blinkit,Full-time,19,Secondary,46,Rural,Always,2954,492,1,B,0.4
4634-5063-8818,Ramesh Banerjee,26-02-2024,03-03-2024,Blinkit,Full-time,44,Primary,58,Urban,No,3289,548,1,B,0.4
4139-7446-7687,Varun Modi,26-02-2024,03-03-2024,Blinkit,Full-time,38,Secondary,3,Rural,No,3534,589,1,C,0.4
5373-2619-9934,Sunita Trivedi,26-02-2024,03-03-2024,Blinkit,Full-time,23,Secondary,49,Semi-urban,No,3432,572,1,B,0.4
1555-3163-5853,Lokesh Shenoy,26-02-2024,03-03-2024,Blinkit,Part-time,25,Secondary,55,Rural,No,888,148,1,A,0.4
3047-2262-3071,Pradeep Hegde,26-02-2024,03-03-2024,Blinkit,Full-time,29,Primary,16,Semi-urban,No,4582,764,1,D,0.4
6417-1894-3945,Sunita Mehta,26-02-2024,03-03-2024,Blinkit,Full-time,42,Primary,21,Urban,Yes,3240,540,1,B,0.4
4822-8935-8605,Laxmi Patel,26-02-2024,03-03-2024,Blinkit,Part-time,21,Secondary,44,Urban,No,1091,182,1,A,0.4
6834-7745-4886,Kapil Bhat,26-02-2024,03-03-2024,Blinkit,Part-time,38,Primary,43,Urban,Sometimes,1217,203,1,A,0.4
6826-1871-7520,Mahesh Siddiqui,26-02-2024,03-03-2024,Blinkit,Part-time,28,Secondary,37,Semi-urban,Yes,1209,202,1,A,0.4
8757-2544-7734,Aarav Jain,26-02-2024,03-03-2024,Blinkit,Full-time,35,Secondary,11,Semi-urban,Yes,2838,473,1,B,0.4
3340-7756-3915,Vishal Gupta,26-02-2024,03-03-2024,Blinkit,Full-time,41,Secondary,43,Urban,Always,3682,614,1,C,0.4
6573-4718-6955,Divya Mishra,26-02-2024,03-03-2024,Blinkit,Full-time,45,Primary,29,Rural,Sometimes,2997,500,1,B,0.4
5370-6487-7772,Ramesh Sharma,26-02-2024,03-03-2024,Blinkit,Full-time,20,Primary,40,Rural,Rarely,3200,533,1,B,0.4
4118-4049-5677,Rekha Siddiqui,26-02-2024,03-03-2024,Blinkit,Full-time,30,Primary,33,Semi-urban,Rarely,4103,684,1,C,0.4
9959-7368-3780,Praveen Mukherjee,26-02-2024,03-03-2024,Blinkit,Full-time,37,Secondary,13,Urban,Yes,3623,604,1,C,0.4
2240-3139-8297,Meena Ansari,26-02-2024,03-03-2024,Blinkit,Part-time,25,Primary,22,Semi-urban,Sometimes,958,160,1,A,0.4
3942-2789-4617,Tarun Dey,26-02-2024,03-03-2024,Blinkit,Full-time,45,Primary,44,Urban,Always,2812,469,1,B,0.4
4927-4748-6169,Suman Banerjee,26-02-2024,03-03-2024,Blinkit,Full-time,23,Secondary,52,Urban,Yes,3861,644,1,C,0.4
1862-8218-4480,Sanjay Amin,26-02-2024,03-03-2024,Blinkit,Full-time,36,Primary,58,Urban,Sometimes,4196,699,1,D,0.4
2111-8430-2288,Durga Naik,26-02-2024,03-03-2024,Blinkit,Full-time,38,Primary,14,Rural,Rarely,3373,562,1,B,0.4
6218-5384-6149,Sachin Trivedi,26-02-2024,03-03-2024,Blinkit,Full-time,44,Secondary,10,Rural,Yes,3733,622,1,C,0.4
7264-5239-1887,Neha Rao,26-02-2024,03-03-2024,Blinkit,Full-time,46,Primary,25,Urban,Yes,3656,609,1,C,0.4
4696-7598-4562,Sunita Naidu,26-02-2024,03-03-2024,Blinkit,Full-time,20,Primary,14,Semi-urban,Sometimes,4277,713,1,D,0.4
1322-5323-2045,Ganesh Ahmed,26-02-2024,03-03-2024,Blinkit,Full-time,35,Primary,2,Urban,Yes,2675,446,1,B,0.4
7831-2315-7694,Harish Mishra,26-02-2024,03-03-2024,Blinkit,Full-time,44,Secondary,21,Urban,Sometimes,4214,702,1,D,0.4
1915-5277-5334,Kavita Paul,26-02-2024,03-03-2024,Blinkit,Full-time,44,Primary,11,Urban,Yes,3508,585,1,C,0.4
2466-6952-4429,Sarita Hussain,26-02-2024,03-03-2024,Blinkit,Full-time,31,Primary,16,Semi-urban,Yes,2422,404,1,A,0.4
2890-3106-6044,Kapil Mehta,26-02-2024,03-03-2024,Blinkit,Part-time,37,Secondary,35,Semi-urban,Yes,978,163,1,A,0.4
8862-1595-2899,Prakash Bhatt,26-02-2024,03-03-2024,Blinkit,Full-time,27,Secondary,28,Urban,Rarely,3948,658,1,C,0.4
1613-9232-2974,Ramesh Shaikh,26-02-2024,03-03-2024,Blinkit,Part-time,27,Primary,55,Urban,Sometimes,527,88,1,A,0.4
3567-7571-4188,Usha Bhatt,26-02-2024,03-03-2024,Blinkit,Part-time,22,Secondary,30,Semi-urban,Yes,595,99,1,A,0.4
3401-3729-9774,Padma Siddiqui,26-02-2024,03-03-2024,Blinkit,Full-time,46,Primary,18,Urban,Rarely,3575,596,1,C,0.4
6500-9493-8365,Usha Shetty,26-02-2024,03-03-2024,Blinkit,Full-time,30,Primary,16,Urban,Yes,2850,475,1,B,0.4
4872-7040-4666,Sunita Desai,26-02-2024,03-03-2024,Blinkit,Full-time,37,Primary,16,Semi-urban,No,3248,541,1,B,0.4
1484-7249-6499,Arjun Modi,26-02-2024,03-03-2024,Blinkit,Full-time,30,Primary,25,Urban,Yes,2989,498,1,B,0.4
8685-9699-4233,Ganesh Menon,26-02-2024,03-03-2024,Blinkit,Full-time,47,Secondary,22,Semi-urban,Always,2500,417,1,A,0.4
6547-5811-5618,Savita Joshi,26-02-2024,03-03-2024,Blinkit,Full-time,41,Primary,29,Semi-urban,Always,3980,663,1,C,0.4
3061-3355-7797,Manoj Bhatt,26-02-2024,03-03-2024,Blinkit,Full-time,37,Primary,58,Rural,Yes,3098,516,1,B,0.4
6326-9135-8321,Geeta Hegde,26-02-2024,03-03-2024,Porter,Full-time,42,Secondary,57,Urban,Rarely,3681,614,1,C,0.38
2070-9865-1623,Umesh Qureshi,26-02-2024,03-03-2024,Porter,Part-time,46,Primary,17,Rural,Sometimes,2123,354,1,A,0.38
4988-8107-5587,Priya Modi,26-02-2024,03-03-2024,Porter,Part-time,27,Primary,40,Rural,Rarely,1421,237,1,A,0.38
1146-2904-8391,Vimala Bhat,26-02-2024,03-03-2024,Porter,Part-time,43,Primary,41,Semi-urban,No,1062,177,1,A,0.38
1617-6704-7185,Sunita Pandey,26-02-2024,03-03-2024,Porter,Full-time,38,Secondary,4,Semi-urban,Yes,4418,736,1,D,0.38
9252-3759-3336,Ritesh Verma,26-02-2024,03-03-2024,Porter,Full-time,45,Secondary,28,Urban,No,3250,542,1,B,0.38
1799-2093-4593,Pooja Ghosh,26-02-2024,03-03-2024,Porter,Full-time,21,Secondary,32,Semi-urban,Yes,3281,547,1,B,0.38
2229-3941-9805,Sachin Agarwal,26-02-2024,03-03-2024,Porter,Full-time,25,Secondary,60,Rural,Always,3861,644,1,C,0.38
4575-5534-8473,Sarita Dave,26-02-2024,03-03-2024,Porter,Full-time,34,Secondary,44,Urban,Yes,3596,599,1,C,0.38
2382-5049-6367,Laxmi Qureshi,26-02-2024,03-03-2024,Porter,Full-time,43,Primary,57,Urban,Yes,3494,582,1,B,0.38
4300-7108-8649,Harish Yadav,26-02-2024,03-03-2024,Porter,Full-time,40,Secondary,53,Rural,Always,4510,752,1,D,0.38
5061-5940-3963,Vimala Yadav,26-02-2024,03-03-2024,Porter,Part-time,22,Primary,16,Urban,Rarely,1829,305,1,A,0.38
5942-9523-2599,Meena Rao,26-02-2024,03-03-2024,Porter,Full-time,48,Primary,23,Urban,Sometimes,3278,546,1,B,0.38
4899-3975-5662,Lokesh Bose,26-02-2024,03-03-2024,Porter,Full-time,44,Secondary,54,Rural,Yes,4201,700,1,D,0.38
4479-1551-3816,Pushpa Gowda,26-02-2024,03-03-2024,Porter,Full-time,42,Secondary,15,Semi-urban,Yes,4544,757,1,D,0.38
5624-4228-8500,Rajesh Poojary,26-02-2024,03-03-2024,Porter,Full-time,26,Secondary,56,Urban,Sometimes,3370,562,1,B,0.38
3161-2751-4469,Sumit Iyer,26-02-2024,03-03-2024,Porter,Full-time,23,Primary,15,Urban,Always,3830,638,1,C,0.38
8988-9671-4407,Satish Joshi,26-02-2024,03-03-2024,Porter,Full-time,28,Secondary,2,Semi-urban,No,5307,884,1,D,0.38
9404-3993-1691,Tarun Bose,26-02-2024,03-03-2024,Porter,Full-time,48,Primary,31,Semi-urban,No,3354,559,1,B,0.38
4080-1727-1034,Santosh Modi,26-02-2024,03-03-2024,Porter,Full-time,48,Secondary,24,Semi-urban,No,4141,690,1,D,0.38
9977-6212-4855,Prakash Gupta,26-02-2024,03-03-2024,Porter,Full-time,34,Primary,23,Rural,No,4357,726,1,D,0.38
7775-7053-9446,Mahesh Kamat,26-02-2024,03-03-2024,Porter,Full-time,37,Secondary,13,Urban,No,3343,557,1,B,0.38
4691-4127-5162,Manju Gupta,26-02-2024,03-03-2024,Porter,Full-time,29,Primary,8,Urban,Yes,2409,402,1,A,0.38
2956-8564-4689,Divya Bose,26-02-2024,03-03-2024,Porter,Full-time,40,Secondary,9,Urban,Yes,3415,569,1,B,0.38
5980-1632-8862,Vimala Pandey,26-02-2024,03-03-2024,Porter,Part-time,20,Secondary,39,Urban,Sometimes,2328,388,1,A,0.38
7333-9835-7270,Bharat Das,26-02-2024,03-03-2024,Porter,Full-time,41,Primary,40,Rural,Yes,3170,528,1,B,0.38
7750-1012-3323,Kavita Malik,26-02-2024,03-03-2024,Porter,Full-time,35,Secondary,40,Urban,No,4371,728,1,D,0.38
9875-4589-5207,Ritesh Dave,26-02-2024,03-03-2024,Porter,Full-time,48,Secondary,8,Rural,No,3416,569,1,B,0.38
3621-5963-5898,Lalit Shenoy,26-02-2024,03-03-2024,Porter,Full-time,30,Secondary,15,Urban,Always,2628,438,1,B,0.38
7832-6167-2215,Rekha Gupta,26-02-2024,03-03-2024,Porter,Full-time,38,Secondary,18,Semi-urban,No,3757,626,1,C,0.38
7730-2202-5691,Praveen Chauhan,26-02-2024,03-03-2024,Porter,Part-time,22,Secondary,9,Urban,Sometimes,506,84,1,A,0.38
5022-3638-9422,Naresh Yadav,26-02-2024,03-03-2024,Porter,Part-time,42,Primary,1,Rural,Sometimes,1372,229,1,A,0.38
2118-7729-3810,Rakesh Bhatt,26-02-2024,03-03-2024,Porter,Full-time,45,Primary,8,Semi-urban,Yes,3060,510,1,B,0.38
6505-9684-9306,Meena Sharma,26-02-2024,03-03-2024,Porter,Full-time,38,Secondary,5,Urban,Sometimes,3987,664,1,C,0.38
8344-6419-3058,Bharat Dey,26-02-2024,03-03-2024,Porter,Full-time,22,Secondary,28,Urban,Yes,3587,598,1,C,0.38
8755-1169-5596,Nikhil Qureshi,26-02-2024,03-03-2024,Porter,Full-time,39,Secondary,4,Rural,Always,3312,552,1,B,0.38
7056-7523-1176,Sumit Dave,26-02-2024,03-03-2024,Porter,Full-time,31,Secondary,42,Semi-urban,Yes,2279,380,1,A,0.38
8132-7925-5463,Ritesh Yadav,26-02-2024,03-03-2024,Porter,Full-time,38,Primary,27,Urban,Always,5107,851,1,D,0.38
5822-9364-5125,Aarav Dey,26-02-2024,03-03-2024,Porter,Full-time,23,Secondary,41,Urban,Sometimes,4300,717,1,D,0.38
9265-8584-6075,Seema Parekh,26-02-2024,03-03-2024,Porter,Full-time,41,Primary,48,Semi-urban,Yes,3605,601,1,C,0.38
2607-1089-4413,Sarita Chatterjee,26-02-2024,03-03-2024,Shadowfax,Full-time,41,Secondary,57,Rural,Always,4511,752,1,D,0.33
2878-3901-7066,Anita Das,26-02-2024,03-03-2024,Shadowfax,Full-time,30,Primary,51,Semi-urban,Yes,2742,457,1,B,0.33
9630-7258-4744,Ramesh Bhatt,26-02-2024,03-03-2024,Shadowfax,Part-time,34,Primary,53,Urban,Yes,1585,264,1,A,0.33
9580-8699-5763,Suresh Gowda,26-02-2024,03-03-2024,Shadowfax,Part-time,38,Secondary,30,Semi-urban,Yes,1731,288,1,A,0.33
4058-6841-8721,Harish Trivedi,26-02-2024,03-03-2024,Shadowfax,Full-time,37,Secondary,30,Semi-urban,Sometimes,3993,666,1,C,0.33
3629-6720-4784,Shyam Ansari,26-02-2024,03-03-2024,Shadowfax,Full-time,40,Secondary,38,Rural,No,2511,418,1,A,0.33
7768-5261-1697,Pradeep Qureshi,26-02-2024,03-03-2024,Shadowfax,Full-time,28,Primary,21,Urban,Sometimes,4129,688,1,D,0.33
8788-5209-4660,Laxmi Siddiqui,26-02-2024,03-03-2024,Shadowfax,Part-time,41,Primary,19,Urban,Sometimes,1255,209,1,A,0.33
9736-4560-2907,Naresh Sen,26-02-2024,03-03-2024,Shadowfax,Part-time,22,Secondary,1,Urban,Always,1524,254,1,A,0.33
1968-3875-9262,Ritu Verma,26-02-2024,03-03-2024,Shadowfax,Full-time,20,Secondary,17,Rural,Always,4708,785,1,D,0.33
3102-8397-8216,Pooja Shaikh,26-02-2024,03-03-2024,Shadowfax,Full-time,44,Secondary,28,Semi-urban,Rarely,3556,593,1,C,0.33
1380-6424-7833,Dinesh Bhat,26-02-2024,03-03-2024,Shadowfax,Part-time,37,Primary,42,Urban,No,1113,186,1,A,0.33
8337-3768-6140,Priya Das,26-02-2024,03-03-2024,Shadowfax,Part-time,33,Secondary,38,Urban,Rarely,1488,248,1,A,0.33
8269-1104-6188,Sunita Agarwal,26-02-2024,03-03-2024,Shadowfax,Full-time,32,Secondary,15,Semi-urban,Always,3884,647,1,C,0.33
8020-2921-2114,Lalita Das,26-02-2024,03-03-2024,Shadowfax,Full-time,38,Primary,44,Rural,No,3756,626,1,C,0.33
9350-8578-1054,Anil Qureshi,26-02-2024,03-03-2024,Shadowfax,Full-time,37,Primary,6,Urban,Yes,3534,589,1,C,0.33
4228-8521-1010,Praveen Kamat,26-02-2024,03-03-2024,Shadowfax,Full-time,19,Secondary,3,Urban,Yes,3693,616,1,C,0.33
5992-2170-3781,Umesh Jain,26-02-2024,03-03-2024,Shadowfax,Full-time,43,Primary,2,Urban,No,2740,457,1,B,0.33
9314-1649-6154,Sunita Sen,26-02-2024,03-03-2024,Shadowfax,Full-time,21,Secondary,11,Semi-urban,No,2421,404,1,A,0.33
3896-9225-1083,Suman Bhat,26-02-2024,03-03-2024,Shadowfax,Full-time,30,Secondary,44,Rural,Yes,4189,698,1,D,0.33
4447-8609-7975,Arun Reddy,26-02-2024,03-03-2024,Shadowfax,Full-time,22,Primary,38,Urban,Yes,3437,573,1,B,0.33
3867-4050-2614,Sunil Reddy,26-02-2024,03-03-2024,Shadowfax,Full-time,32,Secondary,38,Urban,Sometimes,3121,520,1,B,0.33
5298-6973-6743,Aarav Naidu,26-02-2024,03-03-2024,Shadowfax,Full-time,40,Secondary,10,Urban,No,4282,714,1,D,0.33
9727-8688-7973,Kapil Jain,26-02-2024,03-03-2024,Shadowfax,Full-time,24,Secondary,21,Semi-urban,Always,4017,670,1,C,0.33
4953-7882-7764,Sunita Ahmed,26-02-2024,03-03-2024,Shadowfax,Full-time,44,Primary,1,Urban,Always,2443,407,1,A,0.33
7421-2430-3385,Vishal Agarwal,26-02-2024,03-03-2024,Shadowfax,Full-time,23,Secondary,8,Semi-urban,Sometimes,2666,444,1,B,0.33
7267-5650-7034,Sarita Paul,26-02-2024,03-03-2024,Shadowfax,Part-time,46,Primary,6,Urban,Yes,1207,201,1,A,0.33
8226-3217-7206,Santosh Sen,26-02-2024,03-03-2024,Shadowfax,Full-time,47,Primary,22,Urban,Always,3326,554,1,B,0.33
6542-5439-2604,Naveen Gupta,26-02-2024,03-03-2024,Shadowfax,Full-time,36,Primary,51,Urban,Yes,3711,618,1,C,0.33
3292-5967-3586,Arun Mukherjee,26-02-2024,03-03-2024,Shadowfax,Full-time,41,Primary,31,Urban,Yes,4260,710,1,D,0.33
2892-7057-9673,Radha Kumar,26-02-2024,03-03-2024,Shadowfax,Full-time,21,Secondary,52,Semi-urban,No,3992,665,1,C,0.33
9567-9290-6285,Mukesh Naidu,26-02-2024,03-03-2024,Shadowfax,Full-time,23,Primary,28,Semi-urban,Sometimes,3300,550,1,B,0.33
6092-5153-1696,Mukesh Mehta,26-02-2024,03-03-2024,Shadowfax,Full-time,31,Secondary,30,Urban,Rarely,3410,568,1,B,0.33
1422-6542-6146,Mahesh Trivedi,26-02-2024,03-03-2024,Shadowfax,Full-time,48,Secondary,23,Urban,Yes,3341,557,1,B,0.33
5900-8868-7961,Kamla Menon,26-02-2024,03-03-2024,Shadowfax,Part-time,46,Primary,5,Urban,Always,2016,336,1,A,0.33
2895-2004-3220,Praveen Roy,26-02-2024,03-03-2024,Shadowfax,Full-time,41,Secondary,3,Urban,No,3183,530,1,B,0.33
8768-2792-9432,Nisha Shetty,26-02-2024,03-03-2024,Shadowfax,Full-time,34,Primary,47,Urban,Always,4091,682,1,C,0.33
2754-5801-8725,Radha Chatterjee,26-02-2024,03-03-2024,Shadowfax,Full-time,26,Primary,36,Semi-urban,Sometimes,3940,657,1,C,0.33
5950-7600-8162,Vinod Yadav,26-02-2024,03-03-2024,Shadowfax,Full-time,37,Primary,41,Urban,No,3697,616,1,C,0.33
4472-3746-2545,Nilesh Mehta,26-02-2024,03-03-2024,Shadowfax,Full-time,33,Primary,36,Rural,Yes,4374,729,1,D,0.33
2640-1363-8065,Vinod Singh,04-03-2024,10-03-2024,Amazon,Full-time,32,Secondary,47,Urban,Sometimes,4164,694,1,D,0.27
6217-9921-2907,Santosh Verma,04-03-2024,10-03-2024,Amazon,Full-time,22,Secondary,17,Urban,Rarely,4472,745,1,D,0.27
7349-3472-7936,Rahul Sharma,04-03-2024,10-03-2024,Amazon,Full-time,38,Secondary,46,Urban,Always,4747,791,1,D,0.27
4112-3965-6397,Arun Patel,04-03-2024,10-03-2024,Amazon,Full-time,40,Secondary,37,Semi-urban,Yes,5500,917,1,D,0.27
2396-3088-2429,Nikhil Banerjee,04-03-2024,10-03-2024,Amazon,Full-time,28,Primary,54,Semi-urban,Yes,3957,660,1,C,0.27
4963-7821-7884,Bharat Bhat,04-03-2024,10-03-2024,Amazon,Full-time,25,Primary,57,Urban,No,5547,924,1,D,0.27
4232-5218-7253,Shanti Trivedi,04-03-2024,10-03-2024,Amazon,Full-time,24,Primary,46,Urban,No,4162,694,1,D,0.27
2746-6763-3672,Sarita Dey,04-03-2024,10-03-2024,Amazon,Full-time,28,Primary,51,Urban,Yes,4564,761,1,D,0.27
1230-1892-1086,Arun Sen,04-03-2024,10-03-2024,Amazon,Full-time,29,Secondary,56,Urban,No,4379,730,1,D,0.27
4387-6738-2811,Seema Sen,04-03-2024,10-03-2024,Amazon,Full-time,29,Primary,4,Rural,Yes,3768,628,1,C,0.27
9265-4321-1594,Girish Rao,04-03-2024,10-03-2024,Amazon,Full-time,38,Secondary,53,Urban,No,4945,824,1,D,0.27
3496-4426-1355,Rakesh Shaikh,04-03-2024,10-03-2024,Amazon,Full-time,45,Primary,5,Urban,Sometimes,4067,678,1,C,0.27
9969-4113-2677,Bharat Naik,04-03-2024,10-03-2024,Amazon,Part-time,39,Primary,49,Urban,Always,1789,298,1,A,0.27
8660-5353-2598,Ajay Kumar,04-03-2024,10-03-2024,Amazon,Full-time,41,Secondary,24,Urban,Sometimes,4239,706,1,D,0.27
3391-4834-2854,Sunil Kumar,04-03-2024,10-03-2024,Amazon,Part-time,39,Primary,45,Urban,Rarely,1684,281,1,A,0.27
6918-6429-4550,Kiran Verma,04-03-2024,10-03-2024,Amazon,Full-time,21,Primary,42,Urban,Yes,4848,808,1,D,0.27
5779-5313-9445,Kavita Nair,04-03-2024,10-03-2024,Amazon,Full-time,36,Secondary,6,Urban,Rarely,1888,315,1,A,0.27
6010-8812-6995,Nisha Malik,04-03-2024,10-03-2024,Amazon,Full-time,28,Primary,4,Urban,Sometimes,5184,864,1,D,0.27
1628-1185-5009,Mahesh Shenoy,04-03-2024,10-03-2024,Amazon,Full-time,22,Secondary,31,Semi-urban,Yes,3778,630,1,C,0.27
1621-9807-5954,Rohit Shetty,04-03-2024,10-03-2024,Amazon,Full-time,22,Secondary,29,Urban,Sometimes,4472,745,1,D,0.27
7558-2428-2814,Suman Reddy,04-03-2024,10-03-2024,Amazon,Part-time,34,Secondary,53,Semi-urban,Sometimes,1740,290,1,A,0.27
1688-6901-4145,Vinod Shaikh,04-03-2024,10-03-2024,Amazon,Full-time,43,Secondary,29,Urban,Sometimes,3581,597,1,C,0.27
4414-1094-1798,Bharat Shaikh,04-03-2024,10-03-2024,Amazon,Part-time,36,Primary,24,Semi-urban,Rarely,1986,331,1,A,0.27
2987-8989-5637,Asha Ahmed,04-03-2024,10-03-2024,Amazon,Full-time,37,Primary,37,Semi-urban,Always,5141,857,1,D,0.27
9046-6192-5651,Nikhil Hegde,04-03-2024,10-03-2024,Amazon,Full-time,23,Primary,50,Urban,Sometimes,4666,778,1,D,0.27
5860-2403-4817,Lalit Tiwari,04-03-2024,10-03-2024,Amazon,Part-time,37,Primary,30,Semi-urban,No,1810,302,1,A,0.27
7800-1547-6954,Ajay Mishra,04-03-2024,10-03-2024,Amazon,Part-time,41,Secondary,2,Urban,Always,2079,346,1,A,0.27
2738-7941-6804,Lalita Sharma,04-03-2024,10-03-2024,Amazon,Full-time,19,Primary,38,Rural,Always,3502,584,1,C,0.27
3256-5540-4851,Shanti Yadav,04-03-2024,10-03-2024,Amazon,Full-time,25,Secondary,12,Urban,Always,5183,864,1,D,0.27
7140-7812-4750,Ganesh Jain,04-03-2024,10-03-2024,Amazon,Full-time,19,Primary,45,Semi-urban,Sometimes,4460,743,1,D,0.27
5573-3048-3614,Neha Trivedi,04-03-2024,10-03-2024,Amazon,Full-time,41,Secondary,6,Rural,Yes,4812,802,1,D,0.27
2206-8886-3158,Bharat Hegde,04-03-2024,10-03-2024,Amazon,Part-time,20,Primary,51,Semi-urban,Sometimes,1990,332,1,A,0.27
4979-6633-5580,Amit Singh,04-03-2024,10-03-2024,Amazon,Part-time,19,Secondary,5,Urban,Sometimes,1523,254,1,A,0.27
6224-4837-3146,Varun Bhatt,04-03-2024,10-03-2024,Amazon,Full-time,33,Secondary,6,Urban,Always,3074,512,1,B,0.27
9548-4920-3613,Sita Hegde,04-03-2024,10-03-2024,Amazon,Full-time,22,Primary,23,Rural,No,4419,736,1,D,0.27
5511-3905-9262,Pushpa Rao,04-03-2024,10-03-2024,Amazon,Full-time,21,Secondary,20,Semi-urban,Yes,5448,908,1,D,0.27
4394-6808-6099,Vimala Shah,04-03-2024,10-03-2024,Amazon,Full-time,40,Secondary,21,Semi-urban,Yes,4244,707,1,D,0.27
4831-4995-7037,Sita Parekh,04-03-2024,10-03-2024,Amazon,Full-time,31,Primary,16,Rural,Always,5297,883,1,D,0.27
1269-6334-3728,Ravi Singh,04-03-2024,10-03-2024,Amazon,Part-time,30,Primary,33,Urban,Always,1772,295,1,A,0.27
3337-7610-1012,Anita Jain,04-03-2024,10-03-2024,Amazon,Full-time,44,Secondary,37,Semi-urban,Sometimes,4295,716,1,D,0.27
4940-1805-6603,Sarita Ali,04-03-2024,10-03-2024,Amazon,Full-time,19,Secondary,54,Semi-urban,Sometimes,4834,806,1,D,0.27
8560-9896-2115,Sumit Kumar,04-03-2024,10-03-2024,Amazon,Full-time,46,Secondary,43,Semi-urban,No,3514,586,1,C,0.27
5451-5314-8283,Kamla Gowda,04-03-2024,10-03-2024,Amazon,Full-time,35,Secondary,42,Urban,Yes,4731,788,1,D,0.27
1380-5070-5438,Ritesh Patel,04-03-2024,10-03-2024,Amazon,Full-time,41,Secondary,9,Urban,Yes,4066,678,1,C,0.27
4609-9133-4819,Amit Mishra,04-03-2024,10-03-2024,Amazon,Part-time,24,Secondary,16,Urban,Sometimes,1447,241,1,A,0.27
3459-1579-8738,Tarun Naidu,04-03-2024,10-03-2024,Amazon,Full-time,33,Secondary,43,Rural,Sometimes,4885,814,1,D,0.27
7329-6865-6886,Harish Kumar,04-03-2024,10-03-2024,Amazon,Part-time,25,Secondary,36,Urban,Yes,982,164,1,A,0.27
6936-2496-9328,Sunil Bhat,04-03-2024,10-03-2024,Amazon,Part-time,32,Secondary,21,Rural,No,1969,328,1,A,0.27
6595-2186-8035,Ramesh Paul,04-03-2024,10-03-2024,Amazon,Full-time,27,Primary,32,Semi-urban,Always,4033,672,1,C,0.27
1364-5726-7613,Dinesh Shah,04-03-2024,10-03-2024,Amazon,Full-time,47,Secondary,47,Urban,Always,3813,636,1,C,0.27
4231-2372-4282,Varun Shah,04-03-2024,10-03-2024,Amazon,Part-time,39,Secondary,25,Urban,Sometimes,1834,306,1,A,0.27
1639-9454-1738,Padma Bose,04-03-2024,10-03-2024,Amazon,Full-time,48,Primary,5,Urban,No,5220,870,1,D,0.27
1365-1216-3667,Ravi Gupta,04-03-2024,10-03-2024,Amazon,Full-time,33,Secondary,52,Urban,Yes,3220,537,1,B,0.27
9585-7551-1282,Sita Chauhan,04-03-2024,10-03-2024,Amazon,Full-time,45,Secondary,34,Urban,Yes,4127,688,1,D,0.27
2440-9742-5006,Lalit Hegde,04-03-2024,10-03-2024,Amazon,Full-time,40,Primary,16,Rural,Yes,5581,930,1,D,0.27
8119-5398-8401,Deepak Amin,04-03-2024,10-03-2024,Amazon,Full-time,33,Primary,30,Urban,No,4569,762,1,D,0.27
9536-5487-9929,Ramesh Jain,04-03-2024,10-03-2024,Amazon,Full-time,32,Secondary,56,Urban,Yes,4540,757,1,D,0.27
9275-1761-4737,Lalita Bose,04-03-2024,10-03-2024,Amazon,Full-time,38,Primary,28,Semi-urban,Always,4075,679,1,D,0.27
3473-5694-9734,Sanjay Hegde,04-03-2024,10-03-2024,Amazon,Full-time,46,Secondary,25,Rural,No,4790,798,1,D,0.27
8538-5651-3019,Usha Qureshi,04-03-2024,10-03-2024,Amazon,Full-time,29,Primary,52,Urban,No,5105,851,1,D,0.27
5851-9238-5792,Deepak Iyer,04-03-2024,10-03-2024,Amazon,Full-time,25,Secondary,35,Urban,Yes,4424,737,1,D,0.27
1995-4204-5323,Yogesh Rajput,04-03-2024,10-03-2024,Amazon,Full-time,46,Primary,49,Semi-urban,No,3355,559,1,B,0.27
9066-5812-5044,Neha Malik,04-03-2024,10-03-2024,Amazon,Full-time,44,Secondary,29,Semi-urban,Always,3688,615,1,C,0.27
8466-1900-4700,Kavita Shenoy,04-03-2024,10-03-2024,Amazon,Full-time,24,Primary,1,Semi-urban,No,4130,688,1,D,0.27
2676-1661-7233,Kamla Ansari,04-03-2024,10-03-2024,Amazon,Full-time,42,Primary,60,Semi-urban,Yes,5194,866,1,D,0.27
9729-5078-9709,Shanti Pandey,04-03-2024,10-03-2024,Amazon,Full-time,22,Secondary,28,Urban,Sometimes,5020,837,1,D,0.27
9735-7101-8282,Deepak Naik,04-03-2024,10-03-2024,Amazon,Full-time,36,Primary,55,Semi-urban,Sometimes,4995,832,1,D,0.27
3378-9204-6948,Arun Das,04-03-2024,10-03-2024,Amazon,Full-time,47,Primary,41,Urban,Sometimes,4452,742,1,D,0.27
5550-7560-6627,Ritu Ahmed,04-03-2024,10-03-2024,Amazon,Full-time,37,Primary,59,Semi-urban,Sometimes,4508,751,1,D,0.27
4864-3874-7119,Divya Chatterjee,04-03-2024,10-03-2024,Amazon,Full-time,38,Primary,32,Rural,Always,2792,465,1,B,0.27
8031-8567-1256,Sanjay Ghosh,04-03-2024,10-03-2024,Ekart,Part-time,45,Secondary,60,Semi-urban,No,1982,330,1,A,0.31
7934-9201-3568,Satish Modi,04-03-2024,10-03-2024,Ekart,Full-time,33,Secondary,22,Semi-urban,Yes,4077,680,1,D,0.31
9840-7391-1437,Yogesh Kumar,04-03-2024,10-03-2024,Ekart,Full-time,26,Secondary,32,Semi-urban,No,2646,441,1,B,0.31
7001-5659-2958,Amit Mehta,04-03-2024,10-03-2024,Ekart,Full-time,36,Primary,41,Semi-urban,Yes,4074,679,1,D,0.31
9007-1153-6548,Shyam Parekh,04-03-2024,10-03-2024,Ekart,Full-time,24,Secondary,44,Semi-urban,No,3674,612,1,C,0.31
9232-9765-9480,Vinod Shah,04-03-2024,10-03-2024,Ekart,Full-time,40,Secondary,31,Urban,Yes,5019,836,1,D,0.31
7075-6470-5726,Prakash Khan,04-03-2024,10-03-2024,Ekart,Full-time,26,Secondary,11,Rural,Always,4074,679,1,D,0.31
4647-4190-4886,Sachin Patel,04-03-2024,10-03-2024,Ekart,Full-time,23,Secondary,60,Urban,No,4354,726,1,D,0.31
8832-1295-6372,Geeta Rajput,04-03-2024,10-03-2024,Ekart,Part-time,41,Secondary,4,Urban,Yes,1176,196,1,A,0.31
9459-3589-3492,Naresh Naidu,04-03-2024,10-03-2024,Ekart,Part-time,26,Secondary,54,Semi-urban,No,795,132,1,A,0.31
5123-7434-5080,Tarun Amin,04-03-2024,10-03-2024,Ekart,Full-time,44,Primary,4,Urban,Always,3015,502,1,B,0.31
9998-1196-2904,Prakash Ahmed,04-03-2024,10-03-2024,Ekart,Full-time,27,Secondary,18,Semi-urban,Sometimes,4741,790,1,D,0.31
2768-8501-8984,Praveen Banerjee,04-03-2024,10-03-2024,Ekart,Full-time,43,Secondary,2,Rural,Sometimes,3415,569,1,B,0.31
2599-6664-4192,Pradeep Shah,04-03-2024,10-03-2024,Ekart,Full-time,22,Primary,15,Semi-urban,Always,4263,710,1,D,0.31
1502-7401-9940,Ravi Patel,04-03-2024,10-03-2024,Ekart,Full-time,24,Primary,39,Semi-urban,Sometimes,3486,581,1,C,0.31
7668-7974-4742,Sita Islam,04-03-2024,10-03-2024,Ekart,Full-time,40,Secondary,5,Rural,Yes,4371,728,1,D,0.31
2648-8281-8986,Shanti Rao,04-03-2024,10-03-2024,Ekart,Full-time,25,Secondary,43,Urban,Rarely,3259,543,1,B,0.31
9157-3668-4315,Mamta Iyer,04-03-2024,10-03-2024,Ekart,Full-time,46,Secondary,33,Urban,Always,3838,640,1,C,0.31
8573-6512-1728,Padma Thakur,04-03-2024,10-03-2024,Ekart,Full-time,43,Secondary,46,Semi-urban,Yes,4469,745,1,D,0.31
6804-8724-6821,Mamta Paul,04-03-2024,10-03-2024,Ekart,Part-time,30,Secondary,23,Semi-urban,Always,753,126,1,A,0.31
1455-5435-7016,Rajesh Hegde,04-03-2024,10-03-2024,Ekart,Full-time,39,Secondary,37,Urban,Yes,4612,769,1,D,0.31
9023-1820-1936,Rajesh Shah,04-03-2024,10-03-2024,Ekart,Full-time,30,Secondary,16,Semi-urban,No,3502,584,1,C,0.31
9112-3293-1037,Vimala Chatterjee,04-03-2024,10-03-2024,Ekart,Full-time,24,Secondary,22,Semi-urban,Yes,4289,715,1,D,0.31
3500-9794-9532,Asha Khan,04-03-2024,10-03-2024,Ekart,Full-time,38,Primary,35,Urban,Sometimes,4241,707,1,D,0.31
7911-2412-1499,Vishal Bhat,04-03-2024,10-03-2024,Ekart,Full-time,46,Primary,1,Urban,Yes,3488,581,1,C,0.31
5458-2600-8079,Aarav Ahmed,04-03-2024,10-03-2024,Ekart,Part-time,44,Secondary,14,Rural,Sometimes,1149,192,1,A,0.31
2609-2674-1106,Anil Sharma,04-03-2024,10-03-2024,Ekart,Full-time,32,Secondary,59,Semi-urban,Yes,3145,524,1,B,0.31
8312-9891-3626,Vimala Modi,04-03-2024,10-03-2024,Ekart,Full-time,22,Primary,24,Semi-urban,Sometimes,3430,572,1,B,0.31
4346-3791-1321,Rohit Siddiqui,04-03-2024,10-03-2024,Ekart,Full-time,26,Primary,37,Urban,Always,4694,782,1,D,0.31
5196-4344-8856,Asha Modi,04-03-2024,10-03-2024,Ekart,Part-time,23,Secondary,26,Urban,Sometimes,1109,185,1,A,0.31
6495-6067-6597,Naveen Ansari,04-03-2024,10-03-2024,Ekart,Full-time,37,Primary,46,Urban,Rarely,4521,754,1,D,0.31
5470-2093-5454,Usha Rajput,04-03-2024,10-03-2024,Ekart,Full-time,26,Primary,20,Urban,No,4606,768,1,D,0.31
5023-2669-6392,Tarun Modi,04-03-2024,10-03-2024,Ekart,Part-time,44,Secondary,50,Urban,No,1978,330,1,A,0.31
5636-9843-4026,Dinesh Naidu,04-03-2024,10-03-2024,Ekart,Full-time,40,Secondary,7,Urban,Sometimes,4386,731,1,D,0.31
2669-7347-6948,Nilesh Ansari,04-03-2024,10-03-2024,Ekart,Full-time,24,Primary,58,Rural,Sometimes,4254,709,1,D,0.31
2256-9496-1522,Nikhil Pillai,04-03-2024,10-03-2024,Ekart,Full-time,48,Primary,59,Urban,No,3561,594,1,C,0.31
1123-4845-3631,Vijay Modi,04-03-2024,10-03-2024,Ekart,Full-time,41,Primary,7,Semi-urban,Sometimes,4577,763,1,D,0.31
9742-4652-9363,Radha Shaikh,04-03-2024,10-03-2024,Ekart,Full-time,31,Primary,22,Rural,Yes,4018,670,1,C,0.31
6542-9149-1032,Sarita Yadav,04-03-2024,10-03-2024,Ekart,Full-time,41,Secondary,4,Rural,Yes,4166,694,1,D,0.31
3324-7953-1844,Vijay Sharma,04-03-2024,10-03-2024,Ekart,Full-time,25,Secondary,1,Urban,Yes,3341,557,1,B,0.31
6048-4906-2910,Sarita Modi,04-03-2024,10-03-2024,Ekart,Full-time,28,Secondary,58,Urban,No,2948,491,1,B,0.31
9894-9893-6612,Nilesh Shenoy,04-03-2024,10-03-2024,Ekart,Full-time,39,Secondary,34,Urban,No,3563,594,1,C,0.31
3807-7792-5341,Rohit Khan,04-03-2024,10-03-2024,Ekart,Full-time,43,Primary,50,Urban,Yes,4187,698,1,D,0.31
7699-7037-7589,Meena Gupta,04-03-2024,10-03-2024,Ekart,Full-time,22,Secondary,29,Urban,Yes,3779,630,1,C,0.31
4001-7245-3685,Savita Bhatt,04-03-2024,10-03-2024,Ekart,Part-time,34,Primary,47,Urban,Rarely,1233,206,1,A,0.31
5680-3005-5418,Sachin Das,04-03-2024,10-03-2024,Ekart,Full-time,20,Secondary,28,Rural,No,3929,655,1,C,0.31
1837-1339-6538,Mahesh Malik,04-03-2024,10-03-2024,Ekart,Full-time,39,Primary,6,Semi-urban,Always,5079,846,1,D,0.31
5558-9721-7990,Mamta Sen,04-03-2024,10-03-2024,Ekart,Full-time,21,Primary,1,Urban,Sometimes,3694,616,1,C,0.31
3760-1701-2126,Vinod Hussain,04-03-2024,10-03-2024,Ekart,Full-time,22,Primary,34,Semi-urban,Sometimes,4662,777,1,D,0.31
1512-9860-3209,Umesh Amin,04-03-2024,10-03-2024,Ekart,Full-time,20,Primary,24,Rural,Sometimes,3754,626,1,C,0.31
2927-5069-5480,Usha Siddiqui,04-03-2024,10-03-2024,Ekart,Part-time,31,Primary,40,Semi-urban,No,2561,427,1,A,0.31
3667-7876-6594,Naresh Bhat,04-03-2024,10-03-2024,Ekart,Part-time,24,Primary,35,Rural,Sometimes,2413,402,1,A,0.31
7125-2311-2980,Manoj Reddy,04-03-2024,10-03-2024,Ekart,Full-time,39,Secondary,22,Semi-urban,Rarely,3940,657,1,C,0.31
4277-5990-6396,Varun Gupta,04-03-2024,10-03-2024,Ekart,Full-time,32,Secondary,59,Semi-urban,Sometimes,3049,508,1,B,0.31
6196-3764-4181,Ganesh Kumar,04-03-2024,10-03-2024,Ekart,Full-time,47,Secondary,7,Urban,No,4546,758,1,D,0.31
6808-5031-5191,Manoj Siddiqui,04-03-2024,10-03-2024,Ekart,Part-time,28,Primary,9,Semi-urban,Sometimes,984,164,1,A,0.31
2906-1935-9229,Dinesh Chatterjee,04-03-2024,10-03-2024,Ekart,Full-time,40,Primary,60,Semi-urban,Yes,4815,802,1,D,0.31
5134-6438-5831,Rahul Pandey,04-03-2024,10-03-2024,Ekart,Full-time,21,Primary,2,Urban,Yes,3765,628,1,C,0.31
2166-1879-8599,Dinesh Modi,04-03-2024,10-03-2024,Ekart,Full-time,32,Secondary,33,Urban,No,4122,687,1,D,0.31
5400-6850-2940,Laxmi Tiwari,04-03-2024,10-03-2024,Ekart,Full-time,22,Secondary,17,Urban,Sometimes,3352,559,1,B,0.31
5612-8502-8582,Shanti Naidu,04-03-2024,10-03-2024,Delhivery,Full-time,20,Primary,42,Urban,Sometimes,4356,726,1,D,0.36
1099-3113-2449,Anita Bhatt,04-03-2024,10-03-2024,Delhivery,Full-time,34,Primary,15,Semi-urban,Sometimes,3564,594,1,C,0.36
5987-3835-6925,Satish Thakur,04-03-2024,10-03-2024,Delhivery,Full-time,32,Secondary,34,Rural,Yes,3537,590,1,C,0.36
7430-9674-5855,Bharat Banerjee,04-03-2024,10-03-2024,Delhivery,Full-time,37,Secondary,43,Urban,No,4025,671,1,C,0.36
4644-7327-8179,Anita Paul,04-03-2024,10-03-2024,Delhivery,Full-time,33,Secondary,12,Semi-urban,Yes,2932,489,1,B,0.36
1862-9944-7412,Durga Bhatt,04-03-2024,10-03-2024,Delhivery,Full-time,47,Secondary,50,Semi-urban,Sometimes,3855,642,1,C,0.36
1981-3769-1663,Vishal Shetty,04-03-2024,10-03-2024,Delhivery,Full-time,45,Primary,20,Urban,Always,4450,742,1,D,0.36
6738-4064-3147,Rakesh Mukherjee,04-03-2024,10-03-2024,Delhivery,Full-time,30,Primary,31,Urban,No,3900,650,1,C,0.36
2583-6357-3282,Anita Modi,04-03-2024,10-03-2024,Delhivery,Part-time,38,Secondary,24,Semi-urban,No,980,163,1,A,0.36
7249-3187-7723,Mohit Ali,04-03-2024,10-03-2024,Delhivery,Part-time,41,Secondary,20,Urban,Yes,607,101,1,A,0.36
3877-9342-5256,Sumit Ali,04-03-2024,10-03-2024,Delhivery,Part-time,32,Primary,14,Urban,Yes,2317,386,1,A,0.36
8071-8576-8329,Divya Trivedi,04-03-2024,10-03-2024,Delhivery,Full-time,35,Secondary,59,Semi-urban,Always,3698,616,1,C,0.36
2719-1252-7336,Ritu Kamat,04-03-2024,10-03-2024,Delhivery,Full-time,25,Secondary,5,Semi-urban,Yes,4257,710,1,D,0.36
8418-4502-8986,Rakesh Desai,04-03-2024,10-03-2024,Delhivery,Full-time,42,Primary,52,Urban,No,3580,597,1,C,0.36
6748-8511-4875,Mukesh Joshi,04-03-2024,10-03-2024,Delhivery,Full-time,21,Secondary,5,Semi-urban,Yes,3143,524,1,B,0.36
5797-8603-4104,Lalita Modi,04-03-2024,10-03-2024,Delhivery,Full-time,24,Secondary,47,Urban,Sometimes,4224,704,1,D,0.36
1913-1753-6591,Satish Shenoy,04-03-2024,10-03-2024,Delhivery,Part-time,43,Primary,1,Urban,Yes,1737,290,1,A,0.36
6979-9831-3279,Praveen Rajput,04-03-2024,10-03-2024,Delhivery,Part-time,20,Secondary,7,Semi-urban,Always,1980,330,1,A,0.36
8500-8289-9537,Nilesh Sharma,04-03-2024,10-03-2024,Delhivery,Full-time,38,Secondary,38,Rural,No,3566,594,1,C,0.36
2684-6961-3879,Sunil Malik,04-03-2024,10-03-2024,Delhivery,Part-time,47,Secondary,40,Rural,Always,1762,294,1,A,0.36
1321-5336-5256,Shyam Trivedi,04-03-2024,10-03-2024,Delhivery,Part-time,24,Primary,23,Semi-urban,Sometimes,2331,388,1,A,0.36
7726-2862-8823,Vimala Pillai,04-03-2024,10-03-2024,Delhivery,Full-time,19,Secondary,15,Urban,Yes,3479,580,1,C,0.36
5864-6629-8835,Lokesh Verma,04-03-2024,10-03-2024,Delhivery,Full-time,36,Primary,50,Urban,No,3297,550,1,B,0.36
5998-6165-6950,Sarita Ahmed,04-03-2024,10-03-2024,Delhivery,Full-time,26,Secondary,54,Semi-urban,Yes,3352,559,1,B,0.36
9788-6499-1889,Padma Sharma,04-03-2024,10-03-2024,Delhivery,Full-time,41,Secondary,24,Rural,Yes,3572,595,1,C,0.36
2700-7445-8892,Ajay Das,04-03-2024,10-03-2024,Delhivery,Full-time,43,Primary,41,Urban,Yes,3284,547,1,B,0.36
5958-1314-4063,Suman Tiwari,04-03-2024,10-03-2024,Delhivery,Full-time,30,Primary,44,Semi-urban,Yes,2882,480,1,B,0.36
9329-4417-7309,Rekha Poojary,04-03-2024,10-03-2024,Delhivery,Full-time,22,Secondary,43,Rural,Yes,3944,657,1,C,0.36
9126-8412-3795,Vinod Islam,04-03-2024,10-03-2024,Delhivery,Full-time,33,Secondary,3,Rural,Yes,3470,578,1,B,0.36
6040-5876-8389,Manoj Dave,04-03-2024,10-03-2024,Delhivery,Full-time,19,Secondary,45,Semi-urban,No,3454,576,1,B,0.36
4643-9689-6282,Nisha Rajput,04-03-2024,10-03-2024,Delhivery,Full-time,38,Secondary,34,Semi-urban,Yes,4059,676,1,C,0.36
1987-5547-7635,Kapil Dey,04-03-2024,10-03-2024,Delhivery,Full-time,24,Secondary,59,Semi-urban,Always,2621,437,1,B,0.36
6333-7245-1404,Ritu Gupta,04-03-2024,10-03-2024,Delhivery,Full-time,27,Secondary,28,Urban,Yes,3631,605,1,C,0.36
8117-7929-8772,Lalit Malik,04-03-2024,10-03-2024,Delhivery,Full-time,25,Primary,50,Semi-urban,No,5166,861,1,D,0.36
7602-3934-5871,Mohit Amin,04-03-2024,10-03-2024,Delhivery,Full-time,25,Secondary,32,Urban,Always,3956,659,1,C,0.36
7125-8727-2057,Harish Joshi,04-03-2024,10-03-2024,Delhivery,Part-time,27,Primary,48,Urban,Sometimes,929,155,1,A,0.36
5999-8346-6133,Varun Reddy,04-03-2024,10-03-2024,Delhivery,Part-time,23,Primary,12,Urban,Yes,2003,334,1,A,0.36
6290-1666-2434,Ravi Ahmed,04-03-2024,10-03-2024,Delhivery,Full-time,30,Primary,50,Rural,Yes,4204,701,1,D,0.36
5492-8199-8516,Ritu Amin,04-03-2024,10-03-2024,Delhivery,Full-time,22,Primary,23,Semi-urban,Always,4209,702,1,D,0.36
2973-6073-4036,Nikhil Dave,04-03-2024,10-03-2024,Delhivery,Full-time,45,Primary,49,Urban,Sometimes,3799,633,1,C,0.36
4899-1022-7211,Amit Reddy,04-03-2024,10-03-2024,Delhivery,Full-time,27,Secondary,26,Rural,Sometimes,4875,812,1,D,0.36
8511-7298-3740,Radha Das,04-03-2024,10-03-2024,Delhivery,Full-time,21,Primary,19,Urban,Sometimes,3609,602,1,C,0.36
6604-7654-9546,Naveen Modi,04-03-2024,10-03-2024,Delhivery,Part-time,40,Primary,49,Semi-urban,No,1227,204,1,A,0.36
8461-5366-9651,Nilesh Gowda,04-03-2024,10-03-2024,Delhivery,Full-time,42,Primary,40,Urban,Sometimes,3949,658,1,C,0.36
3775-9974-6275,Rahul Thakur,04-03-2024,10-03-2024,Delhivery,Full-time,35,Primary,35,Semi-urban,No,3532,589,1,C,0.36
4276-2010-6228,Lalita Hussain,04-03-2024,10-03-2024,Delhivery,Full-time,48,Primary,29,Rural,No,4248,708,1,D,0.36
2116-3067-1674,Rekha Desai,04-03-2024,10-03-2024,Delhivery,Full-time,42,Secondary,57,Semi-urban,Yes,2537,423,1,A,0.36
8631-3121-8268,Rohit Chatterjee,04-03-2024,10-03-2024,Delhivery,Full-time,30,Primary,39,Urban,Yes,3472,579,1,B,0.36
6753-1346-5760,Shanti Amin,04-03-2024,10-03-2024,Delhivery,Part-time,22,Primary,17,Urban,Always,1963,327,1,A,0.36
5109-9416-5088,Vijay Khan,04-03-2024,10-03-2024,Delhivery,Full-time,38,Secondary,43,Semi-urban,No,2477,413,1,A,0.36
2886-9417-5363,Prakash Shetty,04-03-2024,10-03-2024,Delhivery,Full-time,38,Secondary,11,Urban,Yes,2919,486,1,B,0.36
5560-9189-6749,Gaurav Kumar,04-03-2024,10-03-2024,Delhivery,Full-time,43,Secondary,41,Semi-urban,Always,4280,713,1,D,0.36
5947-6172-5000,Asha Jain,04-03-2024,10-03-2024,Delhivery,Full-time,45,Primary,58,Urban,Always,3002,500,1,B,0.36
6777-3439-5887,Sunil Bhatt,04-03-2024,10-03-2024,Delhivery,Full-time,43,Primary,21,Urban,Rarely,3376,563,1,B,0.36
7793-4934-6349,Vijay Thakur,04-03-2024,10-03-2024,Delhivery,Full-time,29,Primary,29,Semi-urban,Rarely,4400,733,1,D,0.36
2438-2387-9170,Priya Chatterjee,04-03-2024,10-03-2024,Dunzo,Part-time,34,Secondary,19,Semi-urban,Always,987,164,1,A,0.42
7487-4851-1905,Rakesh Thakur,04-03-2024,10-03-2024,Dunzo,Full-time,41,Secondary,21,Urban,Sometimes,2666,444,1,B,0.42
9828-2159-3406,Aarav Roy,04-03-2024,10-03-2024,Dunzo,Full-time,28,Secondary,19,Urban,Sometimes,4324,721,1,D,0.42
4061-2308-3601,Pradeep Shaikh,04-03-2024,10-03-2024,Dunzo,Full-time,25,Secondary,35,Semi-urban,Sometimes,4544,757,1,D,0.42
4619-6601-6408,Padma Bhatt,04-03-2024,10-03-2024,Dunzo,Full-time,41,Secondary,37,Urban,Yes,2612,435,1,B,0.42
8919-3727-2053,Praveen Bhat,04-03-2024,10-03-2024,Dunzo,Full-time,47,Primary,17,Urban,Always,3331,555,1,B,0.42
9481-2654-9452,Kapil Hegde,04-03-2024,10-03-2024,Dunzo,Full-time,33,Primary,22,Semi-urban,Always,3300,550,1,B,0.42
1572-1323-3492,Mohit Naidu,04-03-2024,10-03-2024,Dunzo,Part-time,47,Secondary,3,Urban,Yes,1385,231,1,A,0.42
1660-7607-3971,Manoj Trivedi,04-03-2024,10-03-2024,Dunzo,Full-time,30,Primary,40,Urban,Rarely,3444,574,1,B,0.42
5227-8577-1307,Radha Iyer,04-03-2024,10-03-2024,Dunzo,Full-time,38,Secondary,25,Urban,Yes,3574,596,1,C,0.42
6771-6236-7161,Yogesh Dave,04-03-2024,10-03-2024,Dunzo,Full-time,20,Primary,58,Rural,Yes,3294,549,1,B,0.42
4465-4777-3713,Kavita Hegde,04-03-2024,10-03-2024,Dunzo,Part-time,29,Secondary,32,Urban,Sometimes,1075,179,1,A,0.42
5974-2046-1311,Suman Malik,04-03-2024,10-03-2024,Dunzo,Part-time,23,Secondary,36,Urban,Always,2005,334,1,A,0.42
9980-6047-2819,Rajesh Malik,04-03-2024,10-03-2024,Dunzo,Full-time,33,Secondary,38,Semi-urban,Yes,3479,580,1,C,0.42
4208-2014-8395,Usha Shaikh,04-03-2024,10-03-2024,Dunzo,Part-time,22,Primary,20,Semi-urban,Sometimes,937,156,1,A,0.42
6323-9581-2367,Mukesh Rao,04-03-2024,10-03-2024,Dunzo,Full-time,43,Secondary,26,Urban,Yes,4057,676,1,C,0.42
1499-5584-7603,Sunil Menon,04-03-2024,10-03-2024,Dunzo,Part-time,48,Secondary,10,Rural,Always,1199,200,1,A,0.42
8357-6432-9198,Girish Tiwari,04-03-2024,10-03-2024,Dunzo,Full-time,19,Primary,39,Semi-urban,No,3530,588,1,C,0.42
9040-5914-4655,Savita Parekh,04-03-2024,10-03-2024,Dunzo,Full-time,20,Primary,39,Urban,Sometimes,2351,392,1,A,0.42
5109-8274-1285,Lalita Ali,04-03-2024,10-03-2024,Dunzo,Full-time,29,Primary,29,Urban,Sometimes,3744,624,1,C,0.42
9261-9046-1608,Rekha Bose,04-03-2024,10-03-2024,Dunzo,Full-time,34,Secondary,59,Semi-urban,Yes,3946,658,1,C,0.42
4854-1032-1196,Suresh Naidu,04-03-2024,10-03-2024,Dunzo,Part-time,23,Primary,14,Semi-urban,Rarely,1737,290,1,A,0.42
6835-4327-9739,Dinesh Reddy,04-03-2024,10-03-2024,Dunzo,Full-time,44,Secondary,25,Semi-urban,Always,3599,600,1,C,0.42
3364-2196-6398,Padma Shenoy,04-03-2024,10-03-2024,Dunzo,Full-time,39,Secondary,5,Semi-urban,No,3394,566,1,B,0.42
7671-6836-1676,Radha Ahmed,04-03-2024,10-03-2024,Dunzo,Full-time,38,Primary,36,Semi-urban,Always,2690,448,1,B,0.42
8126-4230-6414,Divya Mehta,04-03-2024,10-03-2024,Dunzo,Full-time,19,Secondary,28,Semi-urban,Sometimes,3177,530,1,B,0.42
4180-9572-8985,Lalita Parekh,04-03-2024,10-03-2024,Dunzo,Full-time,27,Secondary,25,Rural,No,3170,528,1,B,0.42
5079-3646-3077,Ritesh Nair,04-03-2024,10-03-2024,Dunzo,Full-time,47,Secondary,50,Urban,Yes,2811,468,1,B,0.42
2400-3376-3339,Rohit Mehta,04-03-2024,10-03-2024,Dunzo,Full-time,39,Primary,54,Rural,Sometimes,2344,391,1,A,0.42
9920-4026-7185,Vimala Bose,04-03-2024,10-03-2024,Dunzo,Full-time,23,Secondary,35,Urban,Yes,2401,400,1,A,0.42
3686-5049-4800,Sarita Khan,04-03-2024,10-03-2024,Dunzo,Part-time,27,Secondary,48,Semi-urban,Yes,1289,215,1,A,0.42
3934-5542-7702,Suresh Shah,04-03-2024,10-03-2024,Dunzo,Full-time,31,Secondary,34,Urban,Rarely,3231,538,1,B,0.42
6135-4805-5605,Naveen Chauhan,04-03-2024,10-03-2024,Dunzo,Full-time,21,Secondary,59,Urban,Sometimes,3307,551,1,B,0.42
4448-5403-1398,Sunita Dave,04-03-2024,10-03-2024,Dunzo,Full-time,28,Primary,52,Urban,No,2568,428,1,A,0.42
4708-8668-8628,Usha Ahmed,04-03-2024,10-03-2024,Dunzo,Full-time,37,Secondary,12,Semi-urban,Yes,2900,483,1,B,0.42
2335-9611-1121,Gaurav Patel,04-03-2024,10-03-2024,Dunzo,Full-time,39,Secondary,6,Semi-urban,Always,2730,455,1,B,0.42
8070-7613-1909,Santosh Shaikh,04-03-2024,10-03-2024,Dunzo,Part-time,39,Primary,28,Semi-urban,Always,1225,204,1,A,0.42
1595-1805-3262,Nilesh Bhatt,04-03-2024,10-03-2024,Dunzo,Full-time,26,Secondary,40,Semi-urban,Yes,2168,361,1,A,0.42
1015-6502-4755,Kamla Poojary,04-03-2024,10-03-2024,Dunzo,Full-time,20,Secondary,30,Urban,Sometimes,3096,516,1,B,0.42
6417-3646-4360,Praveen Dave,04-03-2024,10-03-2024,Dunzo,Part-time,34,Primary,9,Urban,No,1578,263,1,A,0.42
4302-3011-7837,Rohit Jain,04-03-2024,10-03-2024,Dunzo,Part-time,28,Secondary,42,Urban,Sometimes,1070,178,1,A,0.42
2024-2715-9869,Anita Reddy,04-03-2024,10-03-2024,Dunzo,Part-time,31,Primary,10,Urban,Sometimes,1208,201,1,A,0.42
2042-5833-8155,Vishal Menon,04-03-2024,10-03-2024,Dunzo,Full-time,46,Primary,55,Rural,Sometimes,3351,558,1,B,0.42
4113-3235-5227,Radha Ghosh,04-03-2024,10-03-2024,Dunzo,Full-time,32,Secondary,4,Semi-urban,Sometimes,3567,594,1,C,0.42
5386-8233-5206,Sumit Shaikh,04-03-2024,10-03-2024,Dunzo,Part-time,38,Secondary,58,Urban,No,857,143,1,A,0.42
6469-9036-6851,Arjun Mishra,04-03-2024,10-03-2024,Dunzo,Part-time,32,Secondary,52,Semi-urban,Sometimes,327,54,1,A,0.42
4332-3345-5245,Rahul Mehta,04-03-2024,10-03-2024,Dunzo,Full-time,19,Primary,54,Rural,Sometimes,4131,688,1,D,0.42
9828-6083-7369,Geeta Rao,04-03-2024,10-03-2024,Dunzo,Full-time,40,Primary,3,Urban,Yes,3748,625,1,C,0.42
2315-5565-2950,Aarav Thakur,04-03-2024,10-03-2024,Dunzo,Full-time,22,Secondary,17,Urban,Yes,3228,538,1,B,0.42
6432-7615-2711,Harish Singh,04-03-2024,10-03-2024,Dunzo,Part-time,35,Primary,59,Semi-urban,Always,984,164,1,A,0.42
5261-6367-8576,Rohit Joshi,04-03-2024,10-03-2024,Zepto,Full-time,31,Primary,55,Urban,Sometimes,2873,479,1,B,0.44
9114-9868-9592,Ajay Dey,04-03-2024,10-03-2024,Zepto,Part-time,22,Primary,32,Urban,Rarely,2059,343,1,A,0.44
7614-1219-4858,Ritu Paul,04-03-2024,10-03-2024,Zepto,Full-time,32,Secondary,3,Rural,Sometimes,3626,604,1,C,0.44
6718-8442-3547,Mahesh Tiwari,04-03-2024,10-03-2024,Zepto,Full-time,29,Secondary,50,Semi-urban,Sometimes,3361,560,1,B,0.44
9271-8904-1121,Neha Kamat,04-03-2024,10-03-2024,Zepto,Full-time,44,Secondary,33,Semi-urban,Sometimes,2842,474,1,B,0.44
9774-7544-4734,Padma Hussain,04-03-2024,10-03-2024,Zepto,Full-time,42,Secondary,48,Urban,Yes,2949,492,1,B,0.44
3757-5533-8291,Arun Bose,04-03-2024,10-03-2024,Zepto,Part-time,36,Primary,59,Rural,Yes,1028,171,1,A,0.44
3700-8975-8328,Vishal Parekh,04-03-2024,10-03-2024,Zepto,Full-time,40,Secondary,23,Urban,Always,3474,579,1,B,0.44
6658-1837-7096,Ritu Parekh,04-03-2024,10-03-2024,Zepto,Full-time,26,Primary,40,Semi-urban,Yes,3950,658,1,C,0.44
6600-9402-1991,Rahul Khan,04-03-2024,10-03-2024,Zepto,Full-time,34,Primary,11,Urban,Yes,3186,531,1,B,0.44
5175-3095-2616,Ravi Iyer,04-03-2024,10-03-2024,Zepto,Full-time,34,Secondary,19,Urban,Always,2888,481,1,B,0.44
4226-2988-5451,Naveen Bhat,04-03-2024,10-03-2024,Zepto,Full-time,28,Secondary,16,Urban,Always,3300,550,1,B,0.44
8962-1833-2315,Sumit Naik,04-03-2024,10-03-2024,Zepto,Full-time,42,Secondary,37,Urban,Yes,4208,701,1,D,0.44
6581-1385-9779,Kapil Patel,04-03-2024,10-03-2024,Zepto,Part-time,21,Secondary,48,Urban,Yes,928,155,1,A,0.44
1316-3182-3102,Dinesh Menon,04-03-2024,10-03-2024,Zepto,Full-time,19,Primary,19,Rural,Yes,2681,447,1,B,0.44
5279-6760-1948,Ritu Chatterjee,04-03-2024,10-03-2024,Zepto,Part-time,41,Primary,16,Urban,Sometimes,1125,188,1,A,0.44
6684-1843-4043,Anil Thakur,04-03-2024,10-03-2024,Zepto,Full-time,42,Primary,57,Rural,Yes,3110,518,1,B,0.44
6818-7429-8016,Anil Sen,04-03-2024,10-03-2024,Zepto,Full-time,31,Secondary,16,Urban,Sometimes,3528,588,1,C,0.44
8079-7829-1460,Ramesh Kumar,04-03-2024,10-03-2024,Zepto,Part-time,23,Primary,59,Semi-urban,Always,1278,213,1,A,0.44
7256-8339-9462,Sunita Das,04-03-2024,10-03-2024,Zepto,Full-time,43,Secondary,60,Semi-urban,Yes,2514,419,1,A,0.44
6041-2781-6418,Padma Verma,04-03-2024,10-03-2024,Zepto,Full-time,24,Secondary,46,Urban,Yes,3233,539,1,B,0.44
4482-2603-7750,Mamta Rajput,04-03-2024,10-03-2024,Zepto,Full-time,33,Secondary,58,Semi-urban,Always,2881,480,1,B,0.44
6414-6037-8077,Sanjay Nair,04-03-2024,10-03-2024,Zepto,Full-time,37,Primary,11,Urban,No,3673,612,1,C,0.44
2483-4676-5279,Dinesh Dey,04-03-2024,10-03-2024,Zepto,Full-time,21,Secondary,21,Semi-urban,Sometimes,3794,632,1,C,0.44
7804-3515-9206,Varun Rao,04-03-2024,10-03-2024,Zepto,Full-time,37,Primary,22,Semi-urban,Sometimes,4017,670,1,C,0.44
9797-8716-1961,Nikhil Rao,04-03-2024,10-03-2024,Zepto,Full-time,48,Secondary,8,Semi-urban,Always,2566,428,1,A,0.44
4462-9028-3672,Santosh Khan,04-03-2024,10-03-2024,Zepto,Part-time,34,Secondary,28,Semi-urban,Rarely,924,154,1,A,0.44
1735-4310-3302,Mahesh Chauhan,04-03-2024,10-03-2024,Zepto,Full-time,29,Secondary,25,Semi-urban,Yes,2836,473,1,B,0.44
2551-6100-2942,Mamta Amin,04-03-2024,10-03-2024,Zepto,Full-time,23,Primary,7,Urban,Sometimes,2402,400,1,A,0.44
1348-9324-9910,Vimala Hegde,04-03-2024,10-03-2024,Zepto,Full-time,30,Primary,1,Semi-urban,Always,3744,624,1,C,0.44
6465-3300-6600,Harish Khan,04-03-2024,10-03-2024,Zepto,Full-time,20,Primary,30,Semi-urban,Sometimes,3248,541,1,B,0.44
9457-8502-3009,Mohit Siddiqui,04-03-2024,10-03-2024,Zepto,Full-time,28,Primary,27,Urban,Rarely,4029,672,1,C,0.44
2033-2074-2058,Yogesh Das,04-03-2024,10-03-2024,Zepto,Full-time,34,Secondary,32,Rural,Sometimes,3407,568,1,B,0.44
3746-6095-1214,Manoj Jain,04-03-2024,10-03-2024,Zepto,Part-time,46,Secondary,5,Urban,Rarely,1172,195,1,A,0.44
9455-6586-6436,Shyam Naik,04-03-2024,10-03-2024,Zepto,Full-time,27,Primary,50,Urban,Yes,2462,410,1,A,0.44
7351-8165-6845,Pradeep Islam,04-03-2024,10-03-2024,Zepto,Full-time,30,Secondary,48,Urban,Sometimes,3389,565,1,B,0.44
5009-4335-5100,Sarita Bhatt,04-03-2024,10-03-2024,Zepto,Full-time,22,Secondary,33,Rural,Sometimes,2580,430,1,A,0.44
6915-8928-2630,Pushpa Bose,04-03-2024,10-03-2024,Zepto,Full-time,27,Secondary,53,Urban,Always,3174,529,1,B,0.44
7406-5446-8105,Priya Yadav,04-03-2024,10-03-2024,Zepto,Full-time,26,Secondary,32,Urban,Sometimes,3710,618,1,C,0.44
4209-5506-9159,Naresh Nair,04-03-2024,10-03-2024,Zepto,Full-time,47,Secondary,56,Urban,Yes,2449,408,1,A,0.44
2239-6681-5708,Priya Desai,04-03-2024,10-03-2024,Zepto,Part-time,34,Primary,30,Urban,Sometimes,1543,257,1,A,0.44
3326-6509-5579,Kapil Sharma,04-03-2024,10-03-2024,Zepto,Full-time,43,Secondary,52,Semi-urban,Sometimes,2644,441,1,B,0.44
2521-5112-5365,Neha Gupta,04-03-2024,10-03-2024,Zepto,Full-time,28,Secondary,7,Urban,Sometimes,4190,698,1,D,0.44
2033-2118-9585,Satish Roy,04-03-2024,10-03-2024,Zepto,Full-time,36,Primary,13,Rural,Sometimes,2924,487,1,B,0.44
8014-3404-1919,Asha Tiwari,04-03-2024,10-03-2024,Zepto,Full-time,19,Secondary,9,Urban,Sometimes,3730,622,1,C,0.44
9202-6749-6844,Pradeep Rajput,04-03-2024,10-03-2024,Blinkit,Full-time,24,Secondary,26,Rural,Yes,2992,499,1,B,0.4
5014-9165-3640,Priya Naidu,04-03-2024,10-03-2024,Blinkit,Full-time,21,Secondary,41,Urban,No,2921,487,1,B,0.4
7753-1486-7826,Anita Kumar,04-03-2024,10-03-2024,Blinkit,Part-time,41,Primary,33,Urban,Sometimes,1745,291,1,A,0.4
6180-9079-6426,Ravi Naik,04-03-2024,10-03-2024,Blinkit,Full-time,45,Primary,37,Urban,Yes,4006,668,1,C,0.4
8521-8512-7159,Arjun Bose,04-03-2024,10-03-2024,Blinkit,Part-time,31,Secondary,7,Urban,Always,1204,201,1,A,0.4
8327-5663-4874,Harish Verma,04-03-2024,10-03-2024,Blinkit,Full-time,45,Primary,35,Rural,No,3060,510,1,B,0.4
7377-8689-9316,Rakesh Kamat,04-03-2024,10-03-2024,Blinkit,Full-time,43,Secondary,58,Urban,Sometimes,2949,492,1,B,0.4
2268-5463-1782,Anil Dey,04-03-2024,10-03-2024,Blinkit,Full-time,33,Primary,55,Urban,Yes,2968,495,1,B,0.4
4070-6532-2454,Divya Bhat,04-03-2024,10-03-2024,Blinkit,Full-time,45,Secondary,6,Urban,Sometimes,2942,490,1,B,0.4
5271-2109-5451,Pradeep Khan,04-03-2024,10-03-2024,Blinkit,Full-time,38,Secondary,20,Urban,Yes,3023,504,1,B,0.4
5297-6353-5050,Varun Sen,04-03-2024,10-03-2024,Blinkit,Full-time,36,Secondary,2,Urban,Yes,3979,663,1,C,0.4
9001-7801-8730,Ajay Mukherjee,04-03-2024,10-03-2024,Blinkit,Full-time,19,Secondary,46,Rural,Always,3255,542,1,B,0.4
4634-5063-8818,Ramesh Banerjee,04-03-2024,10-03-2024,Blinkit,Full-time,44,Primary,58,Urban,No,3897,650,1,C,0.4
4139-7446-7687,Varun Modi,04-03-2024,10-03-2024,Blinkit,Full-time,38,Secondary,3,Rural,No,3969,662,1,C,0.4
5373-2619-9934,Sunita Trivedi,04-03-2024,10-03-2024,Blinkit,Full-time,23,Secondary,49,Semi-urban,No,1948,325,1,A,0.4
1555-3163-5853,Lokesh Shenoy,04-03-2024,10-03-2024,Blinkit,Part-time,25,Secondary,55,Rural,No,1539,256,1,A,0.4
3047-2262-3071,Pradeep Hegde,04-03-2024,10-03-2024,Blinkit,Full-time,29,Primary,16,Semi-urban,No,3382,564,1,B,0.4
6417-1894-3945,Sunita Mehta,04-03-2024,10-03-2024,Blinkit,Full-time,42,Primary,21,Urban,Yes,2658,443,1,B,0.4
4822-8935-8605,Laxmi Patel,04-03-2024,10-03-2024,Blinkit,Part-time,21,Secondary,44,Urban,No,1832,305,1,A,0.4
6834-7745-4886,Kapil Bhat,04-03-2024,10-03-2024,Blinkit,Part-time,38,Primary,43,Urban,Sometimes,1316,219,1,A,0.4
6826-1871-7520,Mahesh Siddiqui,04-03-2024,10-03-2024,Blinkit,Part-time,28,Secondary,37,Semi-urban,Yes,1362,227,1,A,0.4
8757-2544-7734,Aarav Jain,04-03-2024,10-03-2024,Blinkit,Full-time,35,Secondary,11,Semi-urban,Yes,2676,446,1,B,0.4
3340-7756-3915,Vishal Gupta,04-03-2024,10-03-2024,Blinkit,Full-time,41,Secondary,43,Urban,Always,2484,414,1,A,0.4
6573-4718-6955,Divya Mishra,04-03-2024,10-03-2024,Blinkit,Full-time,45,Primary,29,Rural,Sometimes,4092,682,1,D,0.4
5370-6487-7772,Ramesh Sharma,04-03-2024,10-03-2024,Blinkit,Full-time,20,Primary,40,Rural,Rarely,3247,541,1,B,0.4
4118-4049-5677,Rekha Siddiqui,04-03-2024,10-03-2024,Blinkit,Full-time,30,Primary,33,Semi-urban,Rarely,3046,508,1,B,0.4
9959-7368-3780,Praveen Mukherjee,04-03-2024,10-03-2024,Blinkit,Full-time,37,Secondary,13,Urban,Yes,4451,742,1,D,0.4
2240-3139-8297,Meena Ansari,04-03-2024,10-03-2024,Blinkit,Part-time,25,Primary,22,Semi-urban,Sometimes,791,132,1,A,0.4
3942-2789-4617,Tarun Dey,04-03-2024,10-03-2024,Blinkit,Full-time,45,Primary,44,Urban,Always,3806,634,1,C,0.4
4927-4748-6169,Suman Banerjee,04-03-2024,10-03-2024,Blinkit,Full-time,23,Secondary,52,Urban,Yes,3696,616,1,C,0.4
1862-8218-4480,Sanjay Amin,04-03-2024,10-03-2024,Blinkit,Full-time,36,Primary,58,Urban,Sometimes,3857,643,1,C,0.4
2111-8430-2288,Durga Naik,04-03-2024,10-03-2024,Blinkit,Full-time,38,Primary,14,Rural,Rarely,3328,555,1,B,0.4
6218-5384-6149,Sachin Trivedi,04-03-2024,10-03-2024,Blinkit,Full-time,44,Secondary,10,Rural,Yes,3615,602,1,C,0.4
7264-5239-1887,Neha Rao,04-03-2024,10-03-2024,Blinkit,Full-time,46,Primary,25,Urban,Yes,3849,642,1,C,0.4
4696-7598-4562,Sunita Naidu,04-03-2024,10-03-2024,Blinkit,Full-time,20,Primary,14,Semi-urban,Sometimes,3393,566,1,B,0.4
1322-5323-2045,Ganesh Ahmed,04-03-2024,10-03-2024,Blinkit,Full-time,35,Primary,2,Urban,Yes,3630,605,1,C,0.4
7831-2315-7694,Harish Mishra,04-03-2024,10-03-2024,Blinkit,Full-time,44,Secondary,21,Urban,Sometimes,3043,507,1,B,0.4
1915-5277-5334,Kavita Paul,04-03-2024,10-03-2024,Blinkit,Full-time,44,Primary,11,Urban,Yes,4625,771,1,D,0.4
2466-6952-4429,Sarita Hussain,04-03-2024,10-03-2024,Blinkit,Full-time,31,Primary,16,Semi-urban,Yes,3844,641,1,C,0.4
2890-3106-6044,Kapil Mehta,04-03-2024,10-03-2024,Blinkit,Part-time,37,Secondary,35,Semi-urban,Yes,1069,178,1,A,0.4
8862-1595-2899,Prakash Bhatt,04-03-2024,10-03-2024,Blinkit,Full-time,27,Secondary,28,Urban,Rarely,3956,659,1,C,0.4
1613-9232-2974,Ramesh Shaikh,04-03-2024,10-03-2024,Blinkit,Part-time,27,Primary,55,Urban,Sometimes,1791,298,1,A,0.4
3567-7571-4188,Usha Bhatt,04-03-2024,10-03-2024,Blinkit,Part-time,22,Secondary,30,Semi-urban,Yes,2084,347,1,A,0.4
3401-3729-9774,Padma Siddiqui,04-03-2024,10-03-2024,Blinkit,Full-time,46,Primary,18,Urban,Rarely,2569,428,1,A,0.4
6500-9493-8365,Usha Shetty,04-03-2024,10-03-2024,Blinkit,Full-time,30,Primary,16,Urban,Yes,3150,525,1,B,0.4
4872-7040-4666,Sunita Desai,04-03-2024,10-03-2024,Blinkit,Full-time,37,Primary,16,Semi-urban,No,3399,566,1,B,0.4
1484-7249-6499,Arjun Modi,04-03-2024,10-03-2024,Blinkit,Full-time,30,Primary,25,Urban,Yes,3170,528,1,B,0.4
8685-9699-4233,Ganesh Menon,04-03-2024,10-03-2024,Blinkit,Full-time,47,Secondary,22,Semi-urban,Always,3772,629,1,C,0.4
6547-5811-5618,Savita Joshi,04-03-2024,10-03-2024,Blinkit,Full-time,41,Primary,29,Semi-urban,Always,3805,634,1,C,0.4
3061-3355-7797,Manoj Bhatt,04-03-2024,10-03-2024,Blinkit,Full-time,37,Primary,58,Rural,Yes,3461,577,1,B,0.4
6326-9135-8321,Geeta Hegde,04-03-2024,10-03-2024,Porter,Full-time,42,Secondary,57,Urban,Rarely,3865,644,1,C,0.38
2070-9865-1623,Umesh Qureshi,04-03-2024,10-03-2024,Porter,Part-time,46,Primary,17,Rural,Sometimes,2849,475,1,B,0.38
4988-8107-5587,Priya Modi,04-03-2024,10-03-2024,Porter,Part-time,27,Primary,40,Rural,Rarely,1489,248,1,A,0.38
1146-2904-8391,Vimala Bhat,04-03-2024,10-03-2024,Porter,Part-time,43,Primary,41,Semi-urban,No,1264,211,1,A,0.38
1617-6704-7185,Sunita Pandey,04-03-2024,10-03-2024,Porter,Full-time,38,Secondary,4,Semi-urban,Yes,4098,683,1,D,0.38
9252-3759-3336,Ritesh Verma,04-03-2024,10-03-2024,Porter,Full-time,45,Secondary,28,Urban,No,4180,697,1,D,0.38
1799-2093-4593,Pooja Ghosh,04-03-2024,10-03-2024,Porter,Full-time,21,Secondary,32,Semi-urban,Yes,3849,642,1,C,0.38
2229-3941-9805,Sachin Agarwal,04-03-2024,10-03-2024,Porter,Full-time,25,Secondary,60,Rural,Always,3479,580,1,C,0.38
4575-5534-8473,Sarita Dave,04-03-2024,10-03-2024,Porter,Full-time,34,Secondary,44,Urban,Yes,3856,643,1,C,0.38
2382-5049-6367,Laxmi Qureshi,04-03-2024,10-03-2024,Porter,Full-time,43,Primary,57,Urban,Yes,3572,595,1,C,0.38
4300-7108-8649,Harish Yadav,04-03-2024,10-03-2024,Porter,Full-time,40,Secondary,53,Rural,Always,4110,685,1,D,0.38
5061-5940-3963,Vimala Yadav,04-03-2024,10-03-2024,Porter,Part-time,22,Primary,16,Urban,Rarely,1960,327,1,A,0.38
5942-9523-2599,Meena Rao,04-03-2024,10-03-2024,Porter,Full-time,48,Primary,23,Urban,Sometimes,3576,596,1,C,0.38
4899-3975-5662,Lokesh Bose,04-03-2024,10-03-2024,Porter,Full-time,44,Secondary,54,Rural,Yes,4585,764,1,D,0.38
4479-1551-3816,Pushpa Gowda,04-03-2024,10-03-2024,Porter,Full-time,42,Secondary,15,Semi-urban,Yes,4245,708,1,D,0.38
5624-4228-8500,Rajesh Poojary,04-03-2024,10-03-2024,Porter,Full-time,26,Secondary,56,Urban,Sometimes,3805,634,1,C,0.38
3161-2751-4469,Sumit Iyer,04-03-2024,10-03-2024,Porter,Full-time,23,Primary,15,Urban,Always,4145,691,1,D,0.38
8988-9671-4407,Satish Joshi,04-03-2024,10-03-2024,Porter,Full-time,28,Secondary,2,Semi-urban,No,4400,733,1,D,0.38
9404-3993-1691,Tarun Bose,04-03-2024,10-03-2024,Porter,Full-time,48,Primary,31,Semi-urban,No,3011,502,1,B,0.38
4080-1727-1034,Santosh Modi,04-03-2024,10-03-2024,Porter,Full-time,48,Secondary,24,Semi-urban,No,4184,697,1,D,0.38
9977-6212-4855,Prakash Gupta,04-03-2024,10-03-2024,Porter,Full-time,34,Primary,23,Rural,No,3418,570,1,B,0.38
7775-7053-9446,Mahesh Kamat,04-03-2024,10-03-2024,Porter,Full-time,37,Secondary,13,Urban,No,4224,704,1,D,0.38
4691-4127-5162,Manju Gupta,04-03-2024,10-03-2024,Porter,Full-time,29,Primary,8,Urban,Yes,3725,621,1,C,0.38
2956-8564-4689,Divya Bose,04-03-2024,10-03-2024,Porter,Full-time,40,Secondary,9,Urban,Yes,3913,652,1,C,0.38
5980-1632-8862,Vimala Pandey,04-03-2024,10-03-2024,Porter,Part-time,20,Secondary,39,Urban,Sometimes,1616,269,1,A,0.38
7333-9835-7270,Bharat Das,04-03-2024,10-03-2024,Porter,Full-time,41,Primary,40,Rural,Yes,2570,428,1,A,0.38
7750-1012-3323,Kavita Malik,04-03-2024,10-03-2024,Porter,Full-time,35,Secondary,40,Urban,No,4039,673,1,C,0.38
9875-4589-5207,Ritesh Dave,04-03-2024,10-03-2024,Porter,Full-time,48,Secondary,8,Rural,No,2271,378,1,A,0.38
3621-5963-5898,Lalit Shenoy,04-03-2024,10-03-2024,Porter,Full-time,30,Secondary,15,Urban,Always,3452,575,1,B,0.38
7832-6167-2215,Rekha Gupta,04-03-2024,10-03-2024,Porter,Full-time,38,Secondary,18,Semi-urban,No,3644,607,1,C,0.38
7730-2202-5691,Praveen Chauhan,04-03-2024,10-03-2024,Porter,Part-time,22,Secondary,9,Urban,Sometimes,740,123,1,A,0.38
5022-3638-9422,Naresh Yadav,04-03-2024,10-03-2024,Porter,Part-time,42,Primary,1,Rural,Sometimes,1314,219,1,A,0.38
2118-7729-3810,Rakesh Bhatt,04-03-2024,10-03-2024,Porter,Full-time,45,Primary,8,Semi-urban,Yes,3256,543,1,B,0.38
6505-9684-9306,Meena Sharma,04-03-2024,10-03-2024,Porter,Full-time,38,Secondary,5,Urban,Sometimes,3101,517,1,B,0.38
8344-6419-3058,Bharat Dey,04-03-2024,10-03-2024,Porter,Full-time,22,Secondary,28,Urban,Yes,3853,642,1,C,0.38
8755-1169-5596,Nikhil Qureshi,04-03-2024,10-03-2024,Porter,Full-time,39,Secondary,4,Rural,Always,4713,786,1,D,0.38
7056-7523-1176,Sumit Dave,04-03-2024,10-03-2024,Porter,Full-time,31,Secondary,42,Semi-urban,Yes,4003,667,1,C,0.38
8132-7925-5463,Ritesh Yadav,04-03-2024,10-03-2024,Porter,Full-time,38,Primary,27,Urban,Always,4337,723,1,D,0.38
5822-9364-5125,Aarav Dey,04-03-2024,10-03-2024,Porter,Full-time,23,Secondary,41,Urban,Sometimes,3862,644,1,C,0.38
9265-8584-6075,Seema Parekh,04-03-2024,10-03-2024,Porter,Full-time,41,Primary,48,Semi-urban,Yes,4206,701,1,D,0.38
2607-1089-4413,Sarita Chatterjee,04-03-2024,10-03-2024,Shadowfax,Full-time,41,Secondary,57,Rural,Always,4254,709,1,D,0.33
2878-3901-7066,Anita Das,04-03-2024,10-03-2024,Shadowfax,Full-time,30,Primary,51,Semi-urban,Yes,3912,652,1,C,0.33
9630-7258-4744,Ramesh Bhatt,04-03-2024,10-03-2024,Shadowfax,Part-time,34,Primary,53,Urban,Yes,1211,202,1,A,0.33
9580-8699-5763,Suresh Gowda,04-03-2024,10-03-2024,Shadowfax,Part-time,38,Secondary,30,Semi-urban,Yes,898,150,1,A,0.33
4058-6841-8721,Harish Trivedi,04-03-2024,10-03-2024,Shadowfax,Full-time,37,Secondary,30,Semi-urban,Sometimes,4357,726,1,D,0.33
3629-6720-4784,Shyam Ansari,04-03-2024,10-03-2024,Shadowfax,Full-time,40,Secondary,38,Rural,No,3790,632,1,C,0.33
7768-5261-1697,Pradeep Qureshi,04-03-2024,10-03-2024,Shadowfax,Full-time,28,Primary,21,Urban,Sometimes,3502,584,1,C,0.33
8788-5209-4660,Laxmi Siddiqui,04-03-2024,10-03-2024,Shadowfax,Part-time,41,Primary,19,Urban,Sometimes,1090,182,1,A,0.33
9736-4560-2907,Naresh Sen,04-03-2024,10-03-2024,Shadowfax,Part-time,22,Secondary,1,Urban,Always,1867,311,1,A,0.33
1968-3875-9262,Ritu Verma,04-03-2024,10-03-2024,Shadowfax,Full-time,20,Secondary,17,Rural,Always,4109,685,1,D,0.33
3102-8397-8216,Pooja Shaikh,04-03-2024,10-03-2024,Shadowfax,Full-time,44,Secondary,28,Semi-urban,Rarely,3647,608,1,C,0.33
1380-6424-7833,Dinesh Bhat,04-03-2024,10-03-2024,Shadowfax,Part-time,37,Primary,42,Urban,No,1516,253,1,A,0.33
8337-3768-6140,Priya Das,04-03-2024,10-03-2024,Shadowfax,Part-time,33,Secondary,38,Urban,Rarely,756,126,1,A,0.33
8269-1104-6188,Sunita Agarwal,04-03-2024,10-03-2024,Shadowfax,Full-time,32,Secondary,15,Semi-urban,Always,3575,596,1,C,0.33
8020-2921-2114,Lalita Das,04-03-2024,10-03-2024,Shadowfax,Full-time,38,Primary,44,Rural,No,2836,473,1,B,0.33
9350-8578-1054,Anil Qureshi,04-03-2024,10-03-2024,Shadowfax,Full-time,37,Primary,6,Urban,Yes,2749,458,1,B,0.33
4228-8521-1010,Praveen Kamat,04-03-2024,10-03-2024,Shadowfax,Full-time,19,Secondary,3,Urban,Yes,4000,667,1,C,0.33
5992-2170-3781,Umesh Jain,04-03-2024,10-03-2024,Shadowfax,Full-time,43,Primary,2,Urban,No,2272,379,1,A,0.33
9314-1649-6154,Sunita Sen,04-03-2024,10-03-2024,Shadowfax,Full-time,21,Secondary,11,Semi-urban,No,2819,470,1,B,0.33
3896-9225-1083,Suman Bhat,04-03-2024,10-03-2024,Shadowfax,Full-time,30,Secondary,44,Rural,Yes,4179,696,1,D,0.33
4447-8609-7975,Arun Reddy,04-03-2024,10-03-2024,Shadowfax,Full-time,22,Primary,38,Urban,Yes,4254,709,1,D,0.33
3867-4050-2614,Sunil Reddy,04-03-2024,10-03-2024,Shadowfax,Full-time,32,Secondary,38,Urban,Sometimes,3409,568,1,B,0.33
5298-6973-6743,Aarav Naidu,04-03-2024,10-03-2024,Shadowfax,Full-time,40,Secondary,10,Urban,No,3756,626,1,C,0.33
9727-8688-7973,Kapil Jain,04-03-2024,10-03-2024,Shadowfax,Full-time,24,Secondary,21,Semi-urban,Always,4015,669,1,C,0.33
4953-7882-7764,Sunita Ahmed,04-03-2024,10-03-2024,Shadowfax,Full-time,44,Primary,1,Urban,Always,2215,369,1,A,0.33
7421-2430-3385,Vishal Agarwal,04-03-2024,10-03-2024,Shadowfax,Full-time,23,Secondary,8,Semi-urban,Sometimes,3819,636,1,C,0.33
7267-5650-7034,Sarita Paul,04-03-2024,10-03-2024,Shadowfax,Part-time,46,Primary,6,Urban,Yes,546,91,1,A,0.33
8226-3217-7206,Santosh Sen,04-03-2024,10-03-2024,Shadowfax,Full-time,47,Primary,22,Urban,Always,3175,529,1,B,0.33
6542-5439-2604,Naveen Gupta,04-03-2024,10-03-2024,Shadowfax,Full-time,36,Primary,51,Urban,Yes,3412,569,1,B,0.33
3292-5967-3586,Arun Mukherjee,04-03-2024,10-03-2024,Shadowfax,Full-time,41,Primary,31,Urban,Yes,3665,611,1,C,0.33
2892-7057-9673,Radha Kumar,04-03-2024,10-03-2024,Shadowfax,Full-time,21,Secondary,52,Semi-urban,No,3975,662,1,C,0.33
9567-9290-6285,Mukesh Naidu,04-03-2024,10-03-2024,Shadowfax,Full-time,23,Primary,28,Semi-urban,Sometimes,4141,690,1,D,0.33
6092-5153-1696,Mukesh Mehta,04-03-2024,10-03-2024,Shadowfax,Full-time,31,Secondary,30,Urban,Rarely,3270,545,1,B,0.33
1422-6542-6146,Mahesh Trivedi,04-03-2024,10-03-2024,Shadowfax,Full-time,48,Secondary,23,Urban,Yes,3067,511,1,B,0.33
5900-8868-7961,Kamla Menon,04-03-2024,10-03-2024,Shadowfax,Part-time,46,Primary,5,Urban,Always,1623,270,1,A,0.33
2895-2004-3220,Praveen Roy,04-03-2024,10-03-2024,Shadowfax,Full-time,41,Secondary,3,Urban,No,2875,479,1,B,0.33
8768-2792-9432,Nisha Shetty,04-03-2024,10-03-2024,Shadowfax,Full-time,34,Primary,47,Urban,Always,3290,548,1,B,0.33
2754-5801-8725,Radha Chatterjee,04-03-2024,10-03-2024,Shadowfax,Full-time,26,Primary,36,Semi-urban,Sometimes,3457,576,1,B,0.33
5950-7600-8162,Vinod Yadav,04-03-2024,10-03-2024,Shadowfax,Full-time,37,Primary,41,Urban,No,3349,558,1,B,0.33
4472-3746-2545,Nilesh Mehta,04-03-2024,10-03-2024,Shadowfax,Full-time,33,Primary,36,Rural,Yes,3643,607,1,C,0.33
2640-1363-8065,Vinod Singh,11-03-2024,17-03-2024,Amazon,Full-time,32,Secondary,47,Urban,Sometimes,3084,514,1,B,0.27
6217-9921-2907,Santosh Verma,11-03-2024,17-03-2024,Amazon,Full-time,22,Secondary,17,Urban,Rarely,4185,698,1,D,0.27
7349-3472-7936,Rahul Sharma,11-03-2024,17-03-2024,Amazon,Full-time,38,Secondary,46,Urban,Always,4799,800,1,D,0.27
4112-3965-6397,Arun Patel,11-03-2024,17-03-2024,Amazon,Full-time,40,Secondary,37,Semi-urban,Yes,5242,874,1,D,0.27
2396-3088-2429,Nikhil Banerjee,11-03-2024,17-03-2024,Amazon,Full-time,28,Primary,54,Semi-urban,Yes,5033,839,1,D,0.27
4963-7821-7884,Bharat Bhat,11-03-2024,17-03-2024,Amazon,Full-time,25,Primary,57,Urban,No,4604,767,1,D,0.27
4232-5218-7253,Shanti Trivedi,11-03-2024,17-03-2024,Amazon,Full-time,24,Primary,46,Urban,No,4049,675,1,C,0.27
2746-6763-3672,Sarita Dey,11-03-2024,17-03-2024,Amazon,Full-time,28,Primary,51,Urban,Yes,3666,611,1,C,0.27
1230-1892-1086,Arun Sen,11-03-2024,17-03-2024,Amazon,Full-time,29,Secondary,56,Urban,No,5349,892,1,D,0.27
4387-6738-2811,Seema Sen,11-03-2024,17-03-2024,Amazon,Full-time,29,Primary,4,Rural,Yes,4180,697,1,D,0.27
9265-4321-1594,Girish Rao,11-03-2024,17-03-2024,Amazon,Full-time,38,Secondary,53,Urban,No,4734,789,1,D,0.27
3496-4426-1355,Rakesh Shaikh,11-03-2024,17-03-2024,Amazon,Full-time,45,Primary,5,Urban,Sometimes,3973,662,1,C,0.27
9969-4113-2677,Bharat Naik,11-03-2024,17-03-2024,Amazon,Part-time,39,Primary,49,Urban,Always,1282,214,1,A,0.27
8660-5353-2598,Ajay Kumar,11-03-2024,17-03-2024,Amazon,Full-time,41,Secondary,24,Urban,Sometimes,4245,708,1,D,0.27
3391-4834-2854,Sunil Kumar,11-03-2024,17-03-2024,Amazon,Part-time,39,Primary,45,Urban,Rarely,1472,245,1,A,0.27
6918-6429-4550,Kiran Verma,11-03-2024,17-03-2024,Amazon,Full-time,21,Primary,42,Urban,Yes,5531,922,1,D,0.27
5779-5313-9445,Kavita Nair,11-03-2024,17-03-2024,Amazon,Full-time,36,Secondary,6,Urban,Rarely,4637,773,1,D,0.27
6010-8812-6995,Nisha Malik,11-03-2024,17-03-2024,Amazon,Full-time,28,Primary,4,Urban,Sometimes,5183,864,1,D,0.27
1628-1185-5009,Mahesh Shenoy,11-03-2024,17-03-2024,Amazon,Full-time,22,Secondary,31,Semi-urban,Yes,4598,766,1,D,0.27
1621-9807-5954,Rohit Shetty,11-03-2024,17-03-2024,Amazon,Full-time,22,Secondary,29,Urban,Sometimes,4002,667,1,C,0.27
7558-2428-2814,Suman Reddy,11-03-2024,17-03-2024,Amazon,Part-time,34,Secondary,53,Semi-urban,Sometimes,1403,234,1,A,0.27
1688-6901-4145,Vinod Shaikh,11-03-2024,17-03-2024,Amazon,Full-time,43,Secondary,29,Urban,Sometimes,4374,729,1,D,0.27
4414-1094-1798,Bharat Shaikh,11-03-2024,17-03-2024,Amazon,Part-time,36,Primary,24,Semi-urban,Rarely,1129,188,1,A,0.27
2987-8989-5637,Asha Ahmed,11-03-2024,17-03-2024,Amazon,Full-time,37,Primary,37,Semi-urban,Always,4780,797,1,D,0.27
9046-6192-5651,Nikhil Hegde,11-03-2024,17-03-2024,Amazon,Full-time,23,Primary,50,Urban,Sometimes,4978,830,1,D,0.27
5860-2403-4817,Lalit Tiwari,11-03-2024,17-03-2024,Amazon,Part-time,37,Primary,30,Semi-urban,No,799,133,1,A,0.27
7800-1547-6954,Ajay Mishra,11-03-2024,17-03-2024,Amazon,Part-time,41,Secondary,2,Urban,Always,2021,337,1,A,0.27
2738-7941-6804,Lalita Sharma,11-03-2024,17-03-2024,Amazon,Full-time,19,Primary,38,Rural,Always,3274,546,1,B,0.27
3256-5540-4851,Shanti Yadav,11-03-2024,17-03-2024,Amazon,Full-time,25,Secondary,12,Urban,Always,4728,788,1,D,0.27
7140-7812-4750,Ganesh Jain,11-03-2024,17-03-2024,Amazon,Full-time,19,Primary,45,Semi-urban,Sometimes,4577,763,1,D,0.27
5573-3048-3614,Neha Trivedi,11-03-2024,17-03-2024,Amazon,Full-time,41,Secondary,6,Rural,Yes,3978,663,1,C,0.27
2206-8886-3158,Bharat Hegde,11-03-2024,17-03-2024,Amazon,Part-time,20,Primary,51,Semi-urban,Sometimes,1957,326,1,A,0.27
4979-6633-5580,Amit Singh,11-03-2024,17-03-2024,Amazon,Part-time,19,Secondary,5,Urban,Sometimes,2039,340,1,A,0.27
6224-4837-3146,Varun Bhatt,11-03-2024,17-03-2024,Amazon,Full-time,33,Secondary,6,Urban,Always,4428,738,1,D,0.27
9548-4920-3613,Sita Hegde,11-03-2024,17-03-2024,Amazon,Full-time,22,Primary,23,Rural,No,4516,753,1,D,0.27
5511-3905-9262,Pushpa Rao,11-03-2024,17-03-2024,Amazon,Full-time,21,Secondary,20,Semi-urban,Yes,5103,850,1,D,0.27
4394-6808-6099,Vimala Shah,11-03-2024,17-03-2024,Amazon,Full-time,40,Secondary,21,Semi-urban,Yes,4491,748,1,D,0.27
4831-4995-7037,Sita Parekh,11-03-2024,17-03-2024,Amazon,Full-time,31,Primary,16,Rural,Always,4110,685,1,D,0.27
1269-6334-3728,Ravi Singh,11-03-2024,17-03-2024,Amazon,Part-time,30,Primary,33,Urban,Always,1234,206,1,A,0.27
3337-7610-1012,Anita Jain,11-03-2024,17-03-2024,Amazon,Full-time,44,Secondary,37,Semi-urban,Sometimes,5249,875,1,D,0.27
4940-1805-6603,Sarita Ali,11-03-2024,17-03-2024,Amazon,Full-time,19,Secondary,54,Semi-urban,Sometimes,4679,780,1,D,0.27
8560-9896-2115,Sumit Kumar,11-03-2024,17-03-2024,Amazon,Full-time,46,Secondary,43,Semi-urban,No,3742,624,1,C,0.27
5451-5314-8283,Kamla Gowda,11-03-2024,17-03-2024,Amazon,Full-time,35,Secondary,42,Urban,Yes,5009,835,1,D,0.27
1380-5070-5438,Ritesh Patel,11-03-2024,17-03-2024,Amazon,Full-time,41,Secondary,9,Urban,Yes,4515,752,1,D,0.27
4609-9133-4819,Amit Mishra,11-03-2024,17-03-2024,Amazon,Part-time,24,Secondary,16,Urban,Sometimes,1525,254,1,A,0.27
3459-1579-8738,Tarun Naidu,11-03-2024,17-03-2024,Amazon,Full-time,33,Secondary,43,Rural,Sometimes,3668,611,1,C,0.27
7329-6865-6886,Harish Kumar,11-03-2024,17-03-2024,Amazon,Part-time,25,Secondary,36,Urban,Yes,1924,321,1,A,0.27
6936-2496-9328,Sunil Bhat,11-03-2024,17-03-2024,Amazon,Part-time,32,Secondary,21,Rural,No,1754,292,1,A,0.27
6595-2186-8035,Ramesh Paul,11-03-2024,17-03-2024,Amazon,Full-time,27,Primary,32,Semi-urban,Always,4390,732,1,D,0.27
1364-5726-7613,Dinesh Shah,11-03-2024,17-03-2024,Amazon,Full-time,47,Secondary,47,Urban,Always,5268,878,1,D,0.27
4231-2372-4282,Varun Shah,11-03-2024,17-03-2024,Amazon,Part-time,39,Secondary,25,Urban,Sometimes,606,101,1,A,0.27
1639-9454-1738,Padma Bose,11-03-2024,17-03-2024,Amazon,Full-time,48,Primary,5,Urban,No,4340,723,1,D,0.27
1365-1216-3667,Ravi Gupta,11-03-2024,17-03-2024,Amazon,Full-time,33,Secondary,52,Urban,Yes,5178,863,1,D,0.27
9585-7551-1282,Sita Chauhan,11-03-2024,17-03-2024,Amazon,Full-time,45,Secondary,34,Urban,Yes,4197,700,1,D,0.27
2440-9742-5006,Lalit Hegde,11-03-2024,17-03-2024,Amazon,Full-time,40,Primary,16,Rural,Yes,5322,887,1,D,0.27
8119-5398-8401,Deepak Amin,11-03-2024,17-03-2024,Amazon,Full-time,33,Primary,30,Urban,No,3961,660,1,C,0.27
9536-5487-9929,Ramesh Jain,11-03-2024,17-03-2024,Amazon,Full-time,32,Secondary,56,Urban,Yes,5606,934,1,D,0.27
9275-1761-4737,Lalita Bose,11-03-2024,17-03-2024,Amazon,Full-time,38,Primary,28,Semi-urban,Always,4306,718,1,D,0.27
3473-5694-9734,Sanjay Hegde,11-03-2024,17-03-2024,Amazon,Full-time,46,Secondary,25,Rural,No,4123,687,1,D,0.27
8538-5651-3019,Usha Qureshi,11-03-2024,17-03-2024,Amazon,Full-time,29,Primary,52,Urban,No,4820,803,1,D,0.27
5851-9238-5792,Deepak Iyer,11-03-2024,17-03-2024,Amazon,Full-time,25,Secondary,35,Urban,Yes,3467,578,1,C,0.27
1995-4204-5323,Yogesh Rajput,11-03-2024,17-03-2024,Amazon,Full-time,46,Primary,49,Semi-urban,No,4345,724,1,D,0.27
9066-5812-5044,Neha Malik,11-03-2024,17-03-2024,Amazon,Full-time,44,Secondary,29,Semi-urban,Always,4825,804,1,D,0.27
8466-1900-4700,Kavita Shenoy,11-03-2024,17-03-2024,Amazon,Full-time,24,Primary,1,Semi-urban,No,4198,700,1,D,0.27
2676-1661-7233,Kamla Ansari,11-03-2024,17-03-2024,Amazon,Full-time,42,Primary,60,Semi-urban,Yes,5930,988,1,D,0.27
9729-5078-9709,Shanti Pandey,11-03-2024,17-03-2024,Amazon,Full-time,22,Secondary,28,Urban,Sometimes,4893,816,1,D,0.27
9735-7101-8282,Deepak Naik,11-03-2024,17-03-2024,Amazon,Full-time,36,Primary,55,Semi-urban,Sometimes,5816,969,1,D,0.27
3378-9204-6948,Arun Das,11-03-2024,17-03-2024,Amazon,Full-time,47,Primary,41,Urban,Sometimes,5435,906,1,D,0.27
5550-7560-6627,Ritu Ahmed,11-03-2024,17-03-2024,Amazon,Full-time,37,Primary,59,Semi-urban,Sometimes,4350,725,1,D,0.27
4864-3874-7119,Divya Chatterjee,11-03-2024,17-03-2024,Amazon,Full-time,38,Primary,32,Rural,Always,4673,779,1,D,0.27
8031-8567-1256,Sanjay Ghosh,11-03-2024,17-03-2024,Ekart,Part-time,45,Secondary,60,Semi-urban,No,1138,190,1,A,0.31
7934-9201-3568,Satish Modi,11-03-2024,17-03-2024,Ekart,Full-time,33,Secondary,22,Semi-urban,Yes,3306,551,1,B,0.31
9840-7391-1437,Yogesh Kumar,11-03-2024,17-03-2024,Ekart,Full-time,26,Secondary,32,Semi-urban,No,3226,538,1,B,0.31
7001-5659-2958,Amit Mehta,11-03-2024,17-03-2024,Ekart,Full-time,36,Primary,41,Semi-urban,Yes,3756,626,1,C,0.31
9007-1153-6548,Shyam Parekh,11-03-2024,17-03-2024,Ekart,Full-time,24,Secondary,44,Semi-urban,No,2823,470,1,B,0.31
9232-9765-9480,Vinod Shah,11-03-2024,17-03-2024,Ekart,Full-time,40,Secondary,31,Urban,Yes,4351,725,1,D,0.31
7075-6470-5726,Prakash Khan,11-03-2024,17-03-2024,Ekart,Full-time,26,Secondary,11,Rural,Always,4391,732,1,D,0.31
4647-4190-4886,Sachin Patel,11-03-2024,17-03-2024,Ekart,Full-time,23,Secondary,60,Urban,No,3147,524,1,B,0.31
8832-1295-6372,Geeta Rajput,11-03-2024,17-03-2024,Ekart,Part-time,41,Secondary,4,Urban,Yes,1898,316,1,A,0.31
9459-3589-3492,Naresh Naidu,11-03-2024,17-03-2024,Ekart,Part-time,26,Secondary,54,Semi-urban,No,1549,258,1,A,0.31
5123-7434-5080,Tarun Amin,11-03-2024,17-03-2024,Ekart,Full-time,44,Primary,4,Urban,Always,3238,540,1,B,0.31
9998-1196-2904,Prakash Ahmed,11-03-2024,17-03-2024,Ekart,Full-time,27,Secondary,18,Semi-urban,Sometimes,5097,850,1,D,0.31
2768-8501-8984,Praveen Banerjee,11-03-2024,17-03-2024,Ekart,Full-time,43,Secondary,2,Rural,Sometimes,3472,579,1,C,0.31
2599-6664-4192,Pradeep Shah,11-03-2024,17-03-2024,Ekart,Full-time,22,Primary,15,Semi-urban,Always,4094,682,1,D,0.31
1502-7401-9940,Ravi Patel,11-03-2024,17-03-2024,Ekart,Full-time,24,Primary,39,Semi-urban,Sometimes,4364,727,1,D,0.31
7668-7974-4742,Sita Islam,11-03-2024,17-03-2024,Ekart,Full-time,40,Secondary,5,Rural,Yes,4991,832,1,D,0.31
2648-8281-8986,Shanti Rao,11-03-2024,17-03-2024,Ekart,Full-time,25,Secondary,43,Urban,Rarely,3961,660,1,C,0.31
9157-3668-4315,Mamta Iyer,11-03-2024,17-03-2024,Ekart,Full-time,46,Secondary,33,Urban,Always,3296,549,1,B,0.31
8573-6512-1728,Padma Thakur,11-03-2024,17-03-2024,Ekart,Full-time,43,Secondary,46,Semi-urban,Yes,5247,874,1,D,0.31
6804-8724-6821,Mamta Paul,11-03-2024,17-03-2024,Ekart,Part-time,30,Secondary,23,Semi-urban,Always,941,157,1,A,0.31
1455-5435-7016,Rajesh Hegde,11-03-2024,17-03-2024,Ekart,Full-time,39,Secondary,37,Urban,Yes,3870,645,1,C,0.31
9023-1820-1936,Rajesh Shah,11-03-2024,17-03-2024,Ekart,Full-time,30,Secondary,16,Semi-urban,No,3520,587,1,C,0.31
9112-3293-1037,Vimala Chatterjee,11-03-2024,17-03-2024,Ekart,Full-time,24,Secondary,22,Semi-urban,Yes,3999,666,1,C,0.31
3500-9794-9532,Asha Khan,11-03-2024,17-03-2024,Ekart,Full-time,38,Primary,35,Urban,Sometimes,4458,743,1,D,0.31
7911-2412-1499,Vishal Bhat,11-03-2024,17-03-2024,Ekart,Full-time,46,Primary,1,Urban,Yes,4115,686,1,D,0.31
5458-2600-8079,Aarav Ahmed,11-03-2024,17-03-2024,Ekart,Part-time,44,Secondary,14,Rural,Sometimes,2085,348,1,A,0.31
2609-2674-1106,Anil Sharma,11-03-2024,17-03-2024,Ekart,Full-time,32,Secondary,59,Semi-urban,Yes,3128,521,1,B,0.31
8312-9891-3626,Vimala Modi,11-03-2024,17-03-2024,Ekart,Full-time,22,Primary,24,Semi-urban,Sometimes,3567,594,1,C,0.31
4346-3791-1321,Rohit Siddiqui,11-03-2024,17-03-2024,Ekart,Full-time,26,Primary,37,Urban,Always,3099,516,1,B,0.31
5196-4344-8856,Asha Modi,11-03-2024,17-03-2024,Ekart,Part-time,23,Secondary,26,Urban,Sometimes,1902,317,1,A,0.31
6495-6067-6597,Naveen Ansari,11-03-2024,17-03-2024,Ekart,Full-time,37,Primary,46,Urban,Rarely,3929,655,1,C,0.31
5470-2093-5454,Usha Rajput,11-03-2024,17-03-2024,Ekart,Full-time,26,Primary,20,Urban,No,3699,616,1,C,0.31
5023-2669-6392,Tarun Modi,11-03-2024,17-03-2024,Ekart,Part-time,44,Secondary,50,Urban,No,1977,330,1,A,0.31
5636-9843-4026,Dinesh Naidu,11-03-2024,17-03-2024,Ekart,Full-time,40,Secondary,7,Urban,Sometimes,4576,763,1,D,0.31
2669-7347-6948,Nilesh Ansari,11-03-2024,17-03-2024,Ekart,Full-time,24,Primary,58,Rural,Sometimes,4652,775,1,D,0.31
2256-9496-1522,Nikhil Pillai,11-03-2024,17-03-2024,Ekart,Full-time,48,Primary,59,Urban,No,3536,589,1,C,0.31
1123-4845-3631,Vijay Modi,11-03-2024,17-03-2024,Ekart,Full-time,41,Primary,7,Semi-urban,Sometimes,4556,759,1,D,0.31
9742-4652-9363,Radha Shaikh,11-03-2024,17-03-2024,Ekart,Full-time,31,Primary,22,Rural,Yes,2992,499,1,B,0.31
6542-9149-1032,Sarita Yadav,11-03-2024,17-03-2024,Ekart,Full-time,41,Secondary,4,Rural,Yes,3851,642,1,C,0.31
3324-7953-1844,Vijay Sharma,11-03-2024,17-03-2024,Ekart,Full-time,25,Secondary,1,Urban,Yes,4183,697,1,D,0.31
6048-4906-2910,Sarita Modi,11-03-2024,17-03-2024,Ekart,Full-time,28,Secondary,58,Urban,No,3594,599,1,C,0.31
9894-9893-6612,Nilesh Shenoy,11-03-2024,17-03-2024,Ekart,Full-time,39,Secondary,34,Urban,No,3669,612,1,C,0.31
3807-7792-5341,Rohit Khan,11-03-2024,17-03-2024,Ekart,Full-time,43,Primary,50,Urban,Yes,3025,504,1,B,0.31
7699-7037-7589,Meena Gupta,11-03-2024,17-03-2024,Ekart,Full-time,22,Secondary,29,Urban,Yes,2561,427,1,A,0.31
4001-7245-3685,Savita Bhatt,11-03-2024,17-03-2024,Ekart,Part-time,34,Primary,47,Urban,Rarely,836,139,1,A,0.31
5680-3005-5418,Sachin Das,11-03-2024,17-03-2024,Ekart,Full-time,20,Secondary,28,Rural,No,4620,770,1,D,0.31
1837-1339-6538,Mahesh Malik,11-03-2024,17-03-2024,Ekart,Full-time,39,Primary,6,Semi-urban,Always,4287,714,1,D,0.31
5558-9721-7990,Mamta Sen,11-03-2024,17-03-2024,Ekart,Full-time,21,Primary,1,Urban,Sometimes,3626,604,1,C,0.31
3760-1701-2126,Vinod Hussain,11-03-2024,17-03-2024,Ekart,Full-time,22,Primary,34,Semi-urban,Sometimes,4631,772,1,D,0.31
1512-9860-3209,Umesh Amin,11-03-2024,17-03-2024,Ekart,Full-time,20,Primary,24,Rural,Sometimes,4321,720,1,D,0.31
2927-5069-5480,Usha Siddiqui,11-03-2024,17-03-2024,Ekart,Part-time,31,Primary,40,Semi-urban,No,2083,347,1,A,0.31
3667-7876-6594,Naresh Bhat,11-03-2024,17-03-2024,Ekart,Part-time,24,Primary,35,Rural,Sometimes,977,163,1,A,0.31
7125-2311-2980,Manoj Reddy,11-03-2024,17-03-2024,Ekart,Full-time,39,Secondary,22,Semi-urban,Rarely,3432,572,1,B,0.31
4277-5990-6396,Varun Gupta,11-03-2024,17-03-2024,Ekart,Full-time,32,Secondary,59,Semi-urban,Sometimes,3791,632,1,C,0.31
6196-3764-4181,Ganesh Kumar,11-03-2024,17-03-2024,Ekart,Full-time,47,Secondary,7,Urban,No,4486,748,1,D,0.31
6808-5031-5191,Manoj Siddiqui,11-03-2024,17-03-2024,Ekart,Part-time,28,Primary,9,Semi-urban,Sometimes,1419,236,1,A,0.31
2906-1935-9229,Dinesh Chatterjee,11-03-2024,17-03-2024,Ekart,Full-time,40,Primary,60,Semi-urban,Yes,4645,774,1,D,0.31
5134-6438-5831,Rahul Pandey,11-03-2024,17-03-2024,Ekart,Full-time,21,Primary,2,Urban,Yes,2446,408,1,A,0.31
2166-1879-8599,Dinesh Modi,11-03-2024,17-03-2024,Ekart,Full-time,32,Secondary,33,Urban,No,3750,625,1,C,0.31
5400-6850-2940,Laxmi Tiwari,11-03-2024,17-03-2024,Ekart,Full-time,22,Secondary,17,Urban,Sometimes,1635,272,1,A,0.31
5612-8502-8582,Shanti Naidu,11-03-2024,17-03-2024,Delhivery,Full-time,20,Primary,42,Urban,Sometimes,3363,560,1,B,0.36
1099-3113-2449,Anita Bhatt,11-03-2024,17-03-2024,Delhivery,Full-time,34,Primary,15,Semi-urban,Sometimes,3192,532,1,B,0.36
5987-3835-6925,Satish Thakur,11-03-2024,17-03-2024,Delhivery,Full-time,32,Secondary,34,Rural,Yes,3500,583,1,C,0.36
7430-9674-5855,Bharat Banerjee,11-03-2024,17-03-2024,Delhivery,Full-time,37,Secondary,43,Urban,No,4253,709,1,D,0.36
4644-7327-8179,Anita Paul,11-03-2024,17-03-2024,Delhivery,Full-time,33,Secondary,12,Semi-urban,Yes,3524,587,1,C,0.36
1862-9944-7412,Durga Bhatt,11-03-2024,17-03-2024,Delhivery,Full-time,47,Secondary,50,Semi-urban,Sometimes,3964,661,1,C,0.36
1981-3769-1663,Vishal Shetty,11-03-2024,17-03-2024,Delhivery,Full-time,45,Primary,20,Urban,Always,4355,726,1,D,0.36
6738-4064-3147,Rakesh Mukherjee,11-03-2024,17-03-2024,Delhivery,Full-time,30,Primary,31,Urban,No,4450,742,1,D,0.36
2583-6357-3282,Anita Modi,11-03-2024,17-03-2024,Delhivery,Part-time,38,Secondary,24,Semi-urban,No,1498,250,1,A,0.36
7249-3187-7723,Mohit Ali,11-03-2024,17-03-2024,Delhivery,Part-time,41,Secondary,20,Urban,Yes,1356,226,1,A,0.36
3877-9342-5256,Sumit Ali,11-03-2024,17-03-2024,Delhivery,Part-time,32,Primary,14,Urban,Yes,907,151,1,A,0.36
8071-8576-8329,Divya Trivedi,11-03-2024,17-03-2024,Delhivery,Full-time,35,Secondary,59,Semi-urban,Always,3503,584,1,C,0.36
2719-1252-7336,Ritu Kamat,11-03-2024,17-03-2024,Delhivery,Full-time,25,Secondary,5,Semi-urban,Yes,4353,726,1,D,0.36
8418-4502-8986,Rakesh Desai,11-03-2024,17-03-2024,Delhivery,Full-time,42,Primary,52,Urban,No,2384,397,1,A,0.36
6748-8511-4875,Mukesh Joshi,11-03-2024,17-03-2024,Delhivery,Full-time,21,Secondary,5,Semi-urban,Yes,3440,573,1,B,0.36
5797-8603-4104,Lalita Modi,11-03-2024,17-03-2024,Delhivery,Full-time,24,Secondary,47,Urban,Sometimes,4649,775,1,D,0.36
1913-1753-6591,Satish Shenoy,11-03-2024,17-03-2024,Delhivery,Part-time,43,Primary,1,Urban,Yes,1614,269,1,A,0.36
6979-9831-3279,Praveen Rajput,11-03-2024,17-03-2024,Delhivery,Part-time,20,Secondary,7,Semi-urban,Always,2357,393,1,A,0.36
8500-8289-9537,Nilesh Sharma,11-03-2024,17-03-2024,Delhivery,Full-time,38,Secondary,38,Rural,No,4256,709,1,D,0.36
2684-6961-3879,Sunil Malik,11-03-2024,17-03-2024,Delhivery,Part-time,47,Secondary,40,Rural,Always,1521,254,1,A,0.36
1321-5336-5256,Shyam Trivedi,11-03-2024,17-03-2024,Delhivery,Part-time,24,Primary,23,Semi-urban,Sometimes,1585,264,1,A,0.36
7726-2862-8823,Vimala Pillai,11-03-2024,17-03-2024,Delhivery,Full-time,19,Secondary,15,Urban,Yes,2880,480,1,B,0.36
5864-6629-8835,Lokesh Verma,11-03-2024,17-03-2024,Delhivery,Full-time,36,Primary,50,Urban,No,2564,427,1,A,0.36
5998-6165-6950,Sarita Ahmed,11-03-2024,17-03-2024,Delhivery,Full-time,26,Secondary,54,Semi-urban,Yes,3916,653,1,C,0.36
9788-6499-1889,Padma Sharma,11-03-2024,17-03-2024,Delhivery,Full-time,41,Secondary,24,Rural,Yes,3554,592,1,C,0.36
2700-7445-8892,Ajay Das,11-03-2024,17-03-2024,Delhivery,Full-time,43,Primary,41,Urban,Yes,1952,325,1,A,0.36
5958-1314-4063,Suman Tiwari,11-03-2024,17-03-2024,Delhivery,Full-time,30,Primary,44,Semi-urban,Yes,3413,569,1,B,0.36
9329-4417-7309,Rekha Poojary,11-03-2024,17-03-2024,Delhivery,Full-time,22,Secondary,43,Rural,Yes,3715,619,1,C,0.36
9126-8412-3795,Vinod Islam,11-03-2024,17-03-2024,Delhivery,Full-time,33,Secondary,3,Rural,Yes,3623,604,1,C,0.36
6040-5876-8389,Manoj Dave,11-03-2024,17-03-2024,Delhivery,Full-time,19,Secondary,45,Semi-urban,No,2608,435,1,A,0.36
4643-9689-6282,Nisha Rajput,11-03-2024,17-03-2024,Delhivery,Full-time,38,Secondary,34,Semi-urban,Yes,4317,720,1,D,0.36
1987-5547-7635,Kapil Dey,11-03-2024,17-03-2024,Delhivery,Full-time,24,Secondary,59,Semi-urban,Always,2999,500,1,B,0.36
6333-7245-1404,Ritu Gupta,11-03-2024,17-03-2024,Delhivery,Full-time,27,Secondary,28,Urban,Yes,3235,539,1,B,0.36
8117-7929-8772,Lalit Malik,11-03-2024,17-03-2024,Delhivery,Full-time,25,Primary,50,Semi-urban,No,3713,619,1,C,0.36
7602-3934-5871,Mohit Amin,11-03-2024,17-03-2024,Delhivery,Full-time,25,Secondary,32,Urban,Always,4080,680,1,D,0.36
7125-8727-2057,Harish Joshi,11-03-2024,17-03-2024,Delhivery,Part-time,27,Primary,48,Urban,Sometimes,689,115,1,A,0.36
5999-8346-6133,Varun Reddy,11-03-2024,17-03-2024,Delhivery,Part-time,23,Primary,12,Urban,Yes,786,131,1,A,0.36
6290-1666-2434,Ravi Ahmed,11-03-2024,17-03-2024,Delhivery,Full-time,30,Primary,50,Rural,Yes,4151,692,1,D,0.36
5492-8199-8516,Ritu Amin,11-03-2024,17-03-2024,Delhivery,Full-time,22,Primary,23,Semi-urban,Always,4405,734,1,D,0.36
2973-6073-4036,Nikhil Dave,11-03-2024,17-03-2024,Delhivery,Full-time,45,Primary,49,Urban,Sometimes,2756,459,1,B,0.36
4899-1022-7211,Amit Reddy,11-03-2024,17-03-2024,Delhivery,Full-time,27,Secondary,26,Rural,Sometimes,4193,699,1,D,0.36
8511-7298-3740,Radha Das,11-03-2024,17-03-2024,Delhivery,Full-time,21,Primary,19,Urban,Sometimes,2946,491,1,B,0.36
6604-7654-9546,Naveen Modi,11-03-2024,17-03-2024,Delhivery,Part-time,40,Primary,49,Semi-urban,No,1271,212,1,A,0.36
8461-5366-9651,Nilesh Gowda,11-03-2024,17-03-2024,Delhivery,Full-time,42,Primary,40,Urban,Sometimes,3162,527,1,B,0.36
3775-9974-6275,Rahul Thakur,11-03-2024,17-03-2024,Delhivery,Full-time,35,Primary,35,Semi-urban,No,3294,549,1,B,0.36
4276-2010-6228,Lalita Hussain,11-03-2024,17-03-2024,Delhivery,Full-time,48,Primary,29,Rural,No,3936,656,1,C,0.36
2116-3067-1674,Rekha Desai,11-03-2024,17-03-2024,Delhivery,Full-time,42,Secondary,57,Semi-urban,Yes,4057,676,1,C,0.36
8631-3121-8268,Rohit Chatterjee,11-03-2024,17-03-2024,Delhivery,Full-time,30,Primary,39,Urban,Yes,3496,583,1,C,0.36
6753-1346-5760,Shanti Amin,11-03-2024,17-03-2024,Delhivery,Part-time,22,Primary,17,Urban,Always,775,129,1,A,0.36
5109-9416-5088,Vijay Khan,11-03-2024,17-03-2024,Delhivery,Full-time,38,Secondary,43,Semi-urban,No,3515,586,1,C,0.36
2886-9417-5363,Prakash Shetty,11-03-2024,17-03-2024,Delhivery,Full-time,38,Secondary,11,Urban,Yes,3658,610,1,C,0.36
5560-9189-6749,Gaurav Kumar,11-03-2024,17-03-2024,Delhivery,Full-time,43,Secondary,41,Semi-urban,Always,4754,792,1,D,0.36
5947-6172-5000,Asha Jain,11-03-2024,17-03-2024,Delhivery,Full-time,45,Primary,58,Urban,Always,2985,498,1,B,0.36
6777-3439-5887,Sunil Bhatt,11-03-2024,17-03-2024,Delhivery,Full-time,43,Primary,21,Urban,Rarely,4321,720,1,D,0.36
7793-4934-6349,Vijay Thakur,11-03-2024,17-03-2024,Delhivery,Full-time,29,Primary,29,Semi-urban,Rarely,4648,775,1,D,0.36
2438-2387-9170,Priya Chatterjee,11-03-2024,17-03-2024,Dunzo,Part-time,34,Secondary,19,Semi-urban,Always,1069,178,1,A,0.42
7487-4851-1905,Rakesh Thakur,11-03-2024,17-03-2024,Dunzo,Full-time,41,Secondary,21,Urban,Sometimes,4013,669,1,C,0.42
9828-2159-3406,Aarav Roy,11-03-2024,17-03-2024,Dunzo,Full-time,28,Secondary,19,Urban,Sometimes,3403,567,1,B,0.42
4061-2308-3601,Pradeep Shaikh,11-03-2024,17-03-2024,Dunzo,Full-time,25,Secondary,35,Semi-urban,Sometimes,4031,672,1,C,0.42
4619-6601-6408,Padma Bhatt,11-03-2024,17-03-2024,Dunzo,Full-time,41,Secondary,37,Urban,Yes,2921,487,1,B,0.42
8919-3727-2053,Praveen Bhat,11-03-2024,17-03-2024,Dunzo,Full-time,47,Primary,17,Urban,Always,3690,615,1,C,0.42
9481-2654-9452,Kapil Hegde,11-03-2024,17-03-2024,Dunzo,Full-time,33,Primary,22,Semi-urban,Always,4023,670,1,C,0.42
1572-1323-3492,Mohit Naidu,11-03-2024,17-03-2024,Dunzo,Part-time,47,Secondary,3,Urban,Yes,775,129,1,A,0.42
1660-7607-3971,Manoj Trivedi,11-03-2024,17-03-2024,Dunzo,Full-time,30,Primary,40,Urban,Rarely,3175,529,1,B,0.42
5227-8577-1307,Radha Iyer,11-03-2024,17-03-2024,Dunzo,Full-time,38,Secondary,25,Urban,Yes,3788,631,1,C,0.42
6771-6236-7161,Yogesh Dave,11-03-2024,17-03-2024,Dunzo,Full-time,20,Primary,58,Rural,Yes,2893,482,1,B,0.42
4465-4777-3713,Kavita Hegde,11-03-2024,17-03-2024,Dunzo,Part-time,29,Secondary,32,Urban,Sometimes,1222,204,1,A,0.42
5974-2046-1311,Suman Malik,11-03-2024,17-03-2024,Dunzo,Part-time,23,Secondary,36,Urban,Always,2136,356,1,A,0.42
9980-6047-2819,Rajesh Malik,11-03-2024,17-03-2024,Dunzo,Full-time,33,Secondary,38,Semi-urban,Yes,2968,495,1,B,0.42
4208-2014-8395,Usha Shaikh,11-03-2024,17-03-2024,Dunzo,Part-time,22,Primary,20,Semi-urban,Sometimes,1557,260,1,A,0.42
6323-9581-2367,Mukesh Rao,11-03-2024,17-03-2024,Dunzo,Full-time,43,Secondary,26,Urban,Yes,3312,552,1,B,0.42
1499-5584-7603,Sunil Menon,11-03-2024,17-03-2024,Dunzo,Part-time,48,Secondary,10,Rural,Always,1061,177,1,A,0.42
8357-6432-9198,Girish Tiwari,11-03-2024,17-03-2024,Dunzo,Full-time,19,Primary,39,Semi-urban,No,3398,566,1,B,0.42
9040-5914-4655,Savita Parekh,11-03-2024,17-03-2024,Dunzo,Full-time,20,Primary,39,Urban,Sometimes,3985,664,1,C,0.42
5109-8274-1285,Lalita Ali,11-03-2024,17-03-2024,Dunzo,Full-time,29,Primary,29,Urban,Sometimes,3468,578,1,C,0.42
9261-9046-1608,Rekha Bose,11-03-2024,17-03-2024,Dunzo,Full-time,34,Secondary,59,Semi-urban,Yes,4798,800,1,D,0.42
4854-1032-1196,Suresh Naidu,11-03-2024,17-03-2024,Dunzo,Part-time,23,Primary,14,Semi-urban,Rarely,664,111,1,A,0.42
6835-4327-9739,Dinesh Reddy,11-03-2024,17-03-2024,Dunzo,Full-time,44,Secondary,25,Semi-urban,Always,2553,426,1,A,0.42
3364-2196-6398,Padma Shenoy,11-03-2024,17-03-2024,Dunzo,Full-time,39,Secondary,5,Semi-urban,No,2055,342,1,A,0.42
7671-6836-1676,Radha Ahmed,11-03-2024,17-03-2024,Dunzo,Full-time,38,Primary,36,Semi-urban,Always,3068,511,1,B,0.42
8126-4230-6414,Divya Mehta,11-03-2024,17-03-2024,Dunzo,Full-time,19,Secondary,28,Semi-urban,Sometimes,3631,605,1,C,0.42
4180-9572-8985,Lalita Parekh,11-03-2024,17-03-2024,Dunzo,Full-time,27,Secondary,25,Rural,No,3075,512,1,B,0.42
5079-3646-3077,Ritesh Nair,11-03-2024,17-03-2024,Dunzo,Full-time,47,Secondary,50,Urban,Yes,3557,593,1,C,0.42
2400-3376-3339,Rohit Mehta,11-03-2024,17-03-2024,Dunzo,Full-time,39,Primary,54,Rural,Sometimes,3087,514,1,B,0.42
9920-4026-7185,Vimala Bose,11-03-2024,17-03-2024,Dunzo,Full-time,23,Secondary,35,Urban,Yes,2266,378,1,A,0.42
3686-5049-4800,Sarita Khan,11-03-2024,17-03-2024,Dunzo,Part-time,27,Secondary,48,Semi-urban,Yes,981,164,1,A,0.42
3934-5542-7702,Suresh Shah,11-03-2024,17-03-2024,Dunzo,Full-time,31,Secondary,34,Urban,Rarely,3621,604,1,C,0.42
6135-4805-5605,Naveen Chauhan,11-03-2024,17-03-2024,Dunzo,Full-time,21,Secondary,59,Urban,Sometimes,3063,510,1,B,0.42
4448-5403-1398,Sunita Dave,11-03-2024,17-03-2024,Dunzo,Full-time,28,Primary,52,Urban,No,3338,556,1,B,0.42
4708-8668-8628,Usha Ahmed,11-03-2024,17-03-2024,Dunzo,Full-time,37,Secondary,12,Semi-urban,Yes,3183,530,1,B,0.42
2335-9611-1121,Gaurav Patel,11-03-2024,17-03-2024,Dunzo,Full-time,39,Secondary,6,Semi-urban,Always,3349,558,1,B,0.42
8070-7613-1909,Santosh Shaikh,11-03-2024,17-03-2024,Dunzo,Part-time,39,Primary,28,Semi-urban,Always,1725,288,1,A,0.42
1595-1805-3262,Nilesh Bhatt,11-03-2024,17-03-2024,Dunzo,Full-time,26,Secondary,40,Semi-urban,Yes,3616,603,1,C,0.42
1015-6502-4755,Kamla Poojary,11-03-2024,17-03-2024,Dunzo,Full-time,20,Secondary,30,Urban,Sometimes,2632,439,1,B,0.42
6417-3646-4360,Praveen Dave,11-03-2024,17-03-2024,Dunzo,Part-time,34,Primary,9,Urban,No,1666,278,1,A,0.42
4302-3011-7837,Rohit Jain,11-03-2024,17-03-2024,Dunzo,Part-time,28,Secondary,42,Urban,Sometimes,1636,273,1,A,0.42
2024-2715-9869,Anita Reddy,11-03-2024,17-03-2024,Dunzo,Part-time,31,Primary,10,Urban,Sometimes,1912,319,1,A,0.42
2042-5833-8155,Vishal Menon,11-03-2024,17-03-2024,Dunzo,Full-time,46,Primary,55,Rural,Sometimes,4381,730,1,D,0.42
4113-3235-5227,Radha Ghosh,11-03-2024,17-03-2024,Dunzo,Full-time,32,Secondary,4,Semi-urban,Sometimes,3280,547,1,B,0.42
5386-8233-5206,Sumit Shaikh,11-03-2024,17-03-2024,Dunzo,Part-time,38,Secondary,58,Urban,No,1140,190,1,A,0.42
6469-9036-6851,Arjun Mishra,11-03-2024,17-03-2024,Dunzo,Part-time,32,Secondary,52,Semi-urban,Sometimes,673,112,1,A,0.42
4332-3345-5245,Rahul Mehta,11-03-2024,17-03-2024,Dunzo,Full-time,19,Primary,54,Rural,Sometimes,3952,659,1,C,0.42
9828-6083-7369,Geeta Rao,11-03-2024,17-03-2024,Dunzo,Full-time,40,Primary,3,Urban,Yes,3027,504,1,B,0.42
2315-5565-2950,Aarav Thakur,11-03-2024,17-03-2024,Dunzo,Full-time,22,Secondary,17,Urban,Yes,3848,641,1,C,0.42
6432-7615-2711,Harish Singh,11-03-2024,17-03-2024,Dunzo,Part-time,35,Primary,59,Semi-urban,Always,1591,265,1,A,0.42
5261-6367-8576,Rohit Joshi,11-03-2024,17-03-2024,Zepto,Full-time,31,Primary,55,Urban,Sometimes,3942,657,1,C,0.44
9114-9868-9592,Ajay Dey,11-03-2024,17-03-2024,Zepto,Part-time,22,Primary,32,Urban,Rarely,1442,240,1,A,0.44
7614-1219-4858,Ritu Paul,11-03-2024,17-03-2024,Zepto,Full-time,32,Secondary,3,Rural,Sometimes,3486,581,1,C,0.44
6718-8442-3547,Mahesh Tiwari,11-03-2024,17-03-2024,Zepto,Full-time,29,Secondary,50,Semi-urban,Sometimes,4273,712,1,D,0.44
9271-8904-1121,Neha Kamat,11-03-2024,17-03-2024,Zepto,Full-time,44,Secondary,33,Semi-urban,Sometimes,2868,478,1,B,0.44
9774-7544-4734,Padma Hussain,11-03-2024,17-03-2024,Zepto,Full-time,42,Secondary,48,Urban,Yes,2804,467,1,B,0.44
3757-5533-8291,Arun Bose,11-03-2024,17-03-2024,Zepto,Part-time,36,Primary,59,Rural,Yes,1529,255,1,A,0.44
3700-8975-8328,Vishal Parekh,11-03-2024,17-03-2024,Zepto,Full-time,40,Secondary,23,Urban,Always,4517,753,1,D,0.44
6658-1837-7096,Ritu Parekh,11-03-2024,17-03-2024,Zepto,Full-time,26,Primary,40,Semi-urban,Yes,2652,442,1,B,0.44
6600-9402-1991,Rahul Khan,11-03-2024,17-03-2024,Zepto,Full-time,34,Primary,11,Urban,Yes,3518,586,1,C,0.44
5175-3095-2616,Ravi Iyer,11-03-2024,17-03-2024,Zepto,Full-time,34,Secondary,19,Urban,Always,3360,560,1,B,0.44
4226-2988-5451,Naveen Bhat,11-03-2024,17-03-2024,Zepto,Full-time,28,Secondary,16,Urban,Always,3157,526,1,B,0.44
8962-1833-2315,Sumit Naik,11-03-2024,17-03-2024,Zepto,Full-time,42,Secondary,37,Urban,Yes,3227,538,1,B,0.44
6581-1385-9779,Kapil Patel,11-03-2024,17-03-2024,Zepto,Part-time,21,Secondary,48,Urban,Yes,1161,194,1,A,0.44
1316-3182-3102,Dinesh Menon,11-03-2024,17-03-2024,Zepto,Full-time,19,Primary,19,Rural,Yes,2522,420,1,A,0.44
5279-6760-1948,Ritu Chatterjee,11-03-2024,17-03-2024,Zepto,Part-time,41,Primary,16,Urban,Sometimes,969,162,1,A,0.44
6684-1843-4043,Anil Thakur,11-03-2024,17-03-2024,Zepto,Full-time,42,Primary,57,Rural,Yes,2865,478,1,B,0.44
6818-7429-8016,Anil Sen,11-03-2024,17-03-2024,Zepto,Full-time,31,Secondary,16,Urban,Sometimes,3424,571,1,B,0.44
8079-7829-1460,Ramesh Kumar,11-03-2024,17-03-2024,Zepto,Part-time,23,Primary,59,Semi-urban,Always,1923,320,1,A,0.44
7256-8339-9462,Sunita Das,11-03-2024,17-03-2024,Zepto,Full-time,43,Secondary,60,Semi-urban,Yes,2068,345,1,A,0.44
6041-2781-6418,Padma Verma,11-03-2024,17-03-2024,Zepto,Full-time,24,Secondary,46,Urban,Yes,3199,533,1,B,0.44
4482-2603-7750,Mamta Rajput,11-03-2024,17-03-2024,Zepto,Full-time,33,Secondary,58,Semi-urban,Always,3185,531,1,B,0.44
6414-6037-8077,Sanjay Nair,11-03-2024,17-03-2024,Zepto,Full-time,37,Primary,11,Urban,No,3626,604,1,C,0.44
2483-4676-5279,Dinesh Dey,11-03-2024,17-03-2024,Zepto,Full-time,21,Secondary,21,Semi-urban,Sometimes,3950,658,1,C,0.44
7804-3515-9206,Varun Rao,11-03-2024,17-03-2024,Zepto,Full-time,37,Primary,22,Semi-urban,Sometimes,3552,592,1,C,0.44
9797-8716-1961,Nikhil Rao,11-03-2024,17-03-2024,Zepto,Full-time,48,Secondary,8,Semi-urban,Always,3239,540,1,B,0.44
4462-9028-3672,Santosh Khan,11-03-2024,17-03-2024,Zepto,Part-time,34,Secondary,28,Semi-urban,Rarely,1599,266,1,A,0.44
1735-4310-3302,Mahesh Chauhan,11-03-2024,17-03-2024,Zepto,Full-time,29,Secondary,25,Semi-urban,Yes,3347,558,1,B,0.44
2551-6100-2942,Mamta Amin,11-03-2024,17-03-2024,Zepto,Full-time,23,Primary,7,Urban,Sometimes,2493,416,1,A,0.44
1348-9324-9910,Vimala Hegde,11-03-2024,17-03-2024,Zepto,Full-time,30,Primary,1,Semi-urban,Always,2522,420,1,A,0.44
6465-3300-6600,Harish Khan,11-03-2024,17-03-2024,Zepto,Full-time,20,Primary,30,Semi-urban,Sometimes,2669,445,1,B,0.44
9457-8502-3009,Mohit Siddiqui,11-03-2024,17-03-2024,Zepto,Full-time,28,Primary,27,Urban,Rarely,3516,586,1,C,0.44
2033-2074-2058,Yogesh Das,11-03-2024,17-03-2024,Zepto,Full-time,34,Secondary,32,Rural,Sometimes,3322,554,1,B,0.44
3746-6095-1214,Manoj Jain,11-03-2024,17-03-2024,Zepto,Part-time,46,Secondary,5,Urban,Rarely,1009,168,1,A,0.44
9455-6586-6436,Shyam Naik,11-03-2024,17-03-2024,Zepto,Full-time,27,Primary,50,Urban,Yes,3199,533,1,B,0.44
7351-8165-6845,Pradeep Islam,11-03-2024,17-03-2024,Zepto,Full-time,30,Secondary,48,Urban,Sometimes,3819,636,1,C,0.44
5009-4335-5100,Sarita Bhatt,11-03-2024,17-03-2024,Zepto,Full-time,22,Secondary,33,Rural,Sometimes,3145,524,1,B,0.44
6915-8928-2630,Pushpa Bose,11-03-2024,17-03-2024,Zepto,Full-time,27,Secondary,53,Urban,Always,3526,588,1,C,0.44
7406-5446-8105,Priya Yadav,11-03-2024,17-03-2024,Zepto,Full-time,26,Secondary,32,Urban,Sometimes,3567,594,1,C,0.44
4209-5506-9159,Naresh Nair,11-03-2024,17-03-2024,Zepto,Full-time,47,Secondary,56,Urban,Yes,3406,568,1,B,0.44
2239-6681-5708,Priya Desai,11-03-2024,17-03-2024,Zepto,Part-time,34,Primary,30,Urban,Sometimes,745,124,1,A,0.44
3326-6509-5579,Kapil Sharma,11-03-2024,17-03-2024,Zepto,Full-time,43,Secondary,52,Semi-urban,Sometimes,3422,570,1,B,0.44
2521-5112-5365,Neha Gupta,11-03-2024,17-03-2024,Zepto,Full-time,28,Secondary,7,Urban,Sometimes,4312,719,1,D,0.44
2033-2118-9585,Satish Roy,11-03-2024,17-03-2024,Zepto,Full-time,36,Primary,13,Rural,Sometimes,1976,329,1,A,0.44
8014-3404-1919,Asha Tiwari,11-03-2024,17-03-2024,Zepto,Full-time,19,Secondary,9,Urban,Sometimes,3117,520,1,B,0.44
9202-6749-6844,Pradeep Rajput,11-03-2024,17-03-2024,Blinkit,Full-time,24,Secondary,26,Rural,Yes,3511,585,1,C,0.4
5014-9165-3640,Priya Naidu,11-03-2024,17-03-2024,Blinkit,Full-time,21,Secondary,41,Urban,No,3590,598,1,C,0.4
7753-1486-7826,Anita Kumar,11-03-2024,17-03-2024,Blinkit,Part-time,41,Primary,33,Urban,Sometimes,1172,195,1,A,0.4
6180-9079-6426,Ravi Naik,11-03-2024,17-03-2024,Blinkit,Full-time,45,Primary,37,Urban,Yes,3579,596,1,C,0.4
8521-8512-7159,Arjun Bose,11-03-2024,17-03-2024,Blinkit,Part-time,31,Secondary,7,Urban,Always,905,151,1,A,0.4
8327-5663-4874,Harish Verma,11-03-2024,17-03-2024,Blinkit,Full-time,45,Primary,35,Rural,No,3093,516,1,B,0.4
7377-8689-9316,Rakesh Kamat,11-03-2024,17-03-2024,Blinkit,Full-time,43,Secondary,58,Urban,Sometimes,3148,525,1,B,0.4
2268-5463-1782,Anil Dey,11-03-2024,17-03-2024,Blinkit,Full-time,33,Primary,55,Urban,Yes,2362,394,1,A,0.4
4070-6532-2454,Divya Bhat,11-03-2024,17-03-2024,Blinkit,Full-time,45,Secondary,6,Urban,Sometimes,3926,654,1,C,0.4
5271-2109-5451,Pradeep Khan,11-03-2024,17-03-2024,Blinkit,Full-time,38,Secondary,20,Urban,Yes,3535,589,1,C,0.4
5297-6353-5050,Varun Sen,11-03-2024,17-03-2024,Blinkit,Full-time,36,Secondary,2,Urban,Yes,3731,622,1,C,0.4
9001-7801-8730,Ajay Mukherjee,11-03-2024,17-03-2024,Blinkit,Full-time,19,Secondary,46,Rural,Always,2867,478,1,B,0.4
4634-5063-8818,Ramesh Banerjee,11-03-2024,17-03-2024,Blinkit,Full-time,44,Primary,58,Urban,No,2474,412,1,A,0.4
4139-7446-7687,Varun Modi,11-03-2024,17-03-2024,Blinkit,Full-time,38,Secondary,3,Rural,No,3124,521,1,B,0.4
5373-2619-9934,Sunita Trivedi,11-03-2024,17-03-2024,Blinkit,Full-time,23,Secondary,49,Semi-urban,No,3036,506,1,B,0.4
1555-3163-5853,Lokesh Shenoy,11-03-2024,17-03-2024,Blinkit,Part-time,25,Secondary,55,Rural,No,1073,179,1,A,0.4
3047-2262-3071,Pradeep Hegde,11-03-2024,17-03-2024,Blinkit,Full-time,29,Primary,16,Semi-urban,No,3508,585,1,C,0.4
6417-1894-3945,Sunita Mehta,11-03-2024,17-03-2024,Blinkit,Full-time,42,Primary,21,Urban,Yes,2352,392,1,A,0.4
4822-8935-8605,Laxmi Patel,11-03-2024,17-03-2024,Blinkit,Part-time,21,Secondary,44,Urban,No,1729,288,1,A,0.4
6834-7745-4886,Kapil Bhat,11-03-2024,17-03-2024,Blinkit,Part-time,38,Primary,43,Urban,Sometimes,894,149,1,A,0.4
6826-1871-7520,Mahesh Siddiqui,11-03-2024,17-03-2024,Blinkit,Part-time,28,Secondary,37,Semi-urban,Yes,969,162,1,A,0.4
8757-2544-7734,Aarav Jain,11-03-2024,17-03-2024,Blinkit,Full-time,35,Secondary,11,Semi-urban,Yes,2718,453,1,B,0.4
3340-7756-3915,Vishal Gupta,11-03-2024,17-03-2024,Blinkit,Full-time,41,Secondary,43,Urban,Always,2885,481,1,B,0.4
6573-4718-6955,Divya Mishra,11-03-2024,17-03-2024,Blinkit,Full-time,45,Primary,29,Rural,Sometimes,3816,636,1,C,0.4
5370-6487-7772,Ramesh Sharma,11-03-2024,17-03-2024,Blinkit,Full-time,20,Primary,40,Rural,Rarely,3593,599,1,C,0.4
4118-4049-5677,Rekha Siddiqui,11-03-2024,17-03-2024,Blinkit,Full-time,30,Primary,33,Semi-urban,Rarely,3570,595,1,C,0.4
9959-7368-3780,Praveen Mukherjee,11-03-2024,17-03-2024,Blinkit,Full-time,37,Secondary,13,Urban,Yes,3097,516,1,B,0.4
2240-3139-8297,Meena Ansari,11-03-2024,17-03-2024,Blinkit,Part-time,25,Primary,22,Semi-urban,Sometimes,634,106,1,A,0.4
3942-2789-4617,Tarun Dey,11-03-2024,17-03-2024,Blinkit,Full-time,45,Primary,44,Urban,Always,3324,554,1,B,0.4
4927-4748-6169,Suman Banerjee,11-03-2024,17-03-2024,Blinkit,Full-time,23,Secondary,52,Urban,Yes,2963,494,1,B,0.4
1862-8218-4480,Sanjay Amin,11-03-2024,17-03-2024,Blinkit,Full-time,36,Primary,58,Urban,Sometimes,3847,641,1,C,0.4
2111-8430-2288,Durga Naik,11-03-2024,17-03-2024,Blinkit,Full-time,38,Primary,14,Rural,Rarely,3167,528,1,B,0.4
6218-5384-6149,Sachin Trivedi,11-03-2024,17-03-2024,Blinkit,Full-time,44,Secondary,10,Rural,Yes,3833,639,1,C,0.4
7264-5239-1887,Neha Rao,11-03-2024,17-03-2024,Blinkit,Full-time,46,Primary,25,Urban,Yes,3067,511,1,B,0.4
4696-7598-4562,Sunita Naidu,11-03-2024,17-03-2024,Blinkit,Full-time,20,Primary,14,Semi-urban,Sometimes,3368,561,1,B,0.4
1322-5323-2045,Ganesh Ahmed,11-03-2024,17-03-2024,Blinkit,Full-time,35,Primary,2,Urban,Yes,3192,532,1,B,0.4
7831-2315-7694,Harish Mishra,11-03-2024,17-03-2024,Blinkit,Full-time,44,Secondary,21,Urban,Sometimes,4121,687,1,D,0.4
1915-5277-5334,Kavita Paul,11-03-2024,17-03-2024,Blinkit,Full-time,44,Primary,11,Urban,Yes,4364,727,1,D,0.4
2466-6952-4429,Sarita Hussain,11-03-2024,17-03-2024,Blinkit,Full-time,31,Primary,16,Semi-urban,Yes,2215,369,1,A,0.4
2890-3106-6044,Kapil Mehta,11-03-2024,17-03-2024,Blinkit,Part-time,37,Secondary,35,Semi-urban,Yes,1481,247,1,A,0.4
8862-1595-2899,Prakash Bhatt,11-03-2024,17-03-2024,Blinkit,Full-time,27,Secondary,28,Urban,Rarely,4619,770,1,D,0.4
1613-9232-2974,Ramesh Shaikh,11-03-2024,17-03-2024,Blinkit,Part-time,27,Primary,55,Urban,Sometimes,1887,314,1,A,0.4
3567-7571-4188,Usha Bhatt,11-03-2024,17-03-2024,Blinkit,Part-time,22,Secondary,30,Semi-urban,Yes,2332,389,1,A,0.4
3401-3729-9774,Padma Siddiqui,11-03-2024,17-03-2024,Blinkit,Full-time,46,Primary,18,Urban,Rarely,3914,652,1,C,0.4
6500-9493-8365,Usha Shetty,11-03-2024,17-03-2024,Blinkit,Full-time,30,Primary,16,Urban,Yes,3181,530,1,B,0.4
4872-7040-4666,Sunita Desai,11-03-2024,17-03-2024,Blinkit,Full-time,37,Primary,16,Semi-urban,No,2836,473,1,B,0.4
1484-7249-6499,Arjun Modi,11-03-2024,17-03-2024,Blinkit,Full-time,30,Primary,25,Urban,Yes,2719,453,1,B,0.4
8685-9699-4233,Ganesh Menon,11-03-2024,17-03-2024,Blinkit,Full-time,47,Secondary,22,Semi-urban,Always,3815,636,1,C,0.4
6547-5811-5618,Savita Joshi,11-03-2024,17-03-2024,Blinkit,Full-time,41,Primary,29,Semi-urban,Always,3045,508,1,B,0.4
3061-3355-7797,Manoj Bhatt,11-03-2024,17-03-2024,Blinkit,Full-time,37,Primary,58,Rural,Yes,3634,606,1,C,0.4
6326-9135-8321,Geeta Hegde,11-03-2024,17-03-2024,Porter,Full-time,42,Secondary,57,Urban,Rarely,4468,745,1,D,0.38
2070-9865-1623,Umesh Qureshi,11-03-2024,17-03-2024,Porter,Part-time,46,Primary,17,Rural,Sometimes,1608,268,1,A,0.38
4988-8107-5587,Priya Modi,11-03-2024,17-03-2024,Porter,Part-time,27,Primary,40,Rural,Rarely,1289,215,1,A,0.38
1146-2904-8391,Vimala Bhat,11-03-2024,17-03-2024,Porter,Part-time,43,Primary,41,Semi-urban,No,1410,235,1,A,0.38
1617-6704-7185,Sunita Pandey,11-03-2024,17-03-2024,Porter,Full-time,38,Secondary,4,Semi-urban,Yes,2084,347,1,A,0.38
9252-3759-3336,Ritesh Verma,11-03-2024,17-03-2024,Porter,Full-time,45,Secondary,28,Urban,No,3435,572,1,B,0.38
1799-2093-4593,Pooja Ghosh,11-03-2024,17-03-2024,Porter,Full-time,21,Secondary,32,Semi-urban,Yes,3467,578,1,C,0.38
2229-3941-9805,Sachin Agarwal,11-03-2024,17-03-2024,Porter,Full-time,25,Secondary,60,Rural,Always,3078,513,1,B,0.38
4575-5534-8473,Sarita Dave,11-03-2024,17-03-2024,Porter,Full-time,34,Secondary,44,Urban,Yes,3027,504,1,B,0.38
2382-5049-6367,Laxmi Qureshi,11-03-2024,17-03-2024,Porter,Full-time,43,Primary,57,Urban,Yes,4204,701,1,D,0.38
4300-7108-8649,Harish Yadav,11-03-2024,17-03-2024,Porter,Full-time,40,Secondary,53,Rural,Always,4441,740,1,D,0.38
5061-5940-3963,Vimala Yadav,11-03-2024,17-03-2024,Porter,Part-time,22,Primary,16,Urban,Rarely,1683,280,1,A,0.38
5942-9523-2599,Meena Rao,11-03-2024,17-03-2024,Porter,Full-time,48,Primary,23,Urban,Sometimes,3390,565,1,B,0.38
4899-3975-5662,Lokesh Bose,11-03-2024,17-03-2024,Porter,Full-time,44,Secondary,54,Rural,Yes,4178,696,1,D,0.38
4479-1551-3816,Pushpa Gowda,11-03-2024,17-03-2024,Porter,Full-time,42,Secondary,15,Semi-urban,Yes,4198,700,1,D,0.38
5624-4228-8500,Rajesh Poojary,11-03-2024,17-03-2024,Porter,Full-time,26,Secondary,56,Urban,Sometimes,3825,638,1,C,0.38
3161-2751-4469,Sumit Iyer,11-03-2024,17-03-2024,Porter,Full-time,23,Primary,15,Urban,Always,3374,562,1,B,0.38
8988-9671-4407,Satish Joshi,11-03-2024,17-03-2024,Porter,Full-time,28,Secondary,2,Semi-urban,No,4071,678,1,C,0.38
9404-3993-1691,Tarun Bose,11-03-2024,17-03-2024,Porter,Full-time,48,Primary,31,Semi-urban,No,4192,699,1,D,0.38
4080-1727-1034,Santosh Modi,11-03-2024,17-03-2024,Porter,Full-time,48,Secondary,24,Semi-urban,No,3952,659,1,C,0.38
9977-6212-4855,Prakash Gupta,11-03-2024,17-03-2024,Porter,Full-time,34,Primary,23,Rural,No,3605,601,1,C,0.38
7775-7053-9446,Mahesh Kamat,11-03-2024,17-03-2024,Porter,Full-time,37,Secondary,13,Urban,No,3314,552,1,B,0.38
4691-4127-5162,Manju Gupta,11-03-2024,17-03-2024,Porter,Full-time,29,Primary,8,Urban,Yes,3542,590,1,C,0.38
2956-8564-4689,Divya Bose,11-03-2024,17-03-2024,Porter,Full-time,40,Secondary,9,Urban,Yes,3988,665,1,C,0.38
5980-1632-8862,Vimala Pandey,11-03-2024,17-03-2024,Porter,Part-time,20,Secondary,39,Urban,Sometimes,1440,240,1,A,0.38
7333-9835-7270,Bharat Das,11-03-2024,17-03-2024,Porter,Full-time,41,Primary,40,Rural,Yes,3383,564,1,B,0.38
7750-1012-3323,Kavita Malik,11-03-2024,17-03-2024,Porter,Full-time,35,Secondary,40,Urban,No,4073,679,1,C,0.38
9875-4589-5207,Ritesh Dave,11-03-2024,17-03-2024,Porter,Full-time,48,Secondary,8,Rural,No,3088,515,1,B,0.38
3621-5963-5898,Lalit Shenoy,11-03-2024,17-03-2024,Porter,Full-time,30,Secondary,15,Urban,Always,3111,518,1,B,0.38
7832-6167-2215,Rekha Gupta,11-03-2024,17-03-2024,Porter,Full-time,38,Secondary,18,Semi-urban,No,3258,543,1,B,0.38
7730-2202-5691,Praveen Chauhan,11-03-2024,17-03-2024,Porter,Part-time,22,Secondary,9,Urban,Sometimes,1335,222,1,A,0.38
5022-3638-9422,Naresh Yadav,11-03-2024,17-03-2024,Porter,Part-time,42,Primary,1,Rural,Sometimes,1104,184,1,A,0.38
2118-7729-3810,Rakesh Bhatt,11-03-2024,17-03-2024,Porter,Full-time,45,Primary,8,Semi-urban,Yes,3670,612,1,C,0.38
6505-9684-9306,Meena Sharma,11-03-2024,17-03-2024,Porter,Full-time,38,Secondary,5,Urban,Sometimes,3350,558,1,B,0.38
8344-6419-3058,Bharat Dey,11-03-2024,17-03-2024,Porter,Full-time,22,Secondary,28,Urban,Yes,3727,621,1,C,0.38
8755-1169-5596,Nikhil Qureshi,11-03-2024,17-03-2024,Porter,Full-time,39,Secondary,4,Rural,Always,3715,619,1,C,0.38
7056-7523-1176,Sumit Dave,11-03-2024,17-03-2024,Porter,Full-time,31,Secondary,42,Semi-urban,Yes,3762,627,1,C,0.38
8132-7925-5463,Ritesh Yadav,11-03-2024,17-03-2024,Porter,Full-time,38,Primary,27,Urban,Always,4798,800,1,D,0.38
5822-9364-5125,Aarav Dey,11-03-2024,17-03-2024,Porter,Full-time,23,Secondary,41,Urban,Sometimes,3866,644,1,C,0.38
9265-8584-6075,Seema Parekh,11-03-2024,17-03-2024,Porter,Full-time,41,Primary,48,Semi-urban,Yes,5050,842,1,D,0.38
2607-1089-4413,Sarita Chatterjee,11-03-2024,17-03-2024,Shadowfax,Full-time,41,Secondary,57,Rural,Always,4288,715,1,D,0.33
2878-3901-7066,Anita Das,11-03-2024,17-03-2024,Shadowfax,Full-time,30,Primary,51,Semi-urban,Yes,3964,661,1,C,0.33
9630-7258-4744,Ramesh Bhatt,11-03-2024,17-03-2024,Shadowfax,Part-time,34,Primary,53,Urban,Yes,0,0,0,A,0.33
9580-8699-5763,Suresh Gowda,11-03-2024,17-03-2024,Shadowfax,Part-time,38,Secondary,30,Semi-urban,Yes,924,154,1,A,0.33
4058-6841-8721,Harish Trivedi,11-03-2024,17-03-2024,Shadowfax,Full-time,37,Secondary,30,Semi-urban,Sometimes,3782,630,1,C,0.33
3629-6720-4784,Shyam Ansari,11-03-2024,17-03-2024,Shadowfax,Full-time,40,Secondary,38,Rural,No,2969,495,1,B,0.33
7768-5261-1697,Pradeep Qureshi,11-03-2024,17-03-2024,Shadowfax,Full-time,28,Primary,21,Urban,Sometimes,4579,763,1,D,0.33
8788-5209-4660,Laxmi Siddiqui,11-03-2024,17-03-2024,Shadowfax,Part-time,41,Primary,19,Urban,Sometimes,1572,262,1,A,0.33
9736-4560-2907,Naresh Sen,11-03-2024,17-03-2024,Shadowfax,Part-time,22,Secondary,1,Urban,Always,2248,375,1,A,0.33
1968-3875-9262,Ritu Verma,11-03-2024,17-03-2024,Shadowfax,Full-time,20,Secondary,17,Rural,Always,4163,694,1,D,0.33
3102-8397-8216,Pooja Shaikh,11-03-2024,17-03-2024,Shadowfax,Full-time,44,Secondary,28,Semi-urban,Rarely,3153,526,1,B,0.33
1380-6424-7833,Dinesh Bhat,11-03-2024,17-03-2024,Shadowfax,Part-time,37,Primary,42,Urban,No,1085,181,1,A,0.33
8337-3768-6140,Priya Das,11-03-2024,17-03-2024,Shadowfax,Part-time,33,Secondary,38,Urban,Rarely,1086,181,1,A,0.33
8269-1104-6188,Sunita Agarwal,11-03-2024,17-03-2024,Shadowfax,Full-time,32,Secondary,15,Semi-urban,Always,4200,700,1,D,0.33
8020-2921-2114,Lalita Das,11-03-2024,17-03-2024,Shadowfax,Full-time,38,Primary,44,Rural,No,3848,641,1,C,0.33
9350-8578-1054,Anil Qureshi,11-03-2024,17-03-2024,Shadowfax,Full-time,37,Primary,6,Urban,Yes,3443,574,1,B,0.33
4228-8521-1010,Praveen Kamat,11-03-2024,17-03-2024,Shadowfax,Full-time,19,Secondary,3,Urban,Yes,3987,664,1,C,0.33
5992-2170-3781,Umesh Jain,11-03-2024,17-03-2024,Shadowfax,Full-time,43,Primary,2,Urban,No,3458,576,1,B,0.33
9314-1649-6154,Sunita Sen,11-03-2024,17-03-2024,Shadowfax,Full-time,21,Secondary,11,Semi-urban,No,3823,637,1,C,0.33
3896-9225-1083,Suman Bhat,11-03-2024,17-03-2024,Shadowfax,Full-time,30,Secondary,44,Rural,Yes,4110,685,1,D,0.33
4447-8609-7975,Arun Reddy,11-03-2024,17-03-2024,Shadowfax,Full-time,22,Primary,38,Urban,Yes,3006,501,1,B,0.33
3867-4050-2614,Sunil Reddy,11-03-2024,17-03-2024,Shadowfax,Full-time,32,Secondary,38,Urban,Sometimes,3015,502,1,B,0.33
5298-6973-6743,Aarav Naidu,11-03-2024,17-03-2024,Shadowfax,Full-time,40,Secondary,10,Urban,No,4323,720,1,D,0.33
9727-8688-7973,Kapil Jain,11-03-2024,17-03-2024,Shadowfax,Full-time,24,Secondary,21,Semi-urban,Always,4015,669,1,C,0.33
4953-7882-7764,Sunita Ahmed,11-03-2024,17-03-2024,Shadowfax,Full-time,44,Primary,1,Urban,Always,3611,602,1,C,0.33
7421-2430-3385,Vishal Agarwal,11-03-2024,17-03-2024,Shadowfax,Full-time,23,Secondary,8,Semi-urban,Sometimes,3254,542,1,B,0.33
7267-5650-7034,Sarita Paul,11-03-2024,17-03-2024,Shadowfax,Part-time,46,Primary,6,Urban,Yes,2256,376,1,A,0.33
8226-3217-7206,Santosh Sen,11-03-2024,17-03-2024,Shadowfax,Full-time,47,Primary,22,Urban,Always,3406,568,1,B,0.33
6542-5439-2604,Naveen Gupta,11-03-2024,17-03-2024,Shadowfax,Full-time,36,Primary,51,Urban,Yes,4336,723,1,D,0.33
3292-5967-3586,Arun Mukherjee,11-03-2024,17-03-2024,Shadowfax,Full-time,41,Primary,31,Urban,Yes,3069,512,1,B,0.33
2892-7057-9673,Radha Kumar,11-03-2024,17-03-2024,Shadowfax,Full-time,21,Secondary,52,Semi-urban,No,3753,626,1,C,0.33
9567-9290-6285,Mukesh Naidu,11-03-2024,17-03-2024,Shadowfax,Full-time,23,Primary,28,Semi-urban,Sometimes,4036,673,1,C,0.33
6092-5153-1696,Mukesh Mehta,11-03-2024,17-03-2024,Shadowfax,Full-time,31,Secondary,30,Urban,Rarely,2838,473,1,B,0.33
1422-6542-6146,Mahesh Trivedi,11-03-2024,17-03-2024,Shadowfax,Full-time,48,Secondary,23,Urban,Yes,2851,475,1,B,0.33
5900-8868-7961,Kamla Menon,11-03-2024,17-03-2024,Shadowfax,Part-time,46,Primary,5,Urban,Always,1238,206,1,A,0.33
2895-2004-3220,Praveen Roy,11-03-2024,17-03-2024,Shadowfax,Full-time,41,Secondary,3,Urban,No,3341,557,1,B,0.33
8768-2792-9432,Nisha Shetty,11-03-2024,17-03-2024,Shadowfax,Full-time,34,Primary,47,Urban,Always,3983,664,1,C,0.33
2754-5801-8725,Radha Chatterjee,11-03-2024,17-03-2024,Shadowfax,Full-time,26,Primary,36,Semi-urban,Sometimes,3731,622,1,C,0.33
5950-7600-8162,Vinod Yadav,11-03-2024,17-03-2024,Shadowfax,Full-time,37,Primary,41,Urban,No,3572,595,1,C,0.33
4472-3746-2545,Nilesh Mehta,11-03-2024,17-03-2024,Shadowfax,Full-time,33,Primary,36,Rural,Yes,4301,717,1,D,0.33
2640-1363-8065,Vinod Singh,18-03-2024,24-03-2024,Amazon,Full-time,32,Secondary,47,Urban,Sometimes,4429,738,1,D,0.27
6217-9921-2907,Santosh Verma,18-03-2024,24-03-2024,Amazon,Full-time,22,Secondary,17,Urban,Rarely,4124,687,1,D,0.27
7349-3472-7936,Rahul Sharma,18-03-2024,24-03-2024,Amazon,Full-time,38,Secondary,46,Urban,Always,3832,639,1,C,0.27
4112-3965-6397,Arun Patel,18-03-2024,24-03-2024,Amazon,Full-time,40,Secondary,37,Semi-urban,Yes,5536,923,1,D,0.27
2396-3088-2429,Nikhil Banerjee,18-03-2024,24-03-2024,Amazon,Full-time,28,Primary,54,Semi-urban,Yes,5185,864,1,D,0.27
4963-7821-7884,Bharat Bhat,18-03-2024,24-03-2024,Amazon,Full-time,25,Primary,57,Urban,No,4376,729,1,D,0.27
4232-5218-7253,Shanti Trivedi,18-03-2024,24-03-2024,Amazon,Full-time,24,Primary,46,Urban,No,4015,669,1,C,0.27
2746-6763-3672,Sarita Dey,18-03-2024,24-03-2024,Amazon,Full-time,28,Primary,51,Urban,Yes,3857,643,1,C,0.27
1230-1892-1086,Arun Sen,18-03-2024,24-03-2024,Amazon,Full-time,29,Secondary,56,Urban,No,5831,972,1,D,0.27
4387-6738-2811,Seema Sen,18-03-2024,24-03-2024,Amazon,Full-time,29,Primary,4,Rural,Yes,4566,761,1,D,0.27
9265-4321-1594,Girish Rao,18-03-2024,24-03-2024,Amazon,Full-time,38,Secondary,53,Urban,No,5247,874,1,D,0.27
3496-4426-1355,Rakesh Shaikh,18-03-2024,24-03-2024,Amazon,Full-time,45,Primary,5,Urban,Sometimes,4404,734,1,D,0.27
9969-4113-2677,Bharat Naik,18-03-2024,24-03-2024,Amazon,Part-time,39,Primary,49,Urban,Always,950,158,1,A,0.27
8660-5353-2598,Ajay Kumar,18-03-2024,24-03-2024,Amazon,Full-time,41,Secondary,24,Urban,Sometimes,4893,816,1,D,0.27
3391-4834-2854,Sunil Kumar,18-03-2024,24-03-2024,Amazon,Part-time,39,Primary,45,Urban,Rarely,1547,258,1,A,0.27
6918-6429-4550,Kiran Verma,18-03-2024,24-03-2024,Amazon,Full-time,21,Primary,42,Urban,Yes,4677,780,1,D,0.27
5779-5313-9445,Kavita Nair,18-03-2024,24-03-2024,Amazon,Full-time,36,Secondary,6,Urban,Rarely,4874,812,1,D,0.27
6010-8812-6995,Nisha Malik,18-03-2024,24-03-2024,Amazon,Full-time,28,Primary,4,Urban,Sometimes,4931,822,1,D,0.27
1628-1185-5009,Mahesh Shenoy,18-03-2024,24-03-2024,Amazon,Full-time,22,Secondary,31,Semi-urban,Yes,4543,757,1,D,0.27
1621-9807-5954,Rohit Shetty,18-03-2024,24-03-2024,Amazon,Full-time,22,Secondary,29,Urban,Sometimes,4318,720,1,D,0.27
7558-2428-2814,Suman Reddy,18-03-2024,24-03-2024,Amazon,Part-time,34,Secondary,53,Semi-urban,Sometimes,1237,206,1,A,0.27
1688-6901-4145,Vinod Shaikh,18-03-2024,24-03-2024,Amazon,Full-time,43,Secondary,29,Urban,Sometimes,4210,702,1,D,0.27
4414-1094-1798,Bharat Shaikh,18-03-2024,24-03-2024,Amazon,Part-time,36,Primary,24,Semi-urban,Rarely,1666,278,1,A,0.27
2987-8989-5637,Asha Ahmed,18-03-2024,24-03-2024,Amazon,Full-time,37,Primary,37,Semi-urban,Always,4840,807,1,D,0.27
9046-6192-5651,Nikhil Hegde,18-03-2024,24-03-2024,Amazon,Full-time,23,Primary,50,Urban,Sometimes,4843,807,1,D,0.27
5860-2403-4817,Lalit Tiwari,18-03-2024,24-03-2024,Amazon,Part-time,37,Primary,30,Semi-urban,No,1419,236,1,A,0.27
7800-1547-6954,Ajay Mishra,18-03-2024,24-03-2024,Amazon,Part-time,41,Secondary,2,Urban,Always,1198,200,1,A,0.27
2738-7941-6804,Lalita Sharma,18-03-2024,24-03-2024,Amazon,Full-time,19,Primary,38,Rural,Always,3774,629,1,C,0.27
3256-5540-4851,Shanti Yadav,18-03-2024,24-03-2024,Amazon,Full-time,25,Secondary,12,Urban,Always,5505,918,1,D,0.27
7140-7812-4750,Ganesh Jain,18-03-2024,24-03-2024,Amazon,Full-time,19,Primary,45,Semi-urban,Sometimes,2446,408,1,A,0.27
5573-3048-3614,Neha Trivedi,18-03-2024,24-03-2024,Amazon,Full-time,41,Secondary,6,Rural,Yes,4599,766,1,D,0.27
2206-8886-3158,Bharat Hegde,18-03-2024,24-03-2024,Amazon,Part-time,20,Primary,51,Semi-urban,Sometimes,1431,238,1,A,0.27
4979-6633-5580,Amit Singh,18-03-2024,24-03-2024,Amazon,Part-time,19,Secondary,5,Urban,Sometimes,1270,212,1,A,0.27
6224-4837-3146,Varun Bhatt,18-03-2024,24-03-2024,Amazon,Full-time,33,Secondary,6,Urban,Always,3295,549,1,B,0.27
9548-4920-3613,Sita Hegde,18-03-2024,24-03-2024,Amazon,Full-time,22,Primary,23,Rural,No,4351,725,1,D,0.27
5511-3905-9262,Pushpa Rao,18-03-2024,24-03-2024,Amazon,Full-time,21,Secondary,20,Semi-urban,Yes,4441,740,1,D,0.27
4394-6808-6099,Vimala Shah,18-03-2024,24-03-2024,Amazon,Full-time,40,Secondary,21,Semi-urban,Yes,4314,719,1,D,0.27
4831-4995-7037,Sita Parekh,18-03-2024,24-03-2024,Amazon,Full-time,31,Primary,16,Rural,Always,3722,620,1,C,0.27
1269-6334-3728,Ravi Singh,18-03-2024,24-03-2024,Amazon,Part-time,30,Primary,33,Urban,Always,859,143,1,A,0.27
3337-7610-1012,Anita Jain,18-03-2024,24-03-2024,Amazon,Full-time,44,Secondary,37,Semi-urban,Sometimes,4847,808,1,D,0.27
4940-1805-6603,Sarita Ali,18-03-2024,24-03-2024,Amazon,Full-time,19,Secondary,54,Semi-urban,Sometimes,4164,694,1,D,0.27
8560-9896-2115,Sumit Kumar,18-03-2024,24-03-2024,Amazon,Full-time,46,Secondary,43,Semi-urban,No,5557,926,1,D,0.27
5451-5314-8283,Kamla Gowda,18-03-2024,24-03-2024,Amazon,Full-time,35,Secondary,42,Urban,Yes,5105,851,1,D,0.27
1380-5070-5438,Ritesh Patel,18-03-2024,24-03-2024,Amazon,Full-time,41,Secondary,9,Urban,Yes,4251,708,1,D,0.27
4609-9133-4819,Amit Mishra,18-03-2024,24-03-2024,Amazon,Part-time,24,Secondary,16,Urban,Sometimes,1366,228,1,A,0.27
3459-1579-8738,Tarun Naidu,18-03-2024,24-03-2024,Amazon,Full-time,33,Secondary,43,Rural,Sometimes,4364,727,1,D,0.27
7329-6865-6886,Harish Kumar,18-03-2024,24-03-2024,Amazon,Part-time,25,Secondary,36,Urban,Yes,1136,189,1,A,0.27
6936-2496-9328,Sunil Bhat,18-03-2024,24-03-2024,Amazon,Part-time,32,Secondary,21,Rural,No,3007,501,1,B,0.27
6595-2186-8035,Ramesh Paul,18-03-2024,24-03-2024,Amazon,Full-time,27,Primary,32,Semi-urban,Always,3821,637,1,C,0.27
1364-5726-7613,Dinesh Shah,18-03-2024,24-03-2024,Amazon,Full-time,47,Secondary,47,Urban,Always,4587,764,1,D,0.27
4231-2372-4282,Varun Shah,18-03-2024,24-03-2024,Amazon,Part-time,39,Secondary,25,Urban,Sometimes,829,138,1,A,0.27
1639-9454-1738,Padma Bose,18-03-2024,24-03-2024,Amazon,Full-time,48,Primary,5,Urban,No,4454,742,1,D,0.27
1365-1216-3667,Ravi Gupta,18-03-2024,24-03-2024,Amazon,Full-time,33,Secondary,52,Urban,Yes,5100,850,1,D,0.27
9585-7551-1282,Sita Chauhan,18-03-2024,24-03-2024,Amazon,Full-time,45,Secondary,34,Urban,Yes,4169,695,1,D,0.27
2440-9742-5006,Lalit Hegde,18-03-2024,24-03-2024,Amazon,Full-time,40,Primary,16,Rural,Yes,5198,866,1,D,0.27
8119-5398-8401,Deepak Amin,18-03-2024,24-03-2024,Amazon,Full-time,33,Primary,30,Urban,No,3885,648,1,C,0.27
9536-5487-9929,Ramesh Jain,18-03-2024,24-03-2024,Amazon,Full-time,32,Secondary,56,Urban,Yes,5346,891,1,D,0.27
9275-1761-4737,Lalita Bose,18-03-2024,24-03-2024,Amazon,Full-time,38,Primary,28,Semi-urban,Always,3830,638,1,C,0.27
3473-5694-9734,Sanjay Hegde,18-03-2024,24-03-2024,Amazon,Full-time,46,Secondary,25,Rural,No,3775,629,1,C,0.27
8538-5651-3019,Usha Qureshi,18-03-2024,24-03-2024,Amazon,Full-time,29,Primary,52,Urban,No,4447,741,1,D,0.27
5851-9238-5792,Deepak Iyer,18-03-2024,24-03-2024,Amazon,Full-time,25,Secondary,35,Urban,Yes,4145,691,1,D,0.27
1995-4204-5323,Yogesh Rajput,18-03-2024,24-03-2024,Amazon,Full-time,46,Primary,49,Semi-urban,No,3326,554,1,B,0.27
9066-5812-5044,Neha Malik,18-03-2024,24-03-2024,Amazon,Full-time,44,Secondary,29,Semi-urban,Always,4710,785,1,D,0.27
8466-1900-4700,Kavita Shenoy,18-03-2024,24-03-2024,Amazon,Full-time,24,Primary,1,Semi-urban,No,4138,690,1,D,0.27
2676-1661-7233,Kamla Ansari,18-03-2024,24-03-2024,Amazon,Full-time,42,Primary,60,Semi-urban,Yes,4553,759,1,D,0.27
9729-5078-9709,Shanti Pandey,18-03-2024,24-03-2024,Amazon,Full-time,22,Secondary,28,Urban,Sometimes,5130,855,1,D,0.27
9735-7101-8282,Deepak Naik,18-03-2024,24-03-2024,Amazon,Full-time,36,Primary,55,Semi-urban,Sometimes,4423,737,1,D,0.27
3378-9204-6948,Arun Das,18-03-2024,24-03-2024,Amazon,Full-time,47,Primary,41,Urban,Sometimes,4684,781,1,D,0.27
5550-7560-6627,Ritu Ahmed,18-03-2024,24-03-2024,Amazon,Full-time,37,Primary,59,Semi-urban,Sometimes,4281,714,1,D,0.27
4864-3874-7119,Divya Chatterjee,18-03-2024,24-03-2024,Amazon,Full-time,38,Primary,32,Rural,Always,3652,609,1,C,0.27
8031-8567-1256,Sanjay Ghosh,18-03-2024,24-03-2024,Ekart,Part-time,45,Secondary,60,Semi-urban,No,1728,288,1,A,0.31
7934-9201-3568,Satish Modi,18-03-2024,24-03-2024,Ekart,Full-time,33,Secondary,22,Semi-urban,Yes,4585,764,1,D,0.31
9840-7391-1437,Yogesh Kumar,18-03-2024,24-03-2024,Ekart,Full-time,26,Secondary,32,Semi-urban,No,3162,527,1,B,0.31
7001-5659-2958,Amit Mehta,18-03-2024,24-03-2024,Ekart,Full-time,36,Primary,41,Semi-urban,Yes,4572,762,1,D,0.31
9007-1153-6548,Shyam Parekh,18-03-2024,24-03-2024,Ekart,Full-time,24,Secondary,44,Semi-urban,No,3673,612,1,C,0.31
9232-9765-9480,Vinod Shah,18-03-2024,24-03-2024,Ekart,Full-time,40,Secondary,31,Urban,Yes,3855,642,1,C,0.31
7075-6470-5726,Prakash Khan,18-03-2024,24-03-2024,Ekart,Full-time,26,Secondary,11,Rural,Always,4137,690,1,D,0.31
4647-4190-4886,Sachin Patel,18-03-2024,24-03-2024,Ekart,Full-time,23,Secondary,60,Urban,No,4811,802,1,D,0.31
8832-1295-6372,Geeta Rajput,18-03-2024,24-03-2024,Ekart,Part-time,41,Secondary,4,Urban,Yes,1707,284,1,A,0.31
9459-3589-3492,Naresh Naidu,18-03-2024,24-03-2024,Ekart,Part-time,26,Secondary,54,Semi-urban,No,1293,216,1,A,0.31
5123-7434-5080,Tarun Amin,18-03-2024,24-03-2024,Ekart,Full-time,44,Primary,4,Urban,Always,3202,534,1,B,0.31
9998-1196-2904,Prakash Ahmed,18-03-2024,24-03-2024,Ekart,Full-time,27,Secondary,18,Semi-urban,Sometimes,3199,533,1,B,0.31
2768-8501-8984,Praveen Banerjee,18-03-2024,24-03-2024,Ekart,Full-time,43,Secondary,2,Rural,Sometimes,3701,617,1,C,0.31
2599-6664-4192,Pradeep Shah,18-03-2024,24-03-2024,Ekart,Full-time,22,Primary,15,Semi-urban,Always,4461,744,1,D,0.31
1502-7401-9940,Ravi Patel,18-03-2024,24-03-2024,Ekart,Full-time,24,Primary,39,Semi-urban,Sometimes,4111,685,1,D,0.31
7668-7974-4742,Sita Islam,18-03-2024,24-03-2024,Ekart,Full-time,40,Secondary,5,Rural,Yes,4620,770,1,D,0.31
2648-8281-8986,Shanti Rao,18-03-2024,24-03-2024,Ekart,Full-time,25,Secondary,43,Urban,Rarely,3034,506,1,B,0.31
9157-3668-4315,Mamta Iyer,18-03-2024,24-03-2024,Ekart,Full-time,46,Secondary,33,Urban,Always,3394,566,1,B,0.31
8573-6512-1728,Padma Thakur,18-03-2024,24-03-2024,Ekart,Full-time,43,Secondary,46,Semi-urban,Yes,3984,664,1,C,0.31
6804-8724-6821,Mamta Paul,18-03-2024,24-03-2024,Ekart,Part-time,30,Secondary,23,Semi-urban,Always,684,114,1,A,0.31
1455-5435-7016,Rajesh Hegde,18-03-2024,24-03-2024,Ekart,Full-time,39,Secondary,37,Urban,Yes,3905,651,1,C,0.31
9023-1820-1936,Rajesh Shah,18-03-2024,24-03-2024,Ekart,Full-time,30,Secondary,16,Semi-urban,No,3741,624,1,C,0.31
9112-3293-1037,Vimala Chatterjee,18-03-2024,24-03-2024,Ekart,Full-time,24,Secondary,22,Semi-urban,Yes,4268,711,1,D,0.31
3500-9794-9532,Asha Khan,18-03-2024,24-03-2024,Ekart,Full-time,38,Primary,35,Urban,Sometimes,4520,753,1,D,0.31
7911-2412-1499,Vishal Bhat,18-03-2024,24-03-2024,Ekart,Full-time,46,Primary,1,Urban,Yes,3509,585,1,C,0.31
5458-2600-8079,Aarav Ahmed,18-03-2024,24-03-2024,Ekart,Part-time,44,Secondary,14,Rural,Sometimes,2120,353,1,A,0.31
2609-2674-1106,Anil Sharma,18-03-2024,24-03-2024,Ekart,Full-time,32,Secondary,59,Semi-urban,Yes,2432,405,1,A,0.31
8312-9891-3626,Vimala Modi,18-03-2024,24-03-2024,Ekart,Full-time,22,Primary,24,Semi-urban,Sometimes,3555,592,1,C,0.31
4346-3791-1321,Rohit Siddiqui,18-03-2024,24-03-2024,Ekart,Full-time,26,Primary,37,Urban,Always,3916,653,1,C,0.31
5196-4344-8856,Asha Modi,18-03-2024,24-03-2024,Ekart,Part-time,23,Secondary,26,Urban,Sometimes,1601,267,1,A,0.31
6495-6067-6597,Naveen Ansari,18-03-2024,24-03-2024,Ekart,Full-time,37,Primary,46,Urban,Rarely,3920,653,1,C,0.31
5470-2093-5454,Usha Rajput,18-03-2024,24-03-2024,Ekart,Full-time,26,Primary,20,Urban,No,3814,636,1,C,0.31
5023-2669-6392,Tarun Modi,18-03-2024,24-03-2024,Ekart,Part-time,44,Secondary,50,Urban,No,1028,171,1,A,0.31
5636-9843-4026,Dinesh Naidu,18-03-2024,24-03-2024,Ekart,Full-time,40,Secondary,7,Urban,Sometimes,4191,698,1,D,0.31
2669-7347-6948,Nilesh Ansari,18-03-2024,24-03-2024,Ekart,Full-time,24,Primary,58,Rural,Sometimes,4631,772,1,D,0.31
2256-9496-1522,Nikhil Pillai,18-03-2024,24-03-2024,Ekart,Full-time,48,Primary,59,Urban,No,4596,766,1,D,0.31
1123-4845-3631,Vijay Modi,18-03-2024,24-03-2024,Ekart,Full-time,41,Primary,7,Semi-urban,Sometimes,4380,730,1,D,0.31
9742-4652-9363,Radha Shaikh,18-03-2024,24-03-2024,Ekart,Full-time,31,Primary,22,Rural,Yes,4439,740,1,D,0.31
6542-9149-1032,Sarita Yadav,18-03-2024,24-03-2024,Ekart,Full-time,41,Secondary,4,Rural,Yes,4206,701,1,D,0.31
3324-7953-1844,Vijay Sharma,18-03-2024,24-03-2024,Ekart,Full-time,25,Secondary,1,Urban,Yes,4859,810,1,D,0.31
6048-4906-2910,Sarita Modi,18-03-2024,24-03-2024,Ekart,Full-time,28,Secondary,58,Urban,No,4344,724,1,D,0.31
9894-9893-6612,Nilesh Shenoy,18-03-2024,24-03-2024,Ekart,Full-time,39,Secondary,34,Urban,No,4152,692,1,D,0.31
3807-7792-5341,Rohit Khan,18-03-2024,24-03-2024,Ekart,Full-time,43,Primary,50,Urban,Yes,3322,554,1,B,0.31
7699-7037-7589,Meena Gupta,18-03-2024,24-03-2024,Ekart,Full-time,22,Secondary,29,Urban,Yes,3225,538,1,B,0.31
4001-7245-3685,Savita Bhatt,18-03-2024,24-03-2024,Ekart,Part-time,34,Primary,47,Urban,Rarely,1415,236,1,A,0.31
5680-3005-5418,Sachin Das,18-03-2024,24-03-2024,Ekart,Full-time,20,Secondary,28,Rural,No,4791,798,1,D,0.31
1837-1339-6538,Mahesh Malik,18-03-2024,24-03-2024,Ekart,Full-time,39,Primary,6,Semi-urban,Always,5140,857,1,D,0.31
5558-9721-7990,Mamta Sen,18-03-2024,24-03-2024,Ekart,Full-time,21,Primary,1,Urban,Sometimes,4433,739,1,D,0.31
3760-1701-2126,Vinod Hussain,18-03-2024,24-03-2024,Ekart,Full-time,22,Primary,34,Semi-urban,Sometimes,4019,670,1,C,0.31
1512-9860-3209,Umesh Amin,18-03-2024,24-03-2024,Ekart,Full-time,20,Primary,24,Rural,Sometimes,3955,659,1,C,0.31
2927-5069-5480,Usha Siddiqui,18-03-2024,24-03-2024,Ekart,Part-time,31,Primary,40,Semi-urban,No,981,164,1,A,0.31
3667-7876-6594,Naresh Bhat,18-03-2024,24-03-2024,Ekart,Part-time,24,Primary,35,Rural,Sometimes,1800,300,1,A,0.31
7125-2311-2980,Manoj Reddy,18-03-2024,24-03-2024,Ekart,Full-time,39,Secondary,22,Semi-urban,Rarely,2435,406,1,A,0.31
4277-5990-6396,Varun Gupta,18-03-2024,24-03-2024,Ekart,Full-time,32,Secondary,59,Semi-urban,Sometimes,3259,543,1,B,0.31
6196-3764-4181,Ganesh Kumar,18-03-2024,24-03-2024,Ekart,Full-time,47,Secondary,7,Urban,No,4675,779,1,D,0.31
6808-5031-5191,Manoj Siddiqui,18-03-2024,24-03-2024,Ekart,Part-time,28,Primary,9,Semi-urban,Sometimes,2406,401,1,A,0.31
2906-1935-9229,Dinesh Chatterjee,18-03-2024,24-03-2024,Ekart,Full-time,40,Primary,60,Semi-urban,Yes,4021,670,1,C,0.31
5134-6438-5831,Rahul Pandey,18-03-2024,24-03-2024,Ekart,Full-time,21,Primary,2,Urban,Yes,3968,661,1,C,0.31
2166-1879-8599,Dinesh Modi,18-03-2024,24-03-2024,Ekart,Full-time,32,Secondary,33,Urban,No,3282,547,1,B,0.31
5400-6850-2940,Laxmi Tiwari,18-03-2024,24-03-2024,Ekart,Full-time,22,Secondary,17,Urban,Sometimes,3273,546,1,B,0.31
5612-8502-8582,Shanti Naidu,18-03-2024,24-03-2024,Delhivery,Full-time,20,Primary,42,Urban,Sometimes,4173,696,1,D,0.36
1099-3113-2449,Anita Bhatt,18-03-2024,24-03-2024,Delhivery,Full-time,34,Primary,15,Semi-urban,Sometimes,3359,560,1,B,0.36
5987-3835-6925,Satish Thakur,18-03-2024,24-03-2024,Delhivery,Full-time,32,Secondary,34,Rural,Yes,3544,591,1,C,0.36
7430-9674-5855,Bharat Banerjee,18-03-2024,24-03-2024,Delhivery,Full-time,37,Secondary,43,Urban,No,4544,757,1,D,0.36
4644-7327-8179,Anita Paul,18-03-2024,24-03-2024,Delhivery,Full-time,33,Secondary,12,Semi-urban,Yes,3399,566,1,B,0.36
1862-9944-7412,Durga Bhatt,18-03-2024,24-03-2024,Delhivery,Full-time,47,Secondary,50,Semi-urban,Sometimes,3050,508,1,B,0.36
1981-3769-1663,Vishal Shetty,18-03-2024,24-03-2024,Delhivery,Full-time,45,Primary,20,Urban,Always,3611,602,1,C,0.36
6738-4064-3147,Rakesh Mukherjee,18-03-2024,24-03-2024,Delhivery,Full-time,30,Primary,31,Urban,No,4554,759,1,D,0.36
2583-6357-3282,Anita Modi,18-03-2024,24-03-2024,Delhivery,Part-time,38,Secondary,24,Semi-urban,No,877,146,1,A,0.36
7249-3187-7723,Mohit Ali,18-03-2024,24-03-2024,Delhivery,Part-time,41,Secondary,20,Urban,Yes,1020,170,1,A,0.36
3877-9342-5256,Sumit Ali,18-03-2024,24-03-2024,Delhivery,Part-time,32,Primary,14,Urban,Yes,1366,228,1,A,0.36
8071-8576-8329,Divya Trivedi,18-03-2024,24-03-2024,Delhivery,Full-time,35,Secondary,59,Semi-urban,Always,3253,542,1,B,0.36
2719-1252-7336,Ritu Kamat,18-03-2024,24-03-2024,Delhivery,Full-time,25,Secondary,5,Semi-urban,Yes,3760,627,1,C,0.36
8418-4502-8986,Rakesh Desai,18-03-2024,24-03-2024,Delhivery,Full-time,42,Primary,52,Urban,No,2517,420,1,B,0.36
6748-8511-4875,Mukesh Joshi,18-03-2024,24-03-2024,Delhivery,Full-time,21,Secondary,5,Semi-urban,Yes,3562,594,1,C,0.36
5797-8603-4104,Lalita Modi,18-03-2024,24-03-2024,Delhivery,Full-time,24,Secondary,47,Urban,Sometimes,4308,718,1,D,0.36
1913-1753-6591,Satish Shenoy,18-03-2024,24-03-2024,Delhivery,Part-time,43,Primary,1,Urban,Yes,1929,322,1,A,0.36
6979-9831-3279,Praveen Rajput,18-03-2024,24-03-2024,Delhivery,Part-time,20,Secondary,7,Semi-urban,Always,1316,219,1,A,0.36
8500-8289-9537,Nilesh Sharma,18-03-2024,24-03-2024,Delhivery,Full-time,38,Secondary,38,Rural,No,3220,537,1,B,0.36
2684-6961-3879,Sunil Malik,18-03-2024,24-03-2024,Delhivery,Part-time,47,Secondary,40,Rural,Always,1990,332,1,A,0.36
1321-5336-5256,Shyam Trivedi,18-03-2024,24-03-2024,Delhivery,Part-time,24,Primary,23,Semi-urban,Sometimes,2407,401,1,A,0.36
7726-2862-8823,Vimala Pillai,18-03-2024,24-03-2024,Delhivery,Full-time,19,Secondary,15,Urban,Yes,2899,483,1,B,0.36
5864-6629-8835,Lokesh Verma,18-03-2024,24-03-2024,Delhivery,Full-time,36,Primary,50,Urban,No,3736,623,1,C,0.36
5998-6165-6950,Sarita Ahmed,18-03-2024,24-03-2024,Delhivery,Full-time,26,Secondary,54,Semi-urban,Yes,3859,643,1,C,0.36
9788-6499-1889,Padma Sharma,18-03-2024,24-03-2024,Delhivery,Full-time,41,Secondary,24,Rural,Yes,3863,644,1,C,0.36
2700-7445-8892,Ajay Das,18-03-2024,24-03-2024,Delhivery,Full-time,43,Primary,41,Urban,Yes,3409,568,1,B,0.36
5958-1314-4063,Suman Tiwari,18-03-2024,24-03-2024,Delhivery,Full-time,30,Primary,44,Semi-urban,Yes,3630,605,1,C,0.36
9329-4417-7309,Rekha Poojary,18-03-2024,24-03-2024,Delhivery,Full-time,22,Secondary,43,Rural,Yes,3854,642,1,C,0.36
9126-8412-3795,Vinod Islam,18-03-2024,24-03-2024,Delhivery,Full-time,33,Secondary,3,Rural,Yes,3980,663,1,C,0.36
6040-5876-8389,Manoj Dave,18-03-2024,24-03-2024,Delhivery,Full-time,19,Secondary,45,Semi-urban,No,3445,574,1,C,0.36
4643-9689-6282,Nisha Rajput,18-03-2024,24-03-2024,Delhivery,Full-time,38,Secondary,34,Semi-urban,Yes,2986,498,1,B,0.36
1987-5547-7635,Kapil Dey,18-03-2024,24-03-2024,Delhivery,Full-time,24,Secondary,59,Semi-urban,Always,2388,398,1,A,0.36
6333-7245-1404,Ritu Gupta,18-03-2024,24-03-2024,Delhivery,Full-time,27,Secondary,28,Urban,Yes,3974,662,1,C,0.36
8117-7929-8772,Lalit Malik,18-03-2024,24-03-2024,Delhivery,Full-time,25,Primary,50,Semi-urban,No,3668,611,1,C,0.36
7602-3934-5871,Mohit Amin,18-03-2024,24-03-2024,Delhivery,Full-time,25,Secondary,32,Urban,Always,4096,683,1,D,0.36
7125-8727-2057,Harish Joshi,18-03-2024,24-03-2024,Delhivery,Part-time,27,Primary,48,Urban,Sometimes,1475,246,1,A,0.36
5999-8346-6133,Varun Reddy,18-03-2024,24-03-2024,Delhivery,Part-time,23,Primary,12,Urban,Yes,318,53,1,A,0.36
6290-1666-2434,Ravi Ahmed,18-03-2024,24-03-2024,Delhivery,Full-time,30,Primary,50,Rural,Yes,4128,688,1,D,0.36
5492-8199-8516,Ritu Amin,18-03-2024,24-03-2024,Delhivery,Full-time,22,Primary,23,Semi-urban,Always,3811,635,1,C,0.36
2973-6073-4036,Nikhil Dave,18-03-2024,24-03-2024,Delhivery,Full-time,45,Primary,49,Urban,Sometimes,4280,713,1,D,0.36
4899-1022-7211,Amit Reddy,18-03-2024,24-03-2024,Delhivery,Full-time,27,Secondary,26,Rural,Sometimes,3966,661,1,C,0.36
8511-7298-3740,Radha Das,18-03-2024,24-03-2024,Delhivery,Full-time,21,Primary,19,Urban,Sometimes,3218,536,1,B,0.36
6604-7654-9546,Naveen Modi,18-03-2024,24-03-2024,Delhivery,Part-time,40,Primary,49,Semi-urban,No,850,142,1,A,0.36
8461-5366-9651,Nilesh Gowda,18-03-2024,24-03-2024,Delhivery,Full-time,42,Primary,40,Urban,Sometimes,2917,486,1,B,0.36
3775-9974-6275,Rahul Thakur,18-03-2024,24-03-2024,Delhivery,Full-time,35,Primary,35,Semi-urban,No,2462,410,1,A,0.36
4276-2010-6228,Lalita Hussain,18-03-2024,24-03-2024,Delhivery,Full-time,48,Primary,29,Rural,No,3444,574,1,B,0.36
2116-3067-1674,Rekha Desai,18-03-2024,24-03-2024,Delhivery,Full-time,42,Secondary,57,Semi-urban,Yes,4204,701,1,D,0.36
8631-3121-8268,Rohit Chatterjee,18-03-2024,24-03-2024,Delhivery,Full-time,30,Primary,39,Urban,Yes,4228,705,1,D,0.36
6753-1346-5760,Shanti Amin,18-03-2024,24-03-2024,Delhivery,Part-time,22,Primary,17,Urban,Always,1809,302,1,A,0.36
5109-9416-5088,Vijay Khan,18-03-2024,24-03-2024,Delhivery,Full-time,38,Secondary,43,Semi-urban,No,3506,584,1,C,0.36
2886-9417-5363,Prakash Shetty,18-03-2024,24-03-2024,Delhivery,Full-time,38,Secondary,11,Urban,Yes,3402,567,1,B,0.36
5560-9189-6749,Gaurav Kumar,18-03-2024,24-03-2024,Delhivery,Full-time,43,Secondary,41,Semi-urban,Always,2512,419,1,A,0.36
5947-6172-5000,Asha Jain,18-03-2024,24-03-2024,Delhivery,Full-time,45,Primary,58,Urban,Always,3224,537,1,B,0.36
6777-3439-5887,Sunil Bhatt,18-03-2024,24-03-2024,Delhivery,Full-time,43,Primary,21,Urban,Rarely,3753,626,1,C,0.36
7793-4934-6349,Vijay Thakur,18-03-2024,24-03-2024,Delhivery,Full-time,29,Primary,29,Semi-urban,Rarely,3156,526,1,B,0.36
2438-2387-9170,Priya Chatterjee,18-03-2024,24-03-2024,Dunzo,Part-time,34,Secondary,19,Semi-urban,Always,876,146,1,A,0.42
7487-4851-1905,Rakesh Thakur,18-03-2024,24-03-2024,Dunzo,Full-time,41,Secondary,21,Urban,Sometimes,3611,602,1,C,0.42
9828-2159-3406,Aarav Roy,18-03-2024,24-03-2024,Dunzo,Full-time,28,Secondary,19,Urban,Sometimes,3312,552,1,B,0.42
4061-2308-3601,Pradeep Shaikh,18-03-2024,24-03-2024,Dunzo,Full-time,25,Secondary,35,Semi-urban,Sometimes,2817,470,1,B,0.42
4619-6601-6408,Padma Bhatt,18-03-2024,24-03-2024,Dunzo,Full-time,41,Secondary,37,Urban,Yes,1916,319,1,A,0.42
8919-3727-2053,Praveen Bhat,18-03-2024,24-03-2024,Dunzo,Full-time,47,Primary,17,Urban,Always,3989,665,1,C,0.42
9481-2654-9452,Kapil Hegde,18-03-2024,24-03-2024,Dunzo,Full-time,33,Primary,22,Semi-urban,Always,3537,590,1,C,0.42
1572-1323-3492,Mohit Naidu,18-03-2024,24-03-2024,Dunzo,Part-time,47,Secondary,3,Urban,Yes,919,153,1,A,0.42
1660-7607-3971,Manoj Trivedi,18-03-2024,24-03-2024,Dunzo,Full-time,30,Primary,40,Urban,Rarely,3346,558,1,B,0.42
5227-8577-1307,Radha Iyer,18-03-2024,24-03-2024,Dunzo,Full-time,38,Secondary,25,Urban,Yes,3527,588,1,C,0.42
6771-6236-7161,Yogesh Dave,18-03-2024,24-03-2024,Dunzo,Full-time,20,Primary,58,Rural,Yes,2895,482,1,B,0.42
4465-4777-3713,Kavita Hegde,18-03-2024,24-03-2024,Dunzo,Part-time,29,Secondary,32,Urban,Sometimes,1424,237,1,A,0.42
5974-2046-1311,Suman Malik,18-03-2024,24-03-2024,Dunzo,Part-time,23,Secondary,36,Urban,Always,1162,194,1,A,0.42
9980-6047-2819,Rajesh Malik,18-03-2024,24-03-2024,Dunzo,Full-time,33,Secondary,38,Semi-urban,Yes,4661,777,1,D,0.42
4208-2014-8395,Usha Shaikh,18-03-2024,24-03-2024,Dunzo,Part-time,22,Primary,20,Semi-urban,Sometimes,1535,256,1,A,0.42
6323-9581-2367,Mukesh Rao,18-03-2024,24-03-2024,Dunzo,Full-time,43,Secondary,26,Urban,Yes,4512,752,1,D,0.42
1499-5584-7603,Sunil Menon,18-03-2024,24-03-2024,Dunzo,Part-time,48,Secondary,10,Rural,Always,614,102,1,A,0.42
8357-6432-9198,Girish Tiwari,18-03-2024,24-03-2024,Dunzo,Full-time,19,Primary,39,Semi-urban,No,3807,634,1,C,0.42
9040-5914-4655,Savita Parekh,18-03-2024,24-03-2024,Dunzo,Full-time,20,Primary,39,Urban,Sometimes,3644,607,1,C,0.42
5109-8274-1285,Lalita Ali,18-03-2024,24-03-2024,Dunzo,Full-time,29,Primary,29,Urban,Sometimes,2874,479,1,B,0.42
9261-9046-1608,Rekha Bose,18-03-2024,24-03-2024,Dunzo,Full-time,34,Secondary,59,Semi-urban,Yes,4400,733,1,D,0.42
4854-1032-1196,Suresh Naidu,18-03-2024,24-03-2024,Dunzo,Part-time,23,Primary,14,Semi-urban,Rarely,1961,327,1,A,0.42
6835-4327-9739,Dinesh Reddy,18-03-2024,24-03-2024,Dunzo,Full-time,44,Secondary,25,Semi-urban,Always,2896,483,1,B,0.42
3364-2196-6398,Padma Shenoy,18-03-2024,24-03-2024,Dunzo,Full-time,39,Secondary,5,Semi-urban,No,3211,535,1,B,0.42
7671-6836-1676,Radha Ahmed,18-03-2024,24-03-2024,Dunzo,Full-time,38,Primary,36,Semi-urban,Always,3636,606,1,C,0.42
8126-4230-6414,Divya Mehta,18-03-2024,24-03-2024,Dunzo,Full-time,19,Secondary,28,Semi-urban,Sometimes,3362,560,1,B,0.42
4180-9572-8985,Lalita Parekh,18-03-2024,24-03-2024,Dunzo,Full-time,27,Secondary,25,Rural,No,2065,344,1,A,0.42
5079-3646-3077,Ritesh Nair,18-03-2024,24-03-2024,Dunzo,Full-time,47,Secondary,50,Urban,Yes,3336,556,1,B,0.42
2400-3376-3339,Rohit Mehta,18-03-2024,24-03-2024,Dunzo,Full-time,39,Primary,54,Rural,Sometimes,2496,416,1,A,0.42
9920-4026-7185,Vimala Bose,18-03-2024,24-03-2024,Dunzo,Full-time,23,Secondary,35,Urban,Yes,2869,478,1,B,0.42
3686-5049-4800,Sarita Khan,18-03-2024,24-03-2024,Dunzo,Part-time,27,Secondary,48,Semi-urban,Yes,910,152,1,A,0.42
3934-5542-7702,Suresh Shah,18-03-2024,24-03-2024,Dunzo,Full-time,31,Secondary,34,Urban,Rarely,3504,584,1,C,0.42
6135-4805-5605,Naveen Chauhan,18-03-2024,24-03-2024,Dunzo,Full-time,21,Secondary,59,Urban,Sometimes,2567,428,1,B,0.42
4448-5403-1398,Sunita Dave,18-03-2024,24-03-2024,Dunzo,Full-time,28,Primary,52,Urban,No,4396,733,1,D,0.42
4708-8668-8628,Usha Ahmed,18-03-2024,24-03-2024,Dunzo,Full-time,37,Secondary,12,Semi-urban,Yes,3796,633,1,C,0.42
2335-9611-1121,Gaurav Patel,18-03-2024,24-03-2024,Dunzo,Full-time,39,Secondary,6,Semi-urban,Always,2901,484,1,B,0.42
8070-7613-1909,Santosh Shaikh,18-03-2024,24-03-2024,Dunzo,Part-time,39,Primary,28,Semi-urban,Always,835,139,1,A,0.42
1595-1805-3262,Nilesh Bhatt,18-03-2024,24-03-2024,Dunzo,Full-time,26,Secondary,40,Semi-urban,Yes,1834,306,1,A,0.42
1015-6502-4755,Kamla Poojary,18-03-2024,24-03-2024,Dunzo,Full-time,20,Secondary,30,Urban,Sometimes,3461,577,1,C,0.42
6417-3646-4360,Praveen Dave,18-03-2024,24-03-2024,Dunzo,Part-time,34,Primary,9,Urban,No,1118,186,1,A,0.42
4302-3011-7837,Rohit Jain,18-03-2024,24-03-2024,Dunzo,Part-time,28,Secondary,42,Urban,Sometimes,1379,230,1,A,0.42
2024-2715-9869,Anita Reddy,18-03-2024,24-03-2024,Dunzo,Part-time,31,Primary,10,Urban,Sometimes,968,161,1,A,0.42
2042-5833-8155,Vishal Menon,18-03-2024,24-03-2024,Dunzo,Full-time,46,Primary,55,Rural,Sometimes,4472,745,1,D,0.42
4113-3235-5227,Radha Ghosh,18-03-2024,24-03-2024,Dunzo,Full-time,32,Secondary,4,Semi-urban,Sometimes,4790,798,1,D,0.42
5386-8233-5206,Sumit Shaikh,18-03-2024,24-03-2024,Dunzo,Part-time,38,Secondary,58,Urban,No,1228,205,1,A,0.42
6469-9036-6851,Arjun Mishra,18-03-2024,24-03-2024,Dunzo,Part-time,32,Secondary,52,Semi-urban,Sometimes,694,116,1,A,0.42
4332-3345-5245,Rahul Mehta,18-03-2024,24-03-2024,Dunzo,Full-time,19,Primary,54,Rural,Sometimes,4214,702,1,D,0.42
9828-6083-7369,Geeta Rao,18-03-2024,24-03-2024,Dunzo,Full-time,40,Primary,3,Urban,Yes,2920,487,1,B,0.42
2315-5565-2950,Aarav Thakur,18-03-2024,24-03-2024,Dunzo,Full-time,22,Secondary,17,Urban,Yes,2784,464,1,B,0.42
6432-7615-2711,Harish Singh,18-03-2024,24-03-2024,Dunzo,Part-time,35,Primary,59,Semi-urban,Always,1353,226,1,A,0.42
5261-6367-8576,Rohit Joshi,18-03-2024,24-03-2024,Zepto,Full-time,31,Primary,55,Urban,Sometimes,2290,382,1,A,0.44
9114-9868-9592,Ajay Dey,18-03-2024,24-03-2024,Zepto,Part-time,22,Primary,32,Urban,Rarely,1835,306,1,A,0.44
7614-1219-4858,Ritu Paul,18-03-2024,24-03-2024,Zepto,Full-time,32,Secondary,3,Rural,Sometimes,3674,612,1,C,0.44
6718-8442-3547,Mahesh Tiwari,18-03-2024,24-03-2024,Zepto,Full-time,29,Secondary,50,Semi-urban,Sometimes,3047,508,1,B,0.44
9271-8904-1121,Neha Kamat,18-03-2024,24-03-2024,Zepto,Full-time,44,Secondary,33,Semi-urban,Sometimes,3545,591,1,C,0.44
9774-7544-4734,Padma Hussain,18-03-2024,24-03-2024,Zepto,Full-time,42,Secondary,48,Urban,Yes,2719,453,1,B,0.44
3757-5533-8291,Arun Bose,18-03-2024,24-03-2024,Zepto,Part-time,36,Primary,59,Rural,Yes,788,131,1,A,0.44
3700-8975-8328,Vishal Parekh,18-03-2024,24-03-2024,Zepto,Full-time,40,Secondary,23,Urban,Always,3323,554,1,B,0.44
6658-1837-7096,Ritu Parekh,18-03-2024,24-03-2024,Zepto,Full-time,26,Primary,40,Semi-urban,Yes,2307,384,1,A,0.44
6600-9402-1991,Rahul Khan,18-03-2024,24-03-2024,Zepto,Full-time,34,Primary,11,Urban,Yes,3131,522,1,B,0.44
5175-3095-2616,Ravi Iyer,18-03-2024,24-03-2024,Zepto,Full-time,34,Secondary,19,Urban,Always,4195,699,1,D,0.44
4226-2988-5451,Naveen Bhat,18-03-2024,24-03-2024,Zepto,Full-time,28,Secondary,16,Urban,Always,3512,585,1,C,0.44
8962-1833-2315,Sumit Naik,18-03-2024,24-03-2024,Zepto,Full-time,42,Secondary,37,Urban,Yes,4153,692,1,D,0.44
6581-1385-9779,Kapil Patel,18-03-2024,24-03-2024,Zepto,Part-time,21,Secondary,48,Urban,Yes,972,162,1,A,0.44
1316-3182-3102,Dinesh Menon,18-03-2024,24-03-2024,Zepto,Full-time,19,Primary,19,Rural,Yes,2911,485,1,B,0.44
5279-6760-1948,Ritu Chatterjee,18-03-2024,24-03-2024,Zepto,Part-time,41,Primary,16,Urban,Sometimes,1779,296,1,A,0.44
6684-1843-4043,Anil Thakur,18-03-2024,24-03-2024,Zepto,Full-time,42,Primary,57,Rural,Yes,4172,695,1,D,0.44
6818-7429-8016,Anil Sen,18-03-2024,24-03-2024,Zepto,Full-time,31,Secondary,16,Urban,Sometimes,2416,403,1,A,0.44
8079-7829-1460,Ramesh Kumar,18-03-2024,24-03-2024,Zepto,Part-time,23,Primary,59,Semi-urban,Always,407,68,1,A,0.44
7256-8339-9462,Sunita Das,18-03-2024,24-03-2024,Zepto,Full-time,43,Secondary,60,Semi-urban,Yes,2254,376,1,A,0.44
6041-2781-6418,Padma Verma,18-03-2024,24-03-2024,Zepto,Full-time,24,Secondary,46,Urban,Yes,3249,542,1,B,0.44
4482-2603-7750,Mamta Rajput,18-03-2024,24-03-2024,Zepto,Full-time,33,Secondary,58,Semi-urban,Always,2788,465,1,B,0.44
6414-6037-8077,Sanjay Nair,18-03-2024,24-03-2024,Zepto,Full-time,37,Primary,11,Urban,No,3189,532,1,B,0.44
2483-4676-5279,Dinesh Dey,18-03-2024,24-03-2024,Zepto,Full-time,21,Secondary,21,Semi-urban,Sometimes,3718,620,1,C,0.44
7804-3515-9206,Varun Rao,18-03-2024,24-03-2024,Zepto,Full-time,37,Primary,22,Semi-urban,Sometimes,3432,572,1,B,0.44
9797-8716-1961,Nikhil Rao,18-03-2024,24-03-2024,Zepto,Full-time,48,Secondary,8,Semi-urban,Always,3318,553,1,B,0.44
4462-9028-3672,Santosh Khan,18-03-2024,24-03-2024,Zepto,Part-time,34,Secondary,28,Semi-urban,Rarely,1898,316,1,A,0.44
1735-4310-3302,Mahesh Chauhan,18-03-2024,24-03-2024,Zepto,Full-time,29,Secondary,25,Semi-urban,Yes,3784,631,1,C,0.44
2551-6100-2942,Mamta Amin,18-03-2024,24-03-2024,Zepto,Full-time,23,Primary,7,Urban,Sometimes,3117,520,1,B,0.44
1348-9324-9910,Vimala Hegde,18-03-2024,24-03-2024,Zepto,Full-time,30,Primary,1,Semi-urban,Always,3495,582,1,C,0.44
6465-3300-6600,Harish Khan,18-03-2024,24-03-2024,Zepto,Full-time,20,Primary,30,Semi-urban,Sometimes,2955,492,1,B,0.44
9457-8502-3009,Mohit Siddiqui,18-03-2024,24-03-2024,Zepto,Full-time,28,Primary,27,Urban,Rarely,3416,569,1,B,0.44
2033-2074-2058,Yogesh Das,18-03-2024,24-03-2024,Zepto,Full-time,34,Secondary,32,Rural,Sometimes,4129,688,1,D,0.44
3746-6095-1214,Manoj Jain,18-03-2024,24-03-2024,Zepto,Part-time,46,Secondary,5,Urban,Rarely,1574,262,1,A,0.44
9455-6586-6436,Shyam Naik,18-03-2024,24-03-2024,Zepto,Full-time,27,Primary,50,Urban,Yes,2464,411,1,A,0.44
7351-8165-6845,Pradeep Islam,18-03-2024,24-03-2024,Zepto,Full-time,30,Secondary,48,Urban,Sometimes,3833,639,1,C,0.44
5009-4335-5100,Sarita Bhatt,18-03-2024,24-03-2024,Zepto,Full-time,22,Secondary,33,Rural,Sometimes,3862,644,1,C,0.44
6915-8928-2630,Pushpa Bose,18-03-2024,24-03-2024,Zepto,Full-time,27,Secondary,53,Urban,Always,3047,508,1,B,0.44
7406-5446-8105,Priya Yadav,18-03-2024,24-03-2024,Zepto,Full-time,26,Secondary,32,Urban,Sometimes,3228,538,1,B,0.44
4209-5506-9159,Naresh Nair,18-03-2024,24-03-2024,Zepto,Full-time,47,Secondary,56,Urban,Yes,3228,538,1,B,0.44
2239-6681-5708,Priya Desai,18-03-2024,24-03-2024,Zepto,Part-time,34,Primary,30,Urban,Sometimes,807,134,1,A,0.44
3326-6509-5579,Kapil Sharma,18-03-2024,24-03-2024,Zepto,Full-time,43,Secondary,52,Semi-urban,Sometimes,3689,615,1,C,0.44
2521-5112-5365,Neha Gupta,18-03-2024,24-03-2024,Zepto,Full-time,28,Secondary,7,Urban,Sometimes,4212,702,1,D,0.44
2033-2118-9585,Satish Roy,18-03-2024,24-03-2024,Zepto,Full-time,36,Primary,13,Rural,Sometimes,2915,486,1,B,0.44
8014-3404-1919,Asha Tiwari,18-03-2024,24-03-2024,Zepto,Full-time,19,Secondary,9,Urban,Sometimes,3895,649,1,C,0.44
9202-6749-6844,Pradeep Rajput,18-03-2024,24-03-2024,Blinkit,Full-time,24,Secondary,26,Rural,Yes,3079,513,1,B,0.4
5014-9165-3640,Priya Naidu,18-03-2024,24-03-2024,Blinkit,Full-time,21,Secondary,41,Urban,No,3696,616,1,C,0.4
7753-1486-7826,Anita Kumar,18-03-2024,24-03-2024,Blinkit,Part-time,41,Primary,33,Urban,Sometimes,956,159,1,A,0.4
6180-9079-6426,Ravi Naik,18-03-2024,24-03-2024,Blinkit,Full-time,45,Primary,37,Urban,Yes,3537,590,1,C,0.4
8521-8512-7159,Arjun Bose,18-03-2024,24-03-2024,Blinkit,Part-time,31,Secondary,7,Urban,Always,1854,309,1,A,0.4
8327-5663-4874,Harish Verma,18-03-2024,24-03-2024,Blinkit,Full-time,45,Primary,35,Rural,No,2328,388,1,A,0.4
7377-8689-9316,Rakesh Kamat,18-03-2024,24-03-2024,Blinkit,Full-time,43,Secondary,58,Urban,Sometimes,2948,491,1,B,0.4
2268-5463-1782,Anil Dey,18-03-2024,24-03-2024,Blinkit,Full-time,33,Primary,55,Urban,Yes,2964,494,1,B,0.4
4070-6532-2454,Divya Bhat,18-03-2024,24-03-2024,Blinkit,Full-time,45,Secondary,6,Urban,Sometimes,3142,524,1,B,0.4
5271-2109-5451,Pradeep Khan,18-03-2024,24-03-2024,Blinkit,Full-time,38,Secondary,20,Urban,Yes,2974,496,1,B,0.4
5297-6353-5050,Varun Sen,18-03-2024,24-03-2024,Blinkit,Full-time,36,Secondary,2,Urban,Yes,4938,823,1,D,0.4
9001-7801-8730,Ajay Mukherjee,18-03-2024,24-03-2024,Blinkit,Full-time,19,Secondary,46,Rural,Always,2942,490,1,B,0.4
4634-5063-8818,Ramesh Banerjee,18-03-2024,24-03-2024,Blinkit,Full-time,44,Primary,58,Urban,No,3700,617,1,C,0.4
4139-7446-7687,Varun Modi,18-03-2024,24-03-2024,Blinkit,Full-time,38,Secondary,3,Rural,No,3215,536,1,B,0.4
5373-2619-9934,Sunita Trivedi,18-03-2024,24-03-2024,Blinkit,Full-time,23,Secondary,49,Semi-urban,No,2879,480,1,B,0.4
1555-3163-5853,Lokesh Shenoy,18-03-2024,24-03-2024,Blinkit,Part-time,25,Secondary,55,Rural,No,1010,168,1,A,0.4
3047-2262-3071,Pradeep Hegde,18-03-2024,24-03-2024,Blinkit,Full-time,29,Primary,16,Semi-urban,No,3800,633,1,C,0.4
6417-1894-3945,Sunita Mehta,18-03-2024,24-03-2024,Blinkit,Full-time,42,Primary,21,Urban,Yes,2239,373,1,A,0.4
4822-8935-8605,Laxmi Patel,18-03-2024,24-03-2024,Blinkit,Part-time,21,Secondary,44,Urban,No,1462,244,1,A,0.4
6834-7745-4886,Kapil Bhat,18-03-2024,24-03-2024,Blinkit,Part-time,38,Primary,43,Urban,Sometimes,809,135,1,A,0.4
6826-1871-7520,Mahesh Siddiqui,18-03-2024,24-03-2024,Blinkit,Part-time,28,Secondary,37,Semi-urban,Yes,1095,182,1,A,0.4
8757-2544-7734,Aarav Jain,18-03-2024,24-03-2024,Blinkit,Full-time,35,Secondary,11,Semi-urban,Yes,2732,455,1,B,0.4
3340-7756-3915,Vishal Gupta,18-03-2024,24-03-2024,Blinkit,Full-time,41,Secondary,43,Urban,Always,3518,586,1,C,0.4
6573-4718-6955,Divya Mishra,18-03-2024,24-03-2024,Blinkit,Full-time,45,Primary,29,Rural,Sometimes,2877,480,1,B,0.4
5370-6487-7772,Ramesh Sharma,18-03-2024,24-03-2024,Blinkit,Full-time,20,Primary,40,Rural,Rarely,3809,635,1,C,0.4
4118-4049-5677,Rekha Siddiqui,18-03-2024,24-03-2024,Blinkit,Full-time,30,Primary,33,Semi-urban,Rarely,3988,665,1,C,0.4
9959-7368-3780,Praveen Mukherjee,18-03-2024,24-03-2024,Blinkit,Full-time,37,Secondary,13,Urban,Yes,4314,719,1,D,0.4
2240-3139-8297,Meena Ansari,18-03-2024,24-03-2024,Blinkit,Part-time,25,Primary,22,Semi-urban,Sometimes,1488,248,1,A,0.4
3942-2789-4617,Tarun Dey,18-03-2024,24-03-2024,Blinkit,Full-time,45,Primary,44,Urban,Always,3047,508,1,B,0.4
4927-4748-6169,Suman Banerjee,18-03-2024,24-03-2024,Blinkit,Full-time,23,Secondary,52,Urban,Yes,3413,569,1,B,0.4
1862-8218-4480,Sanjay Amin,18-03-2024,24-03-2024,Blinkit,Full-time,36,Primary,58,Urban,Sometimes,3633,606,1,C,0.4
2111-8430-2288,Durga Naik,18-03-2024,24-03-2024,Blinkit,Full-time,38,Primary,14,Rural,Rarely,3051,508,1,B,0.4
6218-5384-6149,Sachin Trivedi,18-03-2024,24-03-2024,Blinkit,Full-time,44,Secondary,10,Rural,Yes,3644,607,1,C,0.4
7264-5239-1887,Neha Rao,18-03-2024,24-03-2024,Blinkit,Full-time,46,Primary,25,Urban,Yes,2733,456,1,B,0.4
4696-7598-4562,Sunita Naidu,18-03-2024,24-03-2024,Blinkit,Full-time,20,Primary,14,Semi-urban,Sometimes,3785,631,1,C,0.4
1322-5323-2045,Ganesh Ahmed,18-03-2024,24-03-2024,Blinkit,Full-time,35,Primary,2,Urban,Yes,2737,456,1,B,0.4
7831-2315-7694,Harish Mishra,18-03-2024,24-03-2024,Blinkit,Full-time,44,Secondary,21,Urban,Sometimes,3680,613,1,C,0.4
1915-5277-5334,Kavita Paul,18-03-2024,24-03-2024,Blinkit,Full-time,44,Primary,11,Urban,Yes,3448,575,1,C,0.4
2466-6952-4429,Sarita Hussain,18-03-2024,24-03-2024,Blinkit,Full-time,31,Primary,16,Semi-urban,Yes,2701,450,1,B,0.4
2890-3106-6044,Kapil Mehta,18-03-2024,24-03-2024,Blinkit,Part-time,37,Secondary,35,Semi-urban,Yes,1571,262,1,A,0.4
8862-1595-2899,Prakash Bhatt,18-03-2024,24-03-2024,Blinkit,Full-time,27,Secondary,28,Urban,Rarely,3539,590,1,C,0.4
1613-9232-2974,Ramesh Shaikh,18-03-2024,24-03-2024,Blinkit,Part-time,27,Primary,55,Urban,Sometimes,1805,301,1,A,0.4
3567-7571-4188,Usha Bhatt,18-03-2024,24-03-2024,Blinkit,Part-time,22,Secondary,30,Semi-urban,Yes,1654,276,1,A,0.4
3401-3729-9774,Padma Siddiqui,18-03-2024,24-03-2024,Blinkit,Full-time,46,Primary,18,Urban,Rarely,2066,344,1,A,0.4
6500-9493-8365,Usha Shetty,18-03-2024,24-03-2024,Blinkit,Full-time,30,Primary,16,Urban,Yes,3755,626,1,C,0.4
4872-7040-4666,Sunita Desai,18-03-2024,24-03-2024,Blinkit,Full-time,37,Primary,16,Semi-urban,No,2718,453,1,B,0.4
1484-7249-6499,Arjun Modi,18-03-2024,24-03-2024,Blinkit,Full-time,30,Primary,25,Urban,Yes,3441,574,1,B,0.4
8685-9699-4233,Ganesh Menon,18-03-2024,24-03-2024,Blinkit,Full-time,47,Secondary,22,Semi-urban,Always,2587,431,1,B,0.4
6547-5811-5618,Savita Joshi,18-03-2024,24-03-2024,Blinkit,Full-time,41,Primary,29,Semi-urban,Always,3393,566,1,B,0.4
3061-3355-7797,Manoj Bhatt,18-03-2024,24-03-2024,Blinkit,Full-time,37,Primary,58,Rural,Yes,3456,576,1,C,0.4
6326-9135-8321,Geeta Hegde,18-03-2024,24-03-2024,Porter,Full-time,42,Secondary,57,Urban,Rarely,3986,664,1,C,0.38
2070-9865-1623,Umesh Qureshi,18-03-2024,24-03-2024,Porter,Part-time,46,Primary,17,Rural,Sometimes,940,157,1,A,0.38
4988-8107-5587,Priya Modi,18-03-2024,24-03-2024,Porter,Part-time,27,Primary,40,Rural,Rarely,1254,209,1,A,0.38
1146-2904-8391,Vimala Bhat,18-03-2024,24-03-2024,Porter,Part-time,43,Primary,41,Semi-urban,No,1868,311,1,A,0.38
1617-6704-7185,Sunita Pandey,18-03-2024,24-03-2024,Porter,Full-time,38,Secondary,4,Semi-urban,Yes,3363,560,1,B,0.38
9252-3759-3336,Ritesh Verma,18-03-2024,24-03-2024,Porter,Full-time,45,Secondary,28,Urban,No,4785,798,1,D,0.38
1799-2093-4593,Pooja Ghosh,18-03-2024,24-03-2024,Porter,Full-time,21,Secondary,32,Semi-urban,Yes,3751,625,1,C,0.38
2229-3941-9805,Sachin Agarwal,18-03-2024,24-03-2024,Porter,Full-time,25,Secondary,60,Rural,Always,3055,509,1,B,0.38
4575-5534-8473,Sarita Dave,18-03-2024,24-03-2024,Porter,Full-time,34,Secondary,44,Urban,Yes,3693,616,1,C,0.38
2382-5049-6367,Laxmi Qureshi,18-03-2024,24-03-2024,Porter,Full-time,43,Primary,57,Urban,Yes,3861,644,1,C,0.38
4300-7108-8649,Harish Yadav,18-03-2024,24-03-2024,Porter,Full-time,40,Secondary,53,Rural,Always,3897,650,1,C,0.38
5061-5940-3963,Vimala Yadav,18-03-2024,24-03-2024,Porter,Part-time,22,Primary,16,Urban,Rarely,1737,290,1,A,0.38
5942-9523-2599,Meena Rao,18-03-2024,24-03-2024,Porter,Full-time,48,Primary,23,Urban,Sometimes,3999,666,1,C,0.38
4899-3975-5662,Lokesh Bose,18-03-2024,24-03-2024,Porter,Full-time,44,Secondary,54,Rural,Yes,3667,611,1,C,0.38
4479-1551-3816,Pushpa Gowda,18-03-2024,24-03-2024,Porter,Full-time,42,Secondary,15,Semi-urban,Yes,3825,638,1,C,0.38
5624-4228-8500,Rajesh Poojary,18-03-2024,24-03-2024,Porter,Full-time,26,Secondary,56,Urban,Sometimes,2836,473,1,B,0.38
3161-2751-4469,Sumit Iyer,18-03-2024,24-03-2024,Porter,Full-time,23,Primary,15,Urban,Always,3478,580,1,C,0.38
8988-9671-4407,Satish Joshi,18-03-2024,24-03-2024,Porter,Full-time,28,Secondary,2,Semi-urban,No,4272,712,1,D,0.38
9404-3993-1691,Tarun Bose,18-03-2024,24-03-2024,Porter,Full-time,48,Primary,31,Semi-urban,No,3710,618,1,C,0.38
4080-1727-1034,Santosh Modi,18-03-2024,24-03-2024,Porter,Full-time,48,Secondary,24,Semi-urban,No,4295,716,1,D,0.38
9977-6212-4855,Prakash Gupta,18-03-2024,24-03-2024,Porter,Full-time,34,Primary,23,Rural,No,3860,643,1,C,0.38
7775-7053-9446,Mahesh Kamat,18-03-2024,24-03-2024,Porter,Full-time,37,Secondary,13,Urban,No,3420,570,1,B,0.38
4691-4127-5162,Manju Gupta,18-03-2024,24-03-2024,Porter,Full-time,29,Primary,8,Urban,Yes,3279,546,1,B,0.38
2956-8564-4689,Divya Bose,18-03-2024,24-03-2024,Porter,Full-time,40,Secondary,9,Urban,Yes,5247,874,1,D,0.38
5980-1632-8862,Vimala Pandey,18-03-2024,24-03-2024,Porter,Part-time,20,Secondary,39,Urban,Sometimes,1259,210,1,A,0.38
7333-9835-7270,Bharat Das,18-03-2024,24-03-2024,Porter,Full-time,41,Primary,40,Rural,Yes,3575,596,1,C,0.38
7750-1012-3323,Kavita Malik,18-03-2024,24-03-2024,Porter,Full-time,35,Secondary,40,Urban,No,2646,441,1,B,0.38
9875-4589-5207,Ritesh Dave,18-03-2024,24-03-2024,Porter,Full-time,48,Secondary,8,Rural,No,2128,355,1,A,0.38
3621-5963-5898,Lalit Shenoy,18-03-2024,24-03-2024,Porter,Full-time,30,Secondary,15,Urban,Always,3801,634,1,C,0.38
7832-6167-2215,Rekha Gupta,18-03-2024,24-03-2024,Porter,Full-time,38,Secondary,18,Semi-urban,No,3867,644,1,C,0.38
7730-2202-5691,Praveen Chauhan,18-03-2024,24-03-2024,Porter,Part-time,22,Secondary,9,Urban,Sometimes,1287,214,1,A,0.38
5022-3638-9422,Naresh Yadav,18-03-2024,24-03-2024,Porter,Part-time,42,Primary,1,Rural,Sometimes,1701,284,1,A,0.38
2118-7729-3810,Rakesh Bhatt,18-03-2024,24-03-2024,Porter,Full-time,45,Primary,8,Semi-urban,Yes,3797,633,1,C,0.38
6505-9684-9306,Meena Sharma,18-03-2024,24-03-2024,Porter,Full-time,38,Secondary,5,Urban,Sometimes,4046,674,1,D,0.38
8344-6419-3058,Bharat Dey,18-03-2024,24-03-2024,Porter,Full-time,22,Secondary,28,Urban,Yes,4057,676,1,D,0.38
8755-1169-5596,Nikhil Qureshi,18-03-2024,24-03-2024,Porter,Full-time,39,Secondary,4,Rural,Always,4480,747,1,D,0.38
7056-7523-1176,Sumit Dave,18-03-2024,24-03-2024,Porter,Full-time,31,Secondary,42,Semi-urban,Yes,3774,629,1,C,0.38
8132-7925-5463,Ritesh Yadav,18-03-2024,24-03-2024,Porter,Full-time,38,Primary,27,Urban,Always,4649,775,1,D,0.38
5822-9364-5125,Aarav Dey,18-03-2024,24-03-2024,Porter,Full-time,23,Secondary,41,Urban,Sometimes,3370,562,1,B,0.38
9265-8584-6075,Seema Parekh,18-03-2024,24-03-2024,Porter,Full-time,41,Primary,48,Semi-urban,Yes,4079,680,1,D,0.38
2607-1089-4413,Sarita Chatterjee,18-03-2024,24-03-2024,Shadowfax,Full-time,41,Secondary,57,Rural,Always,2438,406,1,A,0.33
2878-3901-7066,Anita Das,18-03-2024,24-03-2024,Shadowfax,Full-time,30,Primary,51,Semi-urban,Yes,3193,532,1,B,0.33
9630-7258-4744,Ramesh Bhatt,18-03-2024,24-03-2024,Shadowfax,Part-time,34,Primary,53,Urban,Yes,1717,286,1,A,0.33
9580-8699-5763,Suresh Gowda,18-03-2024,24-03-2024,Shadowfax,Part-time,38,Secondary,30,Semi-urban,Yes,779,130,1,A,0.33
4058-6841-8721,Harish Trivedi,18-03-2024,24-03-2024,Shadowfax,Full-time,37,Secondary,30,Semi-urban,Sometimes,3939,656,1,C,0.33
3629-6720-4784,Shyam Ansari,18-03-2024,24-03-2024,Shadowfax,Full-time,40,Secondary,38,Rural,No,4132,689,1,D,0.33
7768-5261-1697,Pradeep Qureshi,18-03-2024,24-03-2024,Shadowfax,Full-time,28,Primary,21,Urban,Sometimes,4079,680,1,D,0.33
8788-5209-4660,Laxmi Siddiqui,18-03-2024,24-03-2024,Shadowfax,Part-time,41,Primary,19,Urban,Sometimes,1952,325,1,A,0.33
9736-4560-2907,Naresh Sen,18-03-2024,24-03-2024,Shadowfax,Part-time,22,Secondary,1,Urban,Always,1434,239,1,A,0.33
1968-3875-9262,Ritu Verma,18-03-2024,24-03-2024,Shadowfax,Full-time,20,Secondary,17,Rural,Always,3465,578,1,C,0.33
3102-8397-8216,Pooja Shaikh,18-03-2024,24-03-2024,Shadowfax,Full-time,44,Secondary,28,Semi-urban,Rarely,3999,666,1,C,0.33
1380-6424-7833,Dinesh Bhat,18-03-2024,24-03-2024,Shadowfax,Part-time,37,Primary,42,Urban,No,1627,271,1,A,0.33
8337-3768-6140,Priya Das,18-03-2024,24-03-2024,Shadowfax,Part-time,33,Secondary,38,Urban,Rarely,1232,205,1,A,0.33
8269-1104-6188,Sunita Agarwal,18-03-2024,24-03-2024,Shadowfax,Full-time,32,Secondary,15,Semi-urban,Always,4036,673,1,D,0.33
8020-2921-2114,Lalita Das,18-03-2024,24-03-2024,Shadowfax,Full-time,38,Primary,44,Rural,No,3264,544,1,B,0.33
9350-8578-1054,Anil Qureshi,18-03-2024,24-03-2024,Shadowfax,Full-time,37,Primary,6,Urban,Yes,3539,590,1,C,0.33
4228-8521-1010,Praveen Kamat,18-03-2024,24-03-2024,Shadowfax,Full-time,19,Secondary,3,Urban,Yes,4665,778,1,D,0.33
5992-2170-3781,Umesh Jain,18-03-2024,24-03-2024,Shadowfax,Full-time,43,Primary,2,Urban,No,3328,555,1,B,0.33
9314-1649-6154,Sunita Sen,18-03-2024,24-03-2024,Shadowfax,Full-time,21,Secondary,11,Semi-urban,No,2560,427,1,B,0.33
3896-9225-1083,Suman Bhat,18-03-2024,24-03-2024,Shadowfax,Full-time,30,Secondary,44,Rural,Yes,4005,668,1,C,0.33
4447-8609-7975,Arun Reddy,18-03-2024,24-03-2024,Shadowfax,Full-time,22,Primary,38,Urban,Yes,3135,522,1,B,0.33
3867-4050-2614,Sunil Reddy,18-03-2024,24-03-2024,Shadowfax,Full-time,32,Secondary,38,Urban,Sometimes,3171,528,1,B,0.33
5298-6973-6743,Aarav Naidu,18-03-2024,24-03-2024,Shadowfax,Full-time,40,Secondary,10,Urban,No,2957,493,1,B,0.33
9727-8688-7973,Kapil Jain,18-03-2024,24-03-2024,Shadowfax,Full-time,24,Secondary,21,Semi-urban,Always,2990,498,1,B,0.33
4953-7882-7764,Sunita Ahmed,18-03-2024,24-03-2024,Shadowfax,Full-time,44,Primary,1,Urban,Always,2910,485,1,B,0.33
7421-2430-3385,Vishal Agarwal,18-03-2024,24-03-2024,Shadowfax,Full-time,23,Secondary,8,Semi-urban,Sometimes,3011,502,1,B,0.33
7267-5650-7034,Sarita Paul,18-03-2024,24-03-2024,Shadowfax,Part-time,46,Primary,6,Urban,Yes,1475,246,1,A,0.33
8226-3217-7206,Santosh Sen,18-03-2024,24-03-2024,Shadowfax,Full-time,47,Primary,22,Urban,Always,2639,440,1,B,0.33
6542-5439-2604,Naveen Gupta,18-03-2024,24-03-2024,Shadowfax,Full-time,36,Primary,51,Urban,Yes,1618,270,1,A,0.33
3292-5967-3586,Arun Mukherjee,18-03-2024,24-03-2024,Shadowfax,Full-time,41,Primary,31,Urban,Yes,3184,531,1,B,0.33
2892-7057-9673,Radha Kumar,18-03-2024,24-03-2024,Shadowfax,Full-time,21,Secondary,52,Semi-urban,No,3509,585,1,C,0.33
9567-9290-6285,Mukesh Naidu,18-03-2024,24-03-2024,Shadowfax,Full-time,23,Primary,28,Semi-urban,Sometimes,2982,497,1,B,0.33
6092-5153-1696,Mukesh Mehta,18-03-2024,24-03-2024,Shadowfax,Full-time,31,Secondary,30,Urban,Rarely,3476,579,1,C,0.33
1422-6542-6146,Mahesh Trivedi,18-03-2024,24-03-2024,Shadowfax,Full-time,48,Secondary,23,Urban,Yes,3050,508,1,B,0.33
5900-8868-7961,Kamla Menon,18-03-2024,24-03-2024,Shadowfax,Part-time,46,Primary,5,Urban,Always,1064,177,1,A,0.33
2895-2004-3220,Praveen Roy,18-03-2024,24-03-2024,Shadowfax,Full-time,41,Secondary,3,Urban,No,3401,567,1,B,0.33
8768-2792-9432,Nisha Shetty,18-03-2024,24-03-2024,Shadowfax,Full-time,34,Primary,47,Urban,Always,4169,695,1,D,0.33
2754-5801-8725,Radha Chatterjee,18-03-2024,24-03-2024,Shadowfax,Full-time,26,Primary,36,Semi-urban,Sometimes,3269,545,1,B,0.33
5950-7600-8162,Vinod Yadav,18-03-2024,24-03-2024,Shadowfax,Full-time,37,Primary,41,Urban,No,3656,609,1,C,0.33
4472-3746-2545,Nilesh Mehta,18-03-2024,24-03-2024,Shadowfax,Full-time,33,Primary,36,Rural,Yes,3528,588,1,C,0.33
2640-1363-8065,Vinod Singh,25-03-2024,31-03-2024,Amazon,Full-time,32,Secondary,47,Urban,Sometimes,4346,724,1,D,0.27
6217-9921-2907,Santosh Verma,25-03-2024,31-03-2024,Amazon,Full-time,22,Secondary,17,Urban,Rarely,3699,616,1,C,0.27
7349-3472-7936,Rahul Sharma,25-03-2024,31-03-2024,Amazon,Full-time,38,Secondary,46,Urban,Always,4597,766,1,D,0.27
4112-3965-6397,Arun Patel,25-03-2024,31-03-2024,Amazon,Full-time,40,Secondary,37,Semi-urban,Yes,5157,860,1,D,0.27
2396-3088-2429,Nikhil Banerjee,25-03-2024,31-03-2024,Amazon,Full-time,28,Primary,54,Semi-urban,Yes,4173,696,1,D,0.27
4963-7821-7884,Bharat Bhat,25-03-2024,31-03-2024,Amazon,Full-time,25,Primary,57,Urban,No,5006,834,1,D,0.27
4232-5218-7253,Shanti Trivedi,25-03-2024,31-03-2024,Amazon,Full-time,24,Primary,46,Urban,No,4018,670,1,C,0.27
2746-6763-3672,Sarita Dey,25-03-2024,31-03-2024,Amazon,Full-time,28,Primary,51,Urban,Yes,4367,728,1,D,0.27
1230-1892-1086,Arun Sen,25-03-2024,31-03-2024,Amazon,Full-time,29,Secondary,56,Urban,No,5269,878,1,D,0.27
4387-6738-2811,Seema Sen,25-03-2024,31-03-2024,Amazon,Full-time,29,Primary,4,Rural,Yes,4201,700,1,D,0.27
9265-4321-1594,Girish Rao,25-03-2024,31-03-2024,Amazon,Full-time,38,Secondary,53,Urban,No,5011,835,1,D,0.27
3496-4426-1355,Rakesh Shaikh,25-03-2024,31-03-2024,Amazon,Full-time,45,Primary,5,Urban,Sometimes,4615,769,1,D,0.27
9969-4113-2677,Bharat Naik,25-03-2024,31-03-2024,Amazon,Part-time,39,Primary,49,Urban,Always,1287,214,1,A,0.27
8660-5353-2598,Ajay Kumar,25-03-2024,31-03-2024,Amazon,Full-time,41,Secondary,24,Urban,Sometimes,4360,727,1,D,0.27
3391-4834-2854,Sunil Kumar,25-03-2024,31-03-2024,Amazon,Part-time,39,Primary,45,Urban,Rarely,1843,307,1,A,0.27
6918-6429-4550,Kiran Verma,25-03-2024,31-03-2024,Amazon,Full-time,21,Primary,42,Urban,Yes,4562,760,1,D,0.27
5779-5313-9445,Kavita Nair,25-03-2024,31-03-2024,Amazon,Full-time,36,Secondary,6,Urban,Rarely,4021,670,1,D,0.27
6010-8812-6995,Nisha Malik,25-03-2024,31-03-2024,Amazon,Full-time,28,Primary,4,Urban,Sometimes,5437,906,1,D,0.27
1628-1185-5009,Mahesh Shenoy,25-03-2024,31-03-2024,Amazon,Full-time,22,Secondary,31,Semi-urban,Yes,4473,746,1,D,0.27
1621-9807-5954,Rohit Shetty,25-03-2024,31-03-2024,Amazon,Full-time,22,Secondary,29,Urban,Sometimes,4339,723,1,D,0.27
7558-2428-2814,Suman Reddy,25-03-2024,31-03-2024,Amazon,Part-time,34,Secondary,53,Semi-urban,Sometimes,1755,292,1,A,0.27
1688-6901-4145,Vinod Shaikh,25-03-2024,31-03-2024,Amazon,Full-time,43,Secondary,29,Urban,Sometimes,4422,737,1,D,0.27
4414-1094-1798,Bharat Shaikh,25-03-2024,31-03-2024,Amazon,Part-time,36,Primary,24,Semi-urban,Rarely,2029,338,1,A,0.27
2987-8989-5637,Asha Ahmed,25-03-2024,31-03-2024,Amazon,Full-time,37,Primary,37,Semi-urban,Always,4431,738,1,D,0.27
9046-6192-5651,Nikhil Hegde,25-03-2024,31-03-2024,Amazon,Full-time,23,Primary,50,Urban,Sometimes,4661,777,1,D,0.27
5860-2403-4817,Lalit Tiwari,25-03-2024,31-03-2024,Amazon,Part-time,37,Primary,30,Semi-urban,No,1831,305,1,A,0.27
7800-1547-6954,Ajay Mishra,25-03-2024,31-03-2024,Amazon,Part-time,41,Secondary,2,Urban,Always,2189,365,1,A,0.27
2738-7941-6804,Lalita Sharma,25-03-2024,31-03-2024,Amazon,Full-time,19,Primary,38,Rural,Always,4255,709,1,D,0.27
3256-5540-4851,Shanti Yadav,25-03-2024,31-03-2024,Amazon,Full-time,25,Secondary,12,Urban,Always,3988,665,1,C,0.27
7140-7812-4750,Ganesh Jain,25-03-2024,31-03-2024,Amazon,Full-time,19,Primary,45,Semi-urban,Sometimes,4291,715,1,D,0.27
5573-3048-3614,Neha Trivedi,25-03-2024,31-03-2024,Amazon,Full-time,41,Secondary,6,Rural,Yes,4292,715,1,D,0.27
2206-8886-3158,Bharat Hegde,25-03-2024,31-03-2024,Amazon,Part-time,20,Primary,51,Semi-urban,Sometimes,1331,222,1,A,0.27
4979-6633-5580,Amit Singh,25-03-2024,31-03-2024,Amazon,Part-time,19,Secondary,5,Urban,Sometimes,595,99,1,A,0.27
6224-4837-3146,Varun Bhatt,25-03-2024,31-03-2024,Amazon,Full-time,33,Secondary,6,Urban,Always,4860,810,1,D,0.27
9548-4920-3613,Sita Hegde,25-03-2024,31-03-2024,Amazon,Full-time,22,Primary,23,Rural,No,3051,508,1,B,0.27
5511-3905-9262,Pushpa Rao,25-03-2024,31-03-2024,Amazon,Full-time,21,Secondary,20,Semi-urban,Yes,3986,664,1,C,0.27
4394-6808-6099,Vimala Shah,25-03-2024,31-03-2024,Amazon,Full-time,40,Secondary,21,Semi-urban,Yes,4579,763,1,D,0.27
4831-4995-7037,Sita Parekh,25-03-2024,31-03-2024,Amazon,Full-time,31,Primary,16,Rural,Always,5505,918,1,D,0.27
1269-6334-3728,Ravi Singh,25-03-2024,31-03-2024,Amazon,Part-time,30,Primary,33,Urban,Always,1620,270,1,A,0.27
3337-7610-1012,Anita Jain,25-03-2024,31-03-2024,Amazon,Full-time,44,Secondary,37,Semi-urban,Sometimes,4344,724,1,D,0.27
4940-1805-6603,Sarita Ali,25-03-2024,31-03-2024,Amazon,Full-time,19,Secondary,54,Semi-urban,Sometimes,3915,652,1,C,0.27
8560-9896-2115,Sumit Kumar,25-03-2024,31-03-2024,Amazon,Full-time,46,Secondary,43,Semi-urban,No,5299,883,1,D,0.27
5451-5314-8283,Kamla Gowda,25-03-2024,31-03-2024,Amazon,Full-time,35,Secondary,42,Urban,Yes,5179,863,1,D,0.27
1380-5070-5438,Ritesh Patel,25-03-2024,31-03-2024,Amazon,Full-time,41,Secondary,9,Urban,Yes,4753,792,1,D,0.27
4609-9133-4819,Amit Mishra,25-03-2024,31-03-2024,Amazon,Part-time,24,Secondary,16,Urban,Sometimes,1810,302,1,A,0.27
3459-1579-8738,Tarun Naidu,25-03-2024,31-03-2024,Amazon,Full-time,33,Secondary,43,Rural,Sometimes,5831,972,1,D,0.27
7329-6865-6886,Harish Kumar,25-03-2024,31-03-2024,Amazon,Part-time,25,Secondary,36,Urban,Yes,1803,300,1,A,0.27
6936-2496-9328,Sunil Bhat,25-03-2024,31-03-2024,Amazon,Part-time,32,Secondary,21,Rural,No,1617,270,1,A,0.27
6595-2186-8035,Ramesh Paul,25-03-2024,31-03-2024,Amazon,Full-time,27,Primary,32,Semi-urban,Always,3710,618,1,C,0.27
1364-5726-7613,Dinesh Shah,25-03-2024,31-03-2024,Amazon,Full-time,47,Secondary,47,Urban,Always,2051,342,1,A,0.27
4231-2372-4282,Varun Shah,25-03-2024,31-03-2024,Amazon,Part-time,39,Secondary,25,Urban,Sometimes,2042,340,1,A,0.27
1639-9454-1738,Padma Bose,25-03-2024,31-03-2024,Amazon,Full-time,48,Primary,5,Urban,No,4784,797,1,D,0.27
1365-1216-3667,Ravi Gupta,25-03-2024,31-03-2024,Amazon,Full-time,33,Secondary,52,Urban,Yes,3483,580,1,C,0.27
9585-7551-1282,Sita Chauhan,25-03-2024,31-03-2024,Amazon,Full-time,45,Secondary,34,Urban,Yes,4489,748,1,D,0.27
2440-9742-5006,Lalit Hegde,25-03-2024,31-03-2024,Amazon,Full-time,40,Primary,16,Rural,Yes,5232,872,1,D,0.27
8119-5398-8401,Deepak Amin,25-03-2024,31-03-2024,Amazon,Full-time,33,Primary,30,Urban,No,3757,626,1,C,0.27
9536-5487-9929,Ramesh Jain,25-03-2024,31-03-2024,Amazon,Full-time,32,Secondary,56,Urban,Yes,5476,913,1,D,0.27
9275-1761-4737,Lalita Bose,25-03-2024,31-03-2024,Amazon,Full-time,38,Primary,28,Semi-urban,Always,4410,735,1,D,0.27
3473-5694-9734,Sanjay Hegde,25-03-2024,31-03-2024,Amazon,Full-time,46,Secondary,25,Rural,No,3854,642,1,C,0.27
8538-5651-3019,Usha Qureshi,25-03-2024,31-03-2024,Amazon,Full-time,29,Primary,52,Urban,No,5157,860,1,D,0.27
5851-9238-5792,Deepak Iyer,25-03-2024,31-03-2024,Amazon,Full-time,25,Secondary,35,Urban,Yes,4506,751,1,D,0.27
1995-4204-5323,Yogesh Rajput,25-03-2024,31-03-2024,Amazon,Full-time,46,Primary,49,Semi-urban,No,3195,532,1,B,0.27
9066-5812-5044,Neha Malik,25-03-2024,31-03-2024,Amazon,Full-time,44,Secondary,29,Semi-urban,Always,4305,718,1,D,0.27
8466-1900-4700,Kavita Shenoy,25-03-2024,31-03-2024,Amazon,Full-time,24,Primary,1,Semi-urban,No,3961,660,1,C,0.27
2676-1661-7233,Kamla Ansari,25-03-2024,31-03-2024,Amazon,Full-time,42,Primary,60,Semi-urban,Yes,4500,750,1,D,0.27
9729-5078-9709,Shanti Pandey,25-03-2024,31-03-2024,Amazon,Full-time,22,Secondary,28,Urban,Sometimes,5072,845,1,D,0.27
9735-7101-8282,Deepak Naik,25-03-2024,31-03-2024,Amazon,Full-time,36,Primary,55,Semi-urban,Sometimes,4662,777,1,D,0.27
3378-9204-6948,Arun Das,25-03-2024,31-03-2024,Amazon,Full-time,47,Primary,41,Urban,Sometimes,3920,653,1,C,0.27
5550-7560-6627,Ritu Ahmed,25-03-2024,31-03-2024,Amazon,Full-time,37,Primary,59,Semi-urban,Sometimes,4031,672,1,D,0.27
4864-3874-7119,Divya Chatterjee,25-03-2024,31-03-2024,Amazon,Full-time,38,Primary,32,Rural,Always,5372,895,1,D,0.27
8031-8567-1256,Sanjay Ghosh,25-03-2024,31-03-2024,Ekart,Part-time,45,Secondary,60,Semi-urban,No,1285,214,1,A,0.31
7934-9201-3568,Satish Modi,25-03-2024,31-03-2024,Ekart,Full-time,33,Secondary,22,Semi-urban,Yes,4897,816,1,D,0.31
9840-7391-1437,Yogesh Kumar,25-03-2024,31-03-2024,Ekart,Full-time,26,Secondary,32,Semi-urban,No,2583,430,1,A,0.31
7001-5659-2958,Amit Mehta,25-03-2024,31-03-2024,Ekart,Full-time,36,Primary,41,Semi-urban,Yes,4865,811,1,D,0.31
9007-1153-6548,Shyam Parekh,25-03-2024,31-03-2024,Ekart,Full-time,24,Secondary,44,Semi-urban,No,3334,556,1,B,0.31
9232-9765-9480,Vinod Shah,25-03-2024,31-03-2024,Ekart,Full-time,40,Secondary,31,Urban,Yes,4848,808,1,D,0.31
7075-6470-5726,Prakash Khan,25-03-2024,31-03-2024,Ekart,Full-time,26,Secondary,11,Rural,Always,4503,750,1,D,0.31
4647-4190-4886,Sachin Patel,25-03-2024,31-03-2024,Ekart,Full-time,23,Secondary,60,Urban,No,5057,843,1,D,0.31
8832-1295-6372,Geeta Rajput,25-03-2024,31-03-2024,Ekart,Part-time,41,Secondary,4,Urban,Yes,1108,185,1,A,0.31
9459-3589-3492,Naresh Naidu,25-03-2024,31-03-2024,Ekart,Part-time,26,Secondary,54,Semi-urban,No,395,66,1,A,0.31
5123-7434-5080,Tarun Amin,25-03-2024,31-03-2024,Ekart,Full-time,44,Primary,4,Urban,Always,3733,622,1,C,0.31
9998-1196-2904,Prakash Ahmed,25-03-2024,31-03-2024,Ekart,Full-time,27,Secondary,18,Semi-urban,Sometimes,4054,676,1,D,0.31
2768-8501-8984,Praveen Banerjee,25-03-2024,31-03-2024,Ekart,Full-time,43,Secondary,2,Rural,Sometimes,3645,608,1,C,0.31
2599-6664-4192,Pradeep Shah,25-03-2024,31-03-2024,Ekart,Full-time,22,Primary,15,Semi-urban,Always,4272,712,1,D,0.31
1502-7401-9940,Ravi Patel,25-03-2024,31-03-2024,Ekart,Full-time,24,Primary,39,Semi-urban,Sometimes,2690,448,1,B,0.31
7668-7974-4742,Sita Islam,25-03-2024,31-03-2024,Ekart,Full-time,40,Secondary,5,Rural,Yes,2860,477,1,B,0.31
2648-8281-8986,Shanti Rao,25-03-2024,31-03-2024,Ekart,Full-time,25,Secondary,43,Urban,Rarely,3047,508,1,B,0.31
9157-3668-4315,Mamta Iyer,25-03-2024,31-03-2024,Ekart,Full-time,46,Secondary,33,Urban,Always,2852,475,1,B,0.31
8573-6512-1728,Padma Thakur,25-03-2024,31-03-2024,Ekart,Full-time,43,Secondary,46,Semi-urban,Yes,4843,807,1,D,0.31
6804-8724-6821,Mamta Paul,25-03-2024,31-03-2024,Ekart,Part-time,30,Secondary,23,Semi-urban,Always,1581,264,1,A,0.31
1455-5435-7016,Rajesh Hegde,25-03-2024,31-03-2024,Ekart,Full-time,39,Secondary,37,Urban,Yes,3848,641,1,C,0.31
9023-1820-1936,Rajesh Shah,25-03-2024,31-03-2024,Ekart,Full-time,30,Secondary,16,Semi-urban,No,3739,623,1,C,0.31
9112-3293-1037,Vimala Chatterjee,25-03-2024,31-03-2024,Ekart,Full-time,24,Secondary,22,Semi-urban,Yes,4155,692,1,D,0.31
3500-9794-9532,Asha Khan,25-03-2024,31-03-2024,Ekart,Full-time,38,Primary,35,Urban,Sometimes,4452,742,1,D,0.31
7911-2412-1499,Vishal Bhat,25-03-2024,31-03-2024,Ekart,Full-time,46,Primary,1,Urban,Yes,3820,637,1,C,0.31
5458-2600-8079,Aarav Ahmed,25-03-2024,31-03-2024,Ekart,Part-time,44,Secondary,14,Rural,Sometimes,981,164,1,A,0.31
2609-2674-1106,Anil Sharma,25-03-2024,31-03-2024,Ekart,Full-time,32,Secondary,59,Semi-urban,Yes,3174,529,1,B,0.31
8312-9891-3626,Vimala Modi,25-03-2024,31-03-2024,Ekart,Full-time,22,Primary,24,Semi-urban,Sometimes,4637,773,1,D,0.31
4346-3791-1321,Rohit Siddiqui,25-03-2024,31-03-2024,Ekart,Full-time,26,Primary,37,Urban,Always,4188,698,1,D,0.31
5196-4344-8856,Asha Modi,25-03-2024,31-03-2024,Ekart,Part-time,23,Secondary,26,Urban,Sometimes,1197,200,1,A,0.31
6495-6067-6597,Naveen Ansari,25-03-2024,31-03-2024,Ekart,Full-time,37,Primary,46,Urban,Rarely,3993,666,1,C,0.31
5470-2093-5454,Usha Rajput,25-03-2024,31-03-2024,Ekart,Full-time,26,Primary,20,Urban,No,4634,772,1,D,0.31
5023-2669-6392,Tarun Modi,25-03-2024,31-03-2024,Ekart,Part-time,44,Secondary,50,Urban,No,1352,225,1,A,0.31
5636-9843-4026,Dinesh Naidu,25-03-2024,31-03-2024,Ekart,Full-time,40,Secondary,7,Urban,Sometimes,3929,655,1,C,0.31
2669-7347-6948,Nilesh Ansari,25-03-2024,31-03-2024,Ekart,Full-time,24,Primary,58,Rural,Sometimes,4613,769,1,D,0.31
2256-9496-1522,Nikhil Pillai,25-03-2024,31-03-2024,Ekart,Full-time,48,Primary,59,Urban,No,2994,499,1,B,0.31
1123-4845-3631,Vijay Modi,25-03-2024,31-03-2024,Ekart,Full-time,41,Primary,7,Semi-urban,Sometimes,3529,588,1,C,0.31
9742-4652-9363,Radha Shaikh,25-03-2024,31-03-2024,Ekart,Full-time,31,Primary,22,Rural,Yes,4769,795,1,D,0.31
6542-9149-1032,Sarita Yadav,25-03-2024,31-03-2024,Ekart,Full-time,41,Secondary,4,Rural,Yes,3894,649,1,C,0.31
3324-7953-1844,Vijay Sharma,25-03-2024,31-03-2024,Ekart,Full-time,25,Secondary,1,Urban,Yes,3920,653,1,C,0.31
6048-4906-2910,Sarita Modi,25-03-2024,31-03-2024,Ekart,Full-time,28,Secondary,58,Urban,No,3256,543,1,B,0.31
9894-9893-6612,Nilesh Shenoy,25-03-2024,31-03-2024,Ekart,Full-time,39,Secondary,34,Urban,No,2580,430,1,A,0.31
3807-7792-5341,Rohit Khan,25-03-2024,31-03-2024,Ekart,Full-time,43,Primary,50,Urban,Yes,3116,519,1,B,0.31
7699-7037-7589,Meena Gupta,25-03-2024,31-03-2024,Ekart,Full-time,22,Secondary,29,Urban,Yes,3182,530,1,B,0.31
4001-7245-3685,Savita Bhatt,25-03-2024,31-03-2024,Ekart,Part-time,34,Primary,47,Urban,Rarely,1660,277,1,A,0.31
5680-3005-5418,Sachin Das,25-03-2024,31-03-2024,Ekart,Full-time,20,Secondary,28,Rural,No,3400,567,1,C,0.31
1837-1339-6538,Mahesh Malik,25-03-2024,31-03-2024,Ekart,Full-time,39,Primary,6,Semi-urban,Always,4980,830,1,D,0.31
5558-9721-7990,Mamta Sen,25-03-2024,31-03-2024,Ekart,Full-time,21,Primary,1,Urban,Sometimes,3888,648,1,C,0.31
3760-1701-2126,Vinod Hussain,25-03-2024,31-03-2024,Ekart,Full-time,22,Primary,34,Semi-urban,Sometimes,3679,613,1,C,0.31
1512-9860-3209,Umesh Amin,25-03-2024,31-03-2024,Ekart,Full-time,20,Primary,24,Rural,Sometimes,4056,676,1,D,0.31
2927-5069-5480,Usha Siddiqui,25-03-2024,31-03-2024,Ekart,Part-time,31,Primary,40,Semi-urban,No,1746,291,1,A,0.31
3667-7876-6594,Naresh Bhat,25-03-2024,31-03-2024,Ekart,Part-time,24,Primary,35,Rural,Sometimes,1055,176,1,A,0.31
7125-2311-2980,Manoj Reddy,25-03-2024,31-03-2024,Ekart,Full-time,39,Secondary,22,Semi-urban,Rarely,3569,595,1,C,0.31
4277-5990-6396,Varun Gupta,25-03-2024,31-03-2024,Ekart,Full-time,32,Secondary,59,Semi-urban,Sometimes,3122,520,1,B,0.31
6196-3764-4181,Ganesh Kumar,25-03-2024,31-03-2024,Ekart,Full-time,47,Secondary,7,Urban,No,4259,710,1,D,0.31
6808-5031-5191,Manoj Siddiqui,25-03-2024,31-03-2024,Ekart,Part-time,28,Primary,9,Semi-urban,Sometimes,980,163,1,A,0.31
2906-1935-9229,Dinesh Chatterjee,25-03-2024,31-03-2024,Ekart,Full-time,40,Primary,60,Semi-urban,Yes,4623,770,1,D,0.31
5134-6438-5831,Rahul Pandey,25-03-2024,31-03-2024,Ekart,Full-time,21,Primary,2,Urban,Yes,3875,646,1,C,0.31
2166-1879-8599,Dinesh Modi,25-03-2024,31-03-2024,Ekart,Full-time,32,Secondary,33,Urban,No,3698,616,1,C,0.31
5400-6850-2940,Laxmi Tiwari,25-03-2024,31-03-2024,Ekart,Full-time,22,Secondary,17,Urban,Sometimes,3681,614,1,C,0.31
5612-8502-8582,Shanti Naidu,25-03-2024,31-03-2024,Delhivery,Full-time,20,Primary,42,Urban,Sometimes,3679,613,1,C,0.36
1099-3113-2449,Anita Bhatt,25-03-2024,31-03-2024,Delhivery,Full-time,34,Primary,15,Semi-urban,Sometimes,3760,627,1,C,0.36
5987-3835-6925,Satish Thakur,25-03-2024,31-03-2024,Delhivery,Full-time,32,Secondary,34,Rural,Yes,2844,474,1,B,0.36
7430-9674-5855,Bharat Banerjee,25-03-2024,31-03-2024,Delhivery,Full-time,37,Secondary,43,Urban,No,4395,732,1,D,0.36
4644-7327-8179,Anita Paul,25-03-2024,31-03-2024,Delhivery,Full-time,33,Secondary,12,Semi-urban,Yes,4189,698,1,D,0.36
1862-9944-7412,Durga Bhatt,25-03-2024,31-03-2024,Delhivery,Full-time,47,Secondary,50,Semi-urban,Sometimes,2831,472,1,B,0.36
1981-3769-1663,Vishal Shetty,25-03-2024,31-03-2024,Delhivery,Full-time,45,Primary,20,Urban,Always,3772,629,1,C,0.36
6738-4064-3147,Rakesh Mukherjee,25-03-2024,31-03-2024,Delhivery,Full-time,30,Primary,31,Urban,No,3697,616,1,C,0.36
2583-6357-3282,Anita Modi,25-03-2024,31-03-2024,Delhivery,Part-time,38,Secondary,24,Semi-urban,No,1660,277,1,A,0.36
7249-3187-7723,Mohit Ali,25-03-2024,31-03-2024,Delhivery,Part-time,41,Secondary,20,Urban,Yes,583,97,1,A,0.36
3877-9342-5256,Sumit Ali,25-03-2024,31-03-2024,Delhivery,Part-time,32,Primary,14,Urban,Yes,1158,193,1,A,0.36
8071-8576-8329,Divya Trivedi,25-03-2024,31-03-2024,Delhivery,Full-time,35,Secondary,59,Semi-urban,Always,3905,651,1,C,0.36
2719-1252-7336,Ritu Kamat,25-03-2024,31-03-2024,Delhivery,Full-time,25,Secondary,5,Semi-urban,Yes,3321,554,1,B,0.36
8418-4502-8986,Rakesh Desai,25-03-2024,31-03-2024,Delhivery,Full-time,42,Primary,52,Urban,No,3601,600,1,C,0.36
6748-8511-4875,Mukesh Joshi,25-03-2024,31-03-2024,Delhivery,Full-time,21,Secondary,5,Semi-urban,Yes,2740,457,1,B,0.36
5797-8603-4104,Lalita Modi,25-03-2024,31-03-2024,Delhivery,Full-time,24,Secondary,47,Urban,Sometimes,4552,759,1,D,0.36
1913-1753-6591,Satish Shenoy,25-03-2024,31-03-2024,Delhivery,Part-time,43,Primary,1,Urban,Yes,2276,379,1,A,0.36
6979-9831-3279,Praveen Rajput,25-03-2024,31-03-2024,Delhivery,Part-time,20,Secondary,7,Semi-urban,Always,1691,282,1,A,0.36
8500-8289-9537,Nilesh Sharma,25-03-2024,31-03-2024,Delhivery,Full-time,38,Secondary,38,Rural,No,3826,638,1,C,0.36
2684-6961-3879,Sunil Malik,25-03-2024,31-03-2024,Delhivery,Part-time,47,Secondary,40,Rural,Always,1477,246,1,A,0.36
1321-5336-5256,Shyam Trivedi,25-03-2024,31-03-2024,Delhivery,Part-time,24,Primary,23,Semi-urban,Sometimes,714,119,1,A,0.36
7726-2862-8823,Vimala Pillai,25-03-2024,31-03-2024,Delhivery,Full-time,19,Secondary,15,Urban,Yes,3415,569,1,C,0.36
5864-6629-8835,Lokesh Verma,25-03-2024,31-03-2024,Delhivery,Full-time,36,Primary,50,Urban,No,3002,500,1,B,0.36
5998-6165-6950,Sarita Ahmed,25-03-2024,31-03-2024,Delhivery,Full-time,26,Secondary,54,Semi-urban,Yes,4303,717,1,D,0.36
9788-6499-1889,Padma Sharma,25-03-2024,31-03-2024,Delhivery,Full-time,41,Secondary,24,Rural,Yes,3883,647,1,C,0.36
2700-7445-8892,Ajay Das,25-03-2024,31-03-2024,Delhivery,Full-time,43,Primary,41,Urban,Yes,3112,519,1,B,0.36
5958-1314-4063,Suman Tiwari,25-03-2024,31-03-2024,Delhivery,Full-time,30,Primary,44,Semi-urban,Yes,3919,653,1,C,0.36
9329-4417-7309,Rekha Poojary,25-03-2024,31-03-2024,Delhivery,Full-time,22,Secondary,43,Rural,Yes,3083,514,1,B,0.36
9126-8412-3795,Vinod Islam,25-03-2024,31-03-2024,Delhivery,Full-time,33,Secondary,3,Rural,Yes,3713,619,1,C,0.36
6040-5876-8389,Manoj Dave,25-03-2024,31-03-2024,Delhivery,Full-time,19,Secondary,45,Semi-urban,No,3476,579,1,C,0.36
4643-9689-6282,Nisha Rajput,25-03-2024,31-03-2024,Delhivery,Full-time,38,Secondary,34,Semi-urban,Yes,3365,561,1,C,0.36
1987-5547-7635,Kapil Dey,25-03-2024,31-03-2024,Delhivery,Full-time,24,Secondary,59,Semi-urban,Always,2960,493,1,B,0.36
6333-7245-1404,Ritu Gupta,25-03-2024,31-03-2024,Delhivery,Full-time,27,Secondary,28,Urban,Yes,3598,600,1,C,0.36
8117-7929-8772,Lalit Malik,25-03-2024,31-03-2024,Delhivery,Full-time,25,Primary,50,Semi-urban,No,3531,588,1,C,0.36
7602-3934-5871,Mohit Amin,25-03-2024,31-03-2024,Delhivery,Full-time,25,Secondary,32,Urban,Always,3880,647,1,C,0.36
7125-8727-2057,Harish Joshi,25-03-2024,31-03-2024,Delhivery,Part-time,27,Primary,48,Urban,Sometimes,841,140,1,A,0.36
5999-8346-6133,Varun Reddy,25-03-2024,31-03-2024,Delhivery,Part-time,23,Primary,12,Urban,Yes,1987,331,1,A,0.36
6290-1666-2434,Ravi Ahmed,25-03-2024,31-03-2024,Delhivery,Full-time,30,Primary,50,Rural,Yes,4534,756,1,D,0.36
5492-8199-8516,Ritu Amin,25-03-2024,31-03-2024,Delhivery,Full-time,22,Primary,23,Semi-urban,Always,3149,525,1,B,0.36
2973-6073-4036,Nikhil Dave,25-03-2024,31-03-2024,Delhivery,Full-time,45,Primary,49,Urban,Sometimes,3258,543,1,B,0.36
4899-1022-7211,Amit Reddy,25-03-2024,31-03-2024,Delhivery,Full-time,27,Secondary,26,Rural,Sometimes,3963,660,1,C,0.36
8511-7298-3740,Radha Das,25-03-2024,31-03-2024,Delhivery,Full-time,21,Primary,19,Urban,Sometimes,3243,540,1,B,0.36
6604-7654-9546,Naveen Modi,25-03-2024,31-03-2024,Delhivery,Part-time,40,Primary,49,Semi-urban,No,1013,169,1,A,0.36
8461-5366-9651,Nilesh Gowda,25-03-2024,31-03-2024,Delhivery,Full-time,42,Primary,40,Urban,Sometimes,3943,657,1,C,0.36
3775-9974-6275,Rahul Thakur,25-03-2024,31-03-2024,Delhivery,Full-time,35,Primary,35,Semi-urban,No,2975,496,1,B,0.36
4276-2010-6228,Lalita Hussain,25-03-2024,31-03-2024,Delhivery,Full-time,48,Primary,29,Rural,No,4739,790,1,D,0.36
2116-3067-1674,Rekha Desai,25-03-2024,31-03-2024,Delhivery,Full-time,42,Secondary,57,Semi-urban,Yes,3074,512,1,B,0.36
8631-3121-8268,Rohit Chatterjee,25-03-2024,31-03-2024,Delhivery,Full-time,30,Primary,39,Urban,Yes,3781,630,1,C,0.36
6753-1346-5760,Shanti Amin,25-03-2024,31-03-2024,Delhivery,Part-time,22,Primary,17,Urban,Always,1403,234,1,A,0.36
5109-9416-5088,Vijay Khan,25-03-2024,31-03-2024,Delhivery,Full-time,38,Secondary,43,Semi-urban,No,2959,493,1,B,0.36
2886-9417-5363,Prakash Shetty,25-03-2024,31-03-2024,Delhivery,Full-time,38,Secondary,11,Urban,Yes,4087,681,1,D,0.36
5560-9189-6749,Gaurav Kumar,25-03-2024,31-03-2024,Delhivery,Full-time,43,Secondary,41,Semi-urban,Always,3872,645,1,C,0.36
5947-6172-5000,Asha Jain,25-03-2024,31-03-2024,Delhivery,Full-time,45,Primary,58,Urban,Always,3312,552,1,B,0.36
6777-3439-5887,Sunil Bhatt,25-03-2024,31-03-2024,Delhivery,Full-time,43,Primary,21,Urban,Rarely,4202,700,1,D,0.36
7793-4934-6349,Vijay Thakur,25-03-2024,31-03-2024,Delhivery,Full-time,29,Primary,29,Semi-urban,Rarely,4070,678,1,D,0.36
2438-2387-9170,Priya Chatterjee,25-03-2024,31-03-2024,Dunzo,Part-time,34,Secondary,19,Semi-urban,Always,360,60,1,A,0.42
7487-4851-1905,Rakesh Thakur,25-03-2024,31-03-2024,Dunzo,Full-time,41,Secondary,21,Urban,Sometimes,2593,432,1,B,0.42
9828-2159-3406,Aarav Roy,25-03-2024,31-03-2024,Dunzo,Full-time,28,Secondary,19,Urban,Sometimes,4159,693,1,D,0.42
4061-2308-3601,Pradeep Shaikh,25-03-2024,31-03-2024,Dunzo,Full-time,25,Secondary,35,Semi-urban,Sometimes,3448,575,1,C,0.42
4619-6601-6408,Padma Bhatt,25-03-2024,31-03-2024,Dunzo,Full-time,41,Secondary,37,Urban,Yes,3345,558,1,B,0.42
8919-3727-2053,Praveen Bhat,25-03-2024,31-03-2024,Dunzo,Full-time,47,Primary,17,Urban,Always,2431,405,1,A,0.42
9481-2654-9452,Kapil Hegde,25-03-2024,31-03-2024,Dunzo,Full-time,33,Primary,22,Semi-urban,Always,3506,584,1,C,0.42
1572-1323-3492,Mohit Naidu,25-03-2024,31-03-2024,Dunzo,Part-time,47,Secondary,3,Urban,Yes,1634,272,1,A,0.42
1660-7607-3971,Manoj Trivedi,25-03-2024,31-03-2024,Dunzo,Full-time,30,Primary,40,Urban,Rarely,3131,522,1,B,0.42
5227-8577-1307,Radha Iyer,25-03-2024,31-03-2024,Dunzo,Full-time,38,Secondary,25,Urban,Yes,3586,598,1,C,0.42
6771-6236-7161,Yogesh Dave,25-03-2024,31-03-2024,Dunzo,Full-time,20,Primary,58,Rural,Yes,2409,402,1,A,0.42
4465-4777-3713,Kavita Hegde,25-03-2024,31-03-2024,Dunzo,Part-time,29,Secondary,32,Urban,Sometimes,1229,205,1,A,0.42
5974-2046-1311,Suman Malik,25-03-2024,31-03-2024,Dunzo,Part-time,23,Secondary,36,Urban,Always,1051,175,1,A,0.42
9980-6047-2819,Rajesh Malik,25-03-2024,31-03-2024,Dunzo,Full-time,33,Secondary,38,Semi-urban,Yes,3086,514,1,B,0.42
4208-2014-8395,Usha Shaikh,25-03-2024,31-03-2024,Dunzo,Part-time,22,Primary,20,Semi-urban,Sometimes,552,92,1,A,0.42
6323-9581-2367,Mukesh Rao,25-03-2024,31-03-2024,Dunzo,Full-time,43,Secondary,26,Urban,Yes,3233,539,1,B,0.42
1499-5584-7603,Sunil Menon,25-03-2024,31-03-2024,Dunzo,Part-time,48,Secondary,10,Rural,Always,1999,333,1,A,0.42
8357-6432-9198,Girish Tiwari,25-03-2024,31-03-2024,Dunzo,Full-time,19,Primary,39,Semi-urban,No,3357,560,1,B,0.42
9040-5914-4655,Savita Parekh,25-03-2024,31-03-2024,Dunzo,Full-time,20,Primary,39,Urban,Sometimes,3361,560,1,C,0.42
5109-8274-1285,Lalita Ali,25-03-2024,31-03-2024,Dunzo,Full-time,29,Primary,29,Urban,Sometimes,3513,586,1,C,0.42
9261-9046-1608,Rekha Bose,25-03-2024,31-03-2024,Dunzo,Full-time,34,Secondary,59,Semi-urban,Yes,4173,696,1,D,0.42
4854-1032-1196,Suresh Naidu,25-03-2024,31-03-2024,Dunzo,Part-time,23,Primary,14,Semi-urban,Rarely,982,164,1,A,0.42
6835-4327-9739,Dinesh Reddy,25-03-2024,31-03-2024,Dunzo,Full-time,44,Secondary,25,Semi-urban,Always,3330,555,1,B,0.42
3364-2196-6398,Padma Shenoy,25-03-2024,31-03-2024,Dunzo,Full-time,39,Secondary,5,Semi-urban,No,3606,601,1,C,0.42
7671-6836-1676,Radha Ahmed,25-03-2024,31-03-2024,Dunzo,Full-time,38,Primary,36,Semi-urban,Always,4193,699,1,D,0.42
8126-4230-6414,Divya Mehta,25-03-2024,31-03-2024,Dunzo,Full-time,19,Secondary,28,Semi-urban,Sometimes,2585,431,1,A,0.42
4180-9572-8985,Lalita Parekh,25-03-2024,31-03-2024,Dunzo,Full-time,27,Secondary,25,Rural,No,2233,372,1,A,0.42
5079-3646-3077,Ritesh Nair,25-03-2024,31-03-2024,Dunzo,Full-time,47,Secondary,50,Urban,Yes,3266,544,1,B,0.42
2400-3376-3339,Rohit Mehta,25-03-2024,31-03-2024,Dunzo,Full-time,39,Primary,54,Rural,Sometimes,2767,461,1,B,0.42
9920-4026-7185,Vimala Bose,25-03-2024,31-03-2024,Dunzo,Full-time,23,Secondary,35,Urban,Yes,3228,538,1,B,0.42
3686-5049-4800,Sarita Khan,25-03-2024,31-03-2024,Dunzo,Part-time,27,Secondary,48,Semi-urban,Yes,1221,204,1,A,0.42
3934-5542-7702,Suresh Shah,25-03-2024,31-03-2024,Dunzo,Full-time,31,Secondary,34,Urban,Rarely,2671,445,1,B,0.42
6135-4805-5605,Naveen Chauhan,25-03-2024,31-03-2024,Dunzo,Full-time,21,Secondary,59,Urban,Sometimes,3261,544,1,B,0.42
4448-5403-1398,Sunita Dave,25-03-2024,31-03-2024,Dunzo,Full-time,28,Primary,52,Urban,No,3628,605,1,C,0.42
4708-8668-8628,Usha Ahmed,25-03-2024,31-03-2024,Dunzo,Full-time,37,Secondary,12,Semi-urban,Yes,3229,538,1,B,0.42
2335-9611-1121,Gaurav Patel,25-03-2024,31-03-2024,Dunzo,Full-time,39,Secondary,6,Semi-urban,Always,1593,266,1,A,0.42
8070-7613-1909,Santosh Shaikh,25-03-2024,31-03-2024,Dunzo,Part-time,39,Primary,28,Semi-urban,Always,1202,200,1,A,0.42
1595-1805-3262,Nilesh Bhatt,25-03-2024,31-03-2024,Dunzo,Full-time,26,Secondary,40,Semi-urban,Yes,3343,557,1,B,0.42
1015-6502-4755,Kamla Poojary,25-03-2024,31-03-2024,Dunzo,Full-time,20,Secondary,30,Urban,Sometimes,2849,475,1,B,0.42
6417-3646-4360,Praveen Dave,25-03-2024,31-03-2024,Dunzo,Part-time,34,Primary,9,Urban,No,1638,273,1,A,0.42
4302-3011-7837,Rohit Jain,25-03-2024,31-03-2024,Dunzo,Part-time,28,Secondary,42,Urban,Sometimes,1430,238,1,A,0.42
2024-2715-9869,Anita Reddy,25-03-2024,31-03-2024,Dunzo,Part-time,31,Primary,10,Urban,Sometimes,2067,344,1,A,0.42
2042-5833-8155,Vishal Menon,25-03-2024,31-03-2024,Dunzo,Full-time,46,Primary,55,Rural,Sometimes,3107,518,1,B,0.42
4113-3235-5227,Radha Ghosh,25-03-2024,31-03-2024,Dunzo,Full-time,32,Secondary,4,Semi-urban,Sometimes,3689,615,1,C,0.42
5386-8233-5206,Sumit Shaikh,25-03-2024,31-03-2024,Dunzo,Part-time,38,Secondary,58,Urban,No,1395,232,1,A,0.42
6469-9036-6851,Arjun Mishra,25-03-2024,31-03-2024,Dunzo,Part-time,32,Secondary,52,Semi-urban,Sometimes,1236,206,1,A,0.42
4332-3345-5245,Rahul Mehta,25-03-2024,31-03-2024,Dunzo,Full-time,19,Primary,54,Rural,Sometimes,3093,516,1,B,0.42
9828-6083-7369,Geeta Rao,25-03-2024,31-03-2024,Dunzo,Full-time,40,Primary,3,Urban,Yes,3305,551,1,B,0.42
2315-5565-2950,Aarav Thakur,25-03-2024,31-03-2024,Dunzo,Full-time,22,Secondary,17,Urban,Yes,3094,516,1,B,0.42
6432-7615-2711,Harish Singh,25-03-2024,31-03-2024,Dunzo,Part-time,35,Primary,59,Semi-urban,Always,1972,329,1,A,0.42
5261-6367-8576,Rohit Joshi,25-03-2024,31-03-2024,Zepto,Full-time,31,Primary,55,Urban,Sometimes,2776,463,1,B,0.44
9114-9868-9592,Ajay Dey,25-03-2024,31-03-2024,Zepto,Part-time,22,Primary,32,Urban,Rarely,1718,286,1,A,0.44
7614-1219-4858,Ritu Paul,25-03-2024,31-03-2024,Zepto,Full-time,32,Secondary,3,Rural,Sometimes,3866,644,1,C,0.44
6718-8442-3547,Mahesh Tiwari,25-03-2024,31-03-2024,Zepto,Full-time,29,Secondary,50,Semi-urban,Sometimes,2958,493,1,B,0.44
9271-8904-1121,Neha Kamat,25-03-2024,31-03-2024,Zepto,Full-time,44,Secondary,33,Semi-urban,Sometimes,2787,464,1,B,0.44
9774-7544-4734,Padma Hussain,25-03-2024,31-03-2024,Zepto,Full-time,42,Secondary,48,Urban,Yes,2499,416,1,A,0.44
3757-5533-8291,Arun Bose,25-03-2024,31-03-2024,Zepto,Part-time,36,Primary,59,Rural,Yes,1653,276,1,A,0.44
3700-8975-8328,Vishal Parekh,25-03-2024,31-03-2024,Zepto,Full-time,40,Secondary,23,Urban,Always,3322,554,1,B,0.44
6658-1837-7096,Ritu Parekh,25-03-2024,31-03-2024,Zepto,Full-time,26,Primary,40,Semi-urban,Yes,3103,517,1,B,0.44
6600-9402-1991,Rahul Khan,25-03-2024,31-03-2024,Zepto,Full-time,34,Primary,11,Urban,Yes,3280,547,1,B,0.44
5175-3095-2616,Ravi Iyer,25-03-2024,31-03-2024,Zepto,Full-time,34,Secondary,19,Urban,Always,2833,472,1,B,0.44
4226-2988-5451,Naveen Bhat,25-03-2024,31-03-2024,Zepto,Full-time,28,Secondary,16,Urban,Always,3336,556,1,B,0.44
8962-1833-2315,Sumit Naik,25-03-2024,31-03-2024,Zepto,Full-time,42,Secondary,37,Urban,Yes,4135,689,1,D,0.44
6581-1385-9779,Kapil Patel,25-03-2024,31-03-2024,Zepto,Part-time,21,Secondary,48,Urban,Yes,825,138,1,A,0.44
1316-3182-3102,Dinesh Menon,25-03-2024,31-03-2024,Zepto,Full-time,19,Primary,19,Rural,Yes,3395,566,1,C,0.44
5279-6760-1948,Ritu Chatterjee,25-03-2024,31-03-2024,Zepto,Part-time,41,Primary,16,Urban,Sometimes,773,129,1,A,0.44
6684-1843-4043,Anil Thakur,25-03-2024,31-03-2024,Zepto,Full-time,42,Primary,57,Rural,Yes,3663,610,1,C,0.44
6818-7429-8016,Anil Sen,25-03-2024,31-03-2024,Zepto,Full-time,31,Secondary,16,Urban,Sometimes,2514,419,1,A,0.44
8079-7829-1460,Ramesh Kumar,25-03-2024,31-03-2024,Zepto,Part-time,23,Primary,59,Semi-urban,Always,1616,269,1,A,0.44
7256-8339-9462,Sunita Das,25-03-2024,31-03-2024,Zepto,Full-time,43,Secondary,60,Semi-urban,Yes,3190,532,1,B,0.44
6041-2781-6418,Padma Verma,25-03-2024,31-03-2024,Zepto,Full-time,24,Secondary,46,Urban,Yes,3023,504,1,B,0.44
4482-2603-7750,Mamta Rajput,25-03-2024,31-03-2024,Zepto,Full-time,33,Secondary,58,Semi-urban,Always,2072,345,1,A,0.44
6414-6037-8077,Sanjay Nair,25-03-2024,31-03-2024,Zepto,Full-time,37,Primary,11,Urban,No,3614,602,1,C,0.44
2483-4676-5279,Dinesh Dey,25-03-2024,31-03-2024,Zepto,Full-time,21,Secondary,21,Semi-urban,Sometimes,3145,524,1,B,0.44
7804-3515-9206,Varun Rao,25-03-2024,31-03-2024,Zepto,Full-time,37,Primary,22,Semi-urban,Sometimes,2738,456,1,B,0.44
9797-8716-1961,Nikhil Rao,25-03-2024,31-03-2024,Zepto,Full-time,48,Secondary,8,Semi-urban,Always,2457,410,1,A,0.44
4462-9028-3672,Santosh Khan,25-03-2024,31-03-2024,Zepto,Part-time,34,Secondary,28,Semi-urban,Rarely,1448,241,1,A,0.44
1735-4310-3302,Mahesh Chauhan,25-03-2024,31-03-2024,Zepto,Full-time,29,Secondary,25,Semi-urban,Yes,3005,501,1,B,0.44
2551-6100-2942,Mamta Amin,25-03-2024,31-03-2024,Zepto,Full-time,23,Primary,7,Urban,Sometimes,3127,521,1,B,0.44
1348-9324-9910,Vimala Hegde,25-03-2024,31-03-2024,Zepto,Full-time,30,Primary,1,Semi-urban,Always,1828,305,1,A,0.44
6465-3300-6600,Harish Khan,25-03-2024,31-03-2024,Zepto,Full-time,20,Primary,30,Semi-urban,Sometimes,3157,526,1,B,0.44
9457-8502-3009,Mohit Siddiqui,25-03-2024,31-03-2024,Zepto,Full-time,28,Primary,27,Urban,Rarely,3984,664,1,C,0.44
2033-2074-2058,Yogesh Das,25-03-2024,31-03-2024,Zepto,Full-time,34,Secondary,32,Rural,Sometimes,3580,597,1,C,0.44
3746-6095-1214,Manoj Jain,25-03-2024,31-03-2024,Zepto,Part-time,46,Secondary,5,Urban,Rarely,831,138,1,A,0.44
9455-6586-6436,Shyam Naik,25-03-2024,31-03-2024,Zepto,Full-time,27,Primary,50,Urban,Yes,2525,421,1,A,0.44
7351-8165-6845,Pradeep Islam,25-03-2024,31-03-2024,Zepto,Full-time,30,Secondary,48,Urban,Sometimes,3237,540,1,B,0.44
5009-4335-5100,Sarita Bhatt,25-03-2024,31-03-2024,Zepto,Full-time,22,Secondary,33,Rural,Sometimes,3287,548,1,B,0.44
6915-8928-2630,Pushpa Bose,25-03-2024,31-03-2024,Zepto,Full-time,27,Secondary,53,Urban,Always,2983,497,1,B,0.44
7406-5446-8105,Priya Yadav,25-03-2024,31-03-2024,Zepto,Full-time,26,Secondary,32,Urban,Sometimes,2143,357,1,A,0.44
4209-5506-9159,Naresh Nair,25-03-2024,31-03-2024,Zepto,Full-time,47,Secondary,56,Urban,Yes,3405,568,1,C,0.44
2239-6681-5708,Priya Desai,25-03-2024,31-03-2024,Zepto,Part-time,34,Primary,30,Urban,Sometimes,1493,249,1,A,0.44
3326-6509-5579,Kapil Sharma,25-03-2024,31-03-2024,Zepto,Full-time,43,Secondary,52,Semi-urban,Sometimes,3038,506,1,B,0.44
2521-5112-5365,Neha Gupta,25-03-2024,31-03-2024,Zepto,Full-time,28,Secondary,7,Urban,Sometimes,4265,711,1,D,0.44
2033-2118-9585,Satish Roy,25-03-2024,31-03-2024,Zepto,Full-time,36,Primary,13,Rural,Sometimes,2612,435,1,B,0.44
8014-3404-1919,Asha Tiwari,25-03-2024,31-03-2024,Zepto,Full-time,19,Secondary,9,Urban,Sometimes,3505,584,1,C,0.44
9202-6749-6844,Pradeep Rajput,25-03-2024,31-03-2024,Blinkit,Full-time,24,Secondary,26,Rural,Yes,3164,527,1,B,0.4
5014-9165-3640,Priya Naidu,25-03-2024,31-03-2024,Blinkit,Full-time,21,Secondary,41,Urban,No,3131,522,1,B,0.4
7753-1486-7826,Anita Kumar,25-03-2024,31-03-2024,Blinkit,Part-time,41,Primary,33,Urban,Sometimes,1094,182,1,A,0.4
6180-9079-6426,Ravi Naik,25-03-2024,31-03-2024,Blinkit,Full-time,45,Primary,37,Urban,Yes,4342,724,1,D,0.4
8521-8512-7159,Arjun Bose,25-03-2024,31-03-2024,Blinkit,Part-time,31,Secondary,7,Urban,Always,787,131,1,A,0.4
8327-5663-4874,Harish Verma,25-03-2024,31-03-2024,Blinkit,Full-time,45,Primary,35,Rural,No,2437,406,1,A,0.4
7377-8689-9316,Rakesh Kamat,25-03-2024,31-03-2024,Blinkit,Full-time,43,Secondary,58,Urban,Sometimes,3152,525,1,B,0.4
2268-5463-1782,Anil Dey,25-03-2024,31-03-2024,Blinkit,Full-time,33,Primary,55,Urban,Yes,3406,568,1,C,0.4
4070-6532-2454,Divya Bhat,25-03-2024,31-03-2024,Blinkit,Full-time,45,Secondary,6,Urban,Sometimes,2979,496,1,B,0.4
5271-2109-5451,Pradeep Khan,25-03-2024,31-03-2024,Blinkit,Full-time,38,Secondary,20,Urban,Yes,1767,294,1,A,0.4
5297-6353-5050,Varun Sen,25-03-2024,31-03-2024,Blinkit,Full-time,36,Secondary,2,Urban,Yes,4069,678,1,D,0.4
9001-7801-8730,Ajay Mukherjee,25-03-2024,31-03-2024,Blinkit,Full-time,19,Secondary,46,Rural,Always,3343,557,1,B,0.4
4634-5063-8818,Ramesh Banerjee,25-03-2024,31-03-2024,Blinkit,Full-time,44,Primary,58,Urban,No,3307,551,1,B,0.4
4139-7446-7687,Varun Modi,25-03-2024,31-03-2024,Blinkit,Full-time,38,Secondary,3,Rural,No,3298,550,1,B,0.4
5373-2619-9934,Sunita Trivedi,25-03-2024,31-03-2024,Blinkit,Full-time,23,Secondary,49,Semi-urban,No,3917,653,1,C,0.4
1555-3163-5853,Lokesh Shenoy,25-03-2024,31-03-2024,Blinkit,Part-time,25,Secondary,55,Rural,No,1239,206,1,A,0.4
3047-2262-3071,Pradeep Hegde,25-03-2024,31-03-2024,Blinkit,Full-time,29,Primary,16,Semi-urban,No,3287,548,1,B,0.4
6417-1894-3945,Sunita Mehta,25-03-2024,31-03-2024,Blinkit,Full-time,42,Primary,21,Urban,Yes,2801,467,1,B,0.4
4822-8935-8605,Laxmi Patel,25-03-2024,31-03-2024,Blinkit,Part-time,21,Secondary,44,Urban,No,1593,266,1,A,0.4
6834-7745-4886,Kapil Bhat,25-03-2024,31-03-2024,Blinkit,Part-time,38,Primary,43,Urban,Sometimes,1347,224,1,A,0.4
6826-1871-7520,Mahesh Siddiqui,25-03-2024,31-03-2024,Blinkit,Part-time,28,Secondary,37,Semi-urban,Yes,1035,172,1,A,0.4
8757-2544-7734,Aarav Jain,25-03-2024,31-03-2024,Blinkit,Full-time,35,Secondary,11,Semi-urban,Yes,2899,483,1,B,0.4
3340-7756-3915,Vishal Gupta,25-03-2024,31-03-2024,Blinkit,Full-time,41,Secondary,43,Urban,Always,3231,538,1,B,0.4
6573-4718-6955,Divya Mishra,25-03-2024,31-03-2024,Blinkit,Full-time,45,Primary,29,Rural,Sometimes,3012,502,1,B,0.4
5370-6487-7772,Ramesh Sharma,25-03-2024,31-03-2024,Blinkit,Full-time,20,Primary,40,Rural,Rarely,3852,642,1,C,0.4
4118-4049-5677,Rekha Siddiqui,25-03-2024,31-03-2024,Blinkit,Full-time,30,Primary,33,Semi-urban,Rarely,3493,582,1,C,0.4
9959-7368-3780,Praveen Mukherjee,25-03-2024,31-03-2024,Blinkit,Full-time,37,Secondary,13,Urban,Yes,3945,658,1,C,0.4
2240-3139-8297,Meena Ansari,25-03-2024,31-03-2024,Blinkit,Part-time,25,Primary,22,Semi-urban,Sometimes,1533,256,1,A,0.4
3942-2789-4617,Tarun Dey,25-03-2024,31-03-2024,Blinkit,Full-time,45,Primary,44,Urban,Always,2850,475,1,B,0.4
4927-4748-6169,Suman Banerjee,25-03-2024,31-03-2024,Blinkit,Full-time,23,Secondary,52,Urban,Yes,3403,567,1,C,0.4
1862-8218-4480,Sanjay Amin,25-03-2024,31-03-2024,Blinkit,Full-time,36,Primary,58,Urban,Sometimes,4481,747,1,D,0.4
2111-8430-2288,Durga Naik,25-03-2024,31-03-2024,Blinkit,Full-time,38,Primary,14,Rural,Rarely,3356,559,1,B,0.4
6218-5384-6149,Sachin Trivedi,25-03-2024,31-03-2024,Blinkit,Full-time,44,Secondary,10,Rural,Yes,4286,714,1,D,0.4
7264-5239-1887,Neha Rao,25-03-2024,31-03-2024,Blinkit,Full-time,46,Primary,25,Urban,Yes,3027,504,1,B,0.4
4696-7598-4562,Sunita Naidu,25-03-2024,31-03-2024,Blinkit,Full-time,20,Primary,14,Semi-urban,Sometimes,3449,575,1,C,0.4
1322-5323-2045,Ganesh Ahmed,25-03-2024,31-03-2024,Blinkit,Full-time,35,Primary,2,Urban,Yes,2282,380,1,A,0.4
7831-2315-7694,Harish Mishra,25-03-2024,31-03-2024,Blinkit,Full-time,44,Secondary,21,Urban,Sometimes,4371,728,1,D,0.4
1915-5277-5334,Kavita Paul,25-03-2024,31-03-2024,Blinkit,Full-time,44,Primary,11,Urban,Yes,4127,688,1,D,0.4
2466-6952-4429,Sarita Hussain,25-03-2024,31-03-2024,Blinkit,Full-time,31,Primary,16,Semi-urban,Yes,3958,660,1,C,0.4
2890-3106-6044,Kapil Mehta,25-03-2024,31-03-2024,Blinkit,Part-time,37,Secondary,35,Semi-urban,Yes,1968,328,1,A,0.4
8862-1595-2899,Prakash Bhatt,25-03-2024,31-03-2024,Blinkit,Full-time,27,Secondary,28,Urban,Rarely,2592,432,1,B,0.4
1613-9232-2974,Ramesh Shaikh,25-03-2024,31-03-2024,Blinkit,Part-time,27,Primary,55,Urban,Sometimes,1237,206,1,A,0.4
3567-7571-4188,Usha Bhatt,25-03-2024,31-03-2024,Blinkit,Part-time,22,Secondary,30,Semi-urban,Yes,1820,303,1,A,0.4
3401-3729-9774,Padma Siddiqui,25-03-2024,31-03-2024,Blinkit,Full-time,46,Primary,18,Urban,Rarely,4336,723,1,D,0.4
6500-9493-8365,Usha Shetty,25-03-2024,31-03-2024,Blinkit,Full-time,30,Primary,16,Urban,Yes,3909,652,1,C,0.4
4872-7040-4666,Sunita Desai,25-03-2024,31-03-2024,Blinkit,Full-time,37,Primary,16,Semi-urban,No,3852,642,1,C,0.4
1484-7249-6499,Arjun Modi,25-03-2024,31-03-2024,Blinkit,Full-time,30,Primary,25,Urban,Yes,2720,453,1,B,0.4
8685-9699-4233,Ganesh Menon,25-03-2024,31-03-2024,Blinkit,Full-time,47,Secondary,22,Semi-urban,Always,3692,615,1,C,0.4
6547-5811-5618,Savita Joshi,25-03-2024,31-03-2024,Blinkit,Full-time,41,Primary,29,Semi-urban,Always,3549,592,1,C,0.4
3061-3355-7797,Manoj Bhatt,25-03-2024,31-03-2024,Blinkit,Full-time,37,Primary,58,Rural,Yes,3687,614,1,C,0.4
6326-9135-8321,Geeta Hegde,25-03-2024,31-03-2024,Porter,Full-time,42,Secondary,57,Urban,Rarely,2708,451,1,B,0.38
2070-9865-1623,Umesh Qureshi,25-03-2024,31-03-2024,Porter,Part-time,46,Primary,17,Rural,Sometimes,1522,254,1,A,0.38
4988-8107-5587,Priya Modi,25-03-2024,31-03-2024,Porter,Part-time,27,Primary,40,Rural,Rarely,1631,272,1,A,0.38
1146-2904-8391,Vimala Bhat,25-03-2024,31-03-2024,Porter,Part-time,43,Primary,41,Semi-urban,No,1596,266,1,A,0.38
1617-6704-7185,Sunita Pandey,25-03-2024,31-03-2024,Porter,Full-time,38,Secondary,4,Semi-urban,Yes,3593,599,1,C,0.38
9252-3759-3336,Ritesh Verma,25-03-2024,31-03-2024,Porter,Full-time,45,Secondary,28,Urban,No,4626,771,1,D,0.38
1799-2093-4593,Pooja Ghosh,25-03-2024,31-03-2024,Porter,Full-time,21,Secondary,32,Semi-urban,Yes,3952,659,1,C,0.38
2229-3941-9805,Sachin Agarwal,25-03-2024,31-03-2024,Porter,Full-time,25,Secondary,60,Rural,Always,2919,486,1,B,0.38
4575-5534-8473,Sarita Dave,25-03-2024,31-03-2024,Porter,Full-time,34,Secondary,44,Urban,Yes,2880,480,1,B,0.38
2382-5049-6367,Laxmi Qureshi,25-03-2024,31-03-2024,Porter,Full-time,43,Primary,57,Urban,Yes,2522,420,1,A,0.38
4300-7108-8649,Harish Yadav,25-03-2024,31-03-2024,Porter,Full-time,40,Secondary,53,Rural,Always,4454,742,1,D,0.38
5061-5940-3963,Vimala Yadav,25-03-2024,31-03-2024,Porter,Part-time,22,Primary,16,Urban,Rarely,2469,412,1,A,0.38
5942-9523-2599,Meena Rao,25-03-2024,31-03-2024,Porter,Full-time,48,Primary,23,Urban,Sometimes,3352,559,1,B,0.38
4899-3975-5662,Lokesh Bose,25-03-2024,31-03-2024,Porter,Full-time,44,Secondary,54,Rural,Yes,3599,600,1,C,0.38
4479-1551-3816,Pushpa Gowda,25-03-2024,31-03-2024,Porter,Full-time,42,Secondary,15,Semi-urban,Yes,3584,597,1,C,0.38
5624-4228-8500,Rajesh Poojary,25-03-2024,31-03-2024,Porter,Full-time,26,Secondary,56,Urban,Sometimes,3282,547,1,B,0.38
3161-2751-4469,Sumit Iyer,25-03-2024,31-03-2024,Porter,Full-time,23,Primary,15,Urban,Always,4573,762,1,D,0.38
8988-9671-4407,Satish Joshi,25-03-2024,31-03-2024,Porter,Full-time,28,Secondary,2,Semi-urban,No,5079,846,1,D,0.38
9404-3993-1691,Tarun Bose,25-03-2024,31-03-2024,Porter,Full-time,48,Primary,31,Semi-urban,No,3028,505,1,B,0.38
4080-1727-1034,Santosh Modi,25-03-2024,31-03-2024,Porter,Full-time,48,Secondary,24,Semi-urban,No,3639,606,1,C,0.38
9977-6212-4855,Prakash Gupta,25-03-2024,31-03-2024,Porter,Full-time,34,Primary,23,Rural,No,3360,560,1,B,0.38
7775-7053-9446,Mahesh Kamat,25-03-2024,31-03-2024,Porter,Full-time,37,Secondary,13,Urban,No,3784,631,1,C,0.38
4691-4127-5162,Manju Gupta,25-03-2024,31-03-2024,Porter,Full-time,29,Primary,8,Urban,Yes,3332,555,1,B,0.38
2956-8564-4689,Divya Bose,25-03-2024,31-03-2024,Porter,Full-time,40,Secondary,9,Urban,Yes,4720,787,1,D,0.38
5980-1632-8862,Vimala Pandey,25-03-2024,31-03-2024,Porter,Part-time,20,Secondary,39,Urban,Sometimes,1707,284,1,A,0.38
7333-9835-7270,Bharat Das,25-03-2024,31-03-2024,Porter,Full-time,41,Primary,40,Rural,Yes,2735,456,1,B,0.38
7750-1012-3323,Kavita Malik,25-03-2024,31-03-2024,Porter,Full-time,35,Secondary,40,Urban,No,3714,619,1,C,0.38
9875-4589-5207,Ritesh Dave,25-03-2024,31-03-2024,Porter,Full-time,48,Secondary,8,Rural,No,3174,529,1,B,0.38
3621-5963-5898,Lalit Shenoy,25-03-2024,31-03-2024,Porter,Full-time,30,Secondary,15,Urban,Always,2370,395,1,A,0.38
7832-6167-2215,Rekha Gupta,25-03-2024,31-03-2024,Porter,Full-time,38,Secondary,18,Semi-urban,No,3514,586,1,C,0.38
7730-2202-5691,Praveen Chauhan,25-03-2024,31-03-2024,Porter,Part-time,22,Secondary,9,Urban,Sometimes,1407,234,1,A,0.38
5022-3638-9422,Naresh Yadav,25-03-2024,31-03-2024,Porter,Part-time,42,Primary,1,Rural,Sometimes,1424,237,1,A,0.38
2118-7729-3810,Rakesh Bhatt,25-03-2024,31-03-2024,Porter,Full-time,45,Primary,8,Semi-urban,Yes,3380,563,1,C,0.38
6505-9684-9306,Meena Sharma,25-03-2024,31-03-2024,Porter,Full-time,38,Secondary,5,Urban,Sometimes,3017,503,1,B,0.38
8344-6419-3058,Bharat Dey,25-03-2024,31-03-2024,Porter,Full-time,22,Secondary,28,Urban,Yes,4264,711,1,D,0.38
8755-1169-5596,Nikhil Qureshi,25-03-2024,31-03-2024,Porter,Full-time,39,Secondary,4,Rural,Always,4966,828,1,D,0.38
7056-7523-1176,Sumit Dave,25-03-2024,31-03-2024,Porter,Full-time,31,Secondary,42,Semi-urban,Yes,3041,507,1,B,0.38
8132-7925-5463,Ritesh Yadav,25-03-2024,31-03-2024,Porter,Full-time,38,Primary,27,Urban,Always,4820,803,1,D,0.38
5822-9364-5125,Aarav Dey,25-03-2024,31-03-2024,Porter,Full-time,23,Secondary,41,Urban,Sometimes,4193,699,1,D,0.38
9265-8584-6075,Seema Parekh,25-03-2024,31-03-2024,Porter,Full-time,41,Primary,48,Semi-urban,Yes,4991,832,1,D,0.38
2607-1089-4413,Sarita Chatterjee,25-03-2024,31-03-2024,Shadowfax,Full-time,41,Secondary,57,Rural,Always,4655,776,1,D,0.33
2878-3901-7066,Anita Das,25-03-2024,31-03-2024,Shadowfax,Full-time,30,Primary,51,Semi-urban,Yes,3842,640,1,C,0.33
9630-7258-4744,Ramesh Bhatt,25-03-2024,31-03-2024,Shadowfax,Part-time,34,Primary,53,Urban,Yes,1286,214,1,A,0.33
9580-8699-5763,Suresh Gowda,25-03-2024,31-03-2024,Shadowfax,Part-time,38,Secondary,30,Semi-urban,Yes,753,126,1,A,0.33
4058-6841-8721,Harish Trivedi,25-03-2024,31-03-2024,Shadowfax,Full-time,37,Secondary,30,Semi-urban,Sometimes,4026,671,1,D,0.33
3629-6720-4784,Shyam Ansari,25-03-2024,31-03-2024,Shadowfax,Full-time,40,Secondary,38,Rural,No,3854,642,1,C,0.33
7768-5261-1697,Pradeep Qureshi,25-03-2024,31-03-2024,Shadowfax,Full-time,28,Primary,21,Urban,Sometimes,3726,621,1,C,0.33
8788-5209-4660,Laxmi Siddiqui,25-03-2024,31-03-2024,Shadowfax,Part-time,41,Primary,19,Urban,Sometimes,1187,198,1,A,0.33
9736-4560-2907,Naresh Sen,25-03-2024,31-03-2024,Shadowfax,Part-time,22,Secondary,1,Urban,Always,1937,323,1,A,0.33
1968-3875-9262,Ritu Verma,25-03-2024,31-03-2024,Shadowfax,Full-time,20,Secondary,17,Rural,Always,4404,734,1,D,0.33
3102-8397-8216,Pooja Shaikh,25-03-2024,31-03-2024,Shadowfax,Full-time,44,Secondary,28,Semi-urban,Rarely,3956,659,1,C,0.33
1380-6424-7833,Dinesh Bhat,25-03-2024,31-03-2024,Shadowfax,Part-time,37,Primary,42,Urban,No,1154,192,1,A,0.33
8337-3768-6140,Priya Das,25-03-2024,31-03-2024,Shadowfax,Part-time,33,Secondary,38,Urban,Rarely,872,145,1,A,0.33
8269-1104-6188,Sunita Agarwal,25-03-2024,31-03-2024,Shadowfax,Full-time,32,Secondary,15,Semi-urban,Always,3924,654,1,C,0.33
8020-2921-2114,Lalita Das,25-03-2024,31-03-2024,Shadowfax,Full-time,38,Primary,44,Rural,No,3316,553,1,B,0.33
9350-8578-1054,Anil Qureshi,25-03-2024,31-03-2024,Shadowfax,Full-time,37,Primary,6,Urban,Yes,4075,679,1,D,0.33
4228-8521-1010,Praveen Kamat,25-03-2024,31-03-2024,Shadowfax,Full-time,19,Secondary,3,Urban,Yes,4207,701,1,D,0.33
5992-2170-3781,Umesh Jain,25-03-2024,31-03-2024,Shadowfax,Full-time,43,Primary,2,Urban,No,3426,571,1,C,0.33
9314-1649-6154,Sunita Sen,25-03-2024,31-03-2024,Shadowfax,Full-time,21,Secondary,11,Semi-urban,No,3270,545,1,B,0.33
3896-9225-1083,Suman Bhat,25-03-2024,31-03-2024,Shadowfax,Full-time,30,Secondary,44,Rural,Yes,3891,648,1,C,0.33
4447-8609-7975,Arun Reddy,25-03-2024,31-03-2024,Shadowfax,Full-time,22,Primary,38,Urban,Yes,4702,784,1,D,0.33
3867-4050-2614,Sunil Reddy,25-03-2024,31-03-2024,Shadowfax,Full-time,32,Secondary,38,Urban,Sometimes,3504,584,1,C,0.33
5298-6973-6743,Aarav Naidu,25-03-2024,31-03-2024,Shadowfax,Full-time,40,Secondary,10,Urban,No,4774,796,1,D,0.33
9727-8688-7973,Kapil Jain,25-03-2024,31-03-2024,Shadowfax,Full-time,24,Secondary,21,Semi-urban,Always,3729,622,1,C,0.33
4953-7882-7764,Sunita Ahmed,25-03-2024,31-03-2024,Shadowfax,Full-time,44,Primary,1,Urban,Always,3691,615,1,C,0.33
7421-2430-3385,Vishal Agarwal,25-03-2024,31-03-2024,Shadowfax,Full-time,23,Secondary,8,Semi-urban,Sometimes,2637,440,1,B,0.33
7267-5650-7034,Sarita Paul,25-03-2024,31-03-2024,Shadowfax,Part-time,46,Primary,6,Urban,Yes,578,96,1,A,0.33
8226-3217-7206,Santosh Sen,25-03-2024,31-03-2024,Shadowfax,Full-time,47,Primary,22,Urban,Always,3069,512,1,B,0.33
6542-5439-2604,Naveen Gupta,25-03-2024,31-03-2024,Shadowfax,Full-time,36,Primary,51,Urban,Yes,4214,702,1,D,0.33
3292-5967-3586,Arun Mukherjee,25-03-2024,31-03-2024,Shadowfax,Full-time,41,Primary,31,Urban,Yes,3681,614,1,C,0.33
2892-7057-9673,Radha Kumar,25-03-2024,31-03-2024,Shadowfax,Full-time,21,Secondary,52,Semi-urban,No,3590,598,1,C,0.33
9567-9290-6285,Mukesh Naidu,25-03-2024,31-03-2024,Shadowfax,Full-time,23,Primary,28,Semi-urban,Sometimes,4006,668,1,C,0.33
6092-5153-1696,Mukesh Mehta,25-03-2024,31-03-2024,Shadowfax,Full-time,31,Secondary,30,Urban,Rarely,3435,572,1,C,0.33
1422-6542-6146,Mahesh Trivedi,25-03-2024,31-03-2024,Shadowfax,Full-time,48,Secondary,23,Urban,Yes,2663,444,1,B,0.33
5900-8868-7961,Kamla Menon,25-03-2024,31-03-2024,Shadowfax,Part-time,46,Primary,5,Urban,Always,2320,387,1,A,0.33
2895-2004-3220,Praveen Roy,25-03-2024,31-03-2024,Shadowfax,Full-time,41,Secondary,3,Urban,No,3594,599,1,C,0.33
8768-2792-9432,Nisha Shetty,25-03-2024,31-03-2024,Shadowfax,Full-time,34,Primary,47,Urban,Always,4184,697,1,D,0.33
2754-5801-8725,Radha Chatterjee,25-03-2024,31-03-2024,Shadowfax,Full-time,26,Primary,36,Semi-urban,Sometimes,3174,529,1,B,0.33
5950-7600-8162,Vinod Yadav,25-03-2024,31-03-2024,Shadowfax,Full-time,37,Primary,41,Urban,No,3429,572,1,C,0.33
4472-3746-2545,Nilesh Mehta,25-03-2024,31-03-2024,Shadowfax,Full-time,33,Primary,36,Rural,Yes,4078,680,1,D,0.33
