eshram_id,week_start,income_bracket
UAN-77-2640-1363-8065,01-01-2024,D
UAN-90-6217-9921-2907,01-01-2024,C
UAN-83-7349-3472-7936,01-01-2024,D
UAN-85-4112-3965-6397,01-01-2024,D
UAN-55-2396-3088-2429,01-01-2024,D
UAN-36-4963-7821-7884,01-01-2024,D
UAN-21-4232-5218-7253,01-01-2024,C
UAN-89-2746-6763-3672,01-01-2024,D
UAN-86-1230-1892-1086,01-01-2024,D
UAN-27-4387-6738-2811,01-01-2024,D
UAN-21-9265-4321-1594,01-01-2024,C
UAN-48-3496-4426-1355,01-01-2024,D
UAN-48-9969-4113-2677,01-01-2024,A
UAN-83-8660-5353-2598,01-01-2024,C
UAN-71-3391-4834-2854,01-01-2024,A
UAN-16-6918-6429-4550,01-01-2024,D
UAN-26-5779-5313-9445,01-01-2024,D
UAN-26-6010-8812-6995,01-01-2024,D
UAN-82-1628-1185-5009,01-01-2024,B
UAN-59-1621-9807-5954,01-01-2024,C
UAN-90-7558-2428-2814,01-01-2024,A
UAN-22-1688-6901-4145,01-01-2024,C
UAN-71-4414-1094-1798,01-01-2024,A
UAN-39-2987-8989-5637,01-01-2024,D
UAN-29-9046-6192-5651,01-01-2024,D
UAN-71-5860-2403-4817,01-01-2024,A
UAN-35-7800-1547-6954,01-01-2024,A
UAN-62-2738-7941-6804,01-01-2024,B
UAN-17-3256-5540-4851,01-01-2024,D
UAN-10-7140-7812-4750,01-01-2024,D
UAN-33-5573-3048-3614,01-01-2024,D
UAN-99-2206-8886-3158,01-01-2024,A
UAN-72-4979-6633-5580,01-01-2024,A
UAN-69-6224-4837-3146,01-01-2024,D
UAN-12-9548-4920-3613,01-01-2024,C
UAN-47-5511-3905-9262,01-01-2024,D
UAN-17-4394-6808-6099,01-01-2024,C
UAN-71-4831-4995-7037,01-01-2024,D
UAN-26-1269-6334-3728,01-01-2024,A
UAN-76-3337-7610-1012,01-01-2024,D
UAN-49-4940-1805-6603,01-01-2024,D
UAN-68-8560-9896-2115,01-01-2024,D
UAN-47-5451-5314-8283,01-01-2024,D
UAN-77-1380-5070-5438,01-01-2024,D
UAN-45-4609-9133-4819,01-01-2024,A
UAN-13-3459-1579-8738,01-01-2024,D
UAN-14-7329-6865-6886,01-01-2024,A
UAN-54-6936-2496-9328,01-01-2024,A
UAN-68-6595-2186-8035,01-01-2024,D
UAN-78-1364-5726-7613,01-01-2024,D
UAN-26-4231-2372-4282,01-01-2024,A
UAN-93-1639-9454-1738,01-01-2024,C
UAN-29-1365-1216-3667,01-01-2024,D
UAN-63-9585-7551-1282,01-01-2024,C
UAN-73-2440-9742-5006,01-01-2024,D
UAN-59-8119-5398-8401,01-01-2024,D
UAN-28-9536-5487-9929,01-01-2024,D
UAN-20-9275-1761-4737,01-01-2024,D
UAN-99-3473-5694-9734,01-01-2024,D
UAN-80-8538-5651-3019,01-01-2024,D
UAN-42-5851-9238-5792,01-01-2024,B
UAN-17-1995-4204-5323,01-01-2024,C
UAN-91-9066-5812-5044,01-01-2024,C
UAN-51-8466-1900-4700,01-01-2024,D
UAN-25-2676-1661-7233,01-01-2024,D
UAN-26-9729-5078-9709,01-01-2024,D
UAN-67-9735-7101-8282,01-01-2024,D
UAN-56-3378-9204-6948,01-01-2024,D
UAN-13-5550-7560-6627,01-01-2024,D
UAN-68-4864-3874-7119,01-01-2024,D
UAN-92-8031-8567-1256,01-01-2024,A
UAN-19-7934-9201-3568,01-01-2024,D
UAN-95-9840-7391-1437,01-01-2024,B
UAN-71-7001-5659-2958,01-01-2024,C
UAN-24-9007-1153-6548,01-01-2024,C
UAN-36-9232-9765-9480,01-01-2024,D
UAN-66-7075-6470-5726,01-01-2024,B
UAN-87-4647-4190-4886,01-01-2024,D
UAN-71-8832-1295-6372,01-01-2024,B
UAN-32-9459-3589-3492,01-01-2024,A
UAN-66-5123-7434-5080,01-01-2024,C
UAN-21-9998-1196-2904,01-01-2024,D
UAN-33-2768-8501-8984,01-01-2024,B
UAN-90-2599-6664-4192,01-01-2024,D
UAN-76-1502-7401-9940,01-01-2024,B
UAN-72-7668-7974-4742,01-01-2024,D
UAN-58-2648-8281-8986,01-01-2024,A
UAN-93-9157-3668-4315,01-01-2024,B
UAN-26-8573-6512-1728,01-01-2024,D
UAN-53-6804-8724-6821,01-01-2024,A
UAN-84-1455-5435-7016,01-01-2024,C
UAN-76-9023-1820-1936,01-01-2024,B
UAN-83-9112-3293-1037,01-01-2024,D
UAN-53-3500-9794-9532,01-01-2024,C
UAN-94-7911-2412-1499,01-01-2024,C
UAN-66-5458-2600-8079,01-01-2024,A
UAN-26-2609-2674-1106,01-01-2024,C
UAN-77-8312-9891-3626,01-01-2024,A
UAN-82-4346-3791-1321,01-01-2024,C
UAN-40-5196-4344-8856,01-01-2024,A
UAN-45-6495-6067-6597,01-01-2024,C
UAN-90-5470-2093-5454,01-01-2024,D
UAN-20-5023-2669-6392,01-01-2024,A
UAN-54-5636-9843-4026,01-01-2024,C
UAN-22-2669-7347-6948,01-01-2024,D
UAN-23-2256-9496-1522,01-01-2024,D
UAN-95-1123-4845-3631,01-01-2024,C
UAN-29-9742-4652-9363,01-01-2024,D
UAN-27-6542-9149-1032,01-01-2024,C
UAN-39-3324-7953-1844,01-01-2024,D
UAN-43-6048-4906-2910,01-01-2024,B
UAN-89-9894-9893-6612,01-01-2024,C
UAN-25-3807-7792-5341,01-01-2024,B
UAN-27-7699-7037-7589,01-01-2024,B
UAN-37-4001-7245-3685,01-01-2024,A
UAN-99-5680-3005-5418,01-01-2024,D
UAN-17-1837-1339-6538,01-01-2024,D
UAN-71-5558-9721-7990,01-01-2024,C
UAN-40-3760-1701-2126,01-01-2024,D
UAN-37-1512-9860-3209,01-01-2024,B
UAN-53-2927-5069-5480,01-01-2024,A
UAN-32-3667-7876-6594,01-01-2024,A
UAN-82-7125-2311-2980,01-01-2024,C
UAN-44-4277-5990-6396,01-01-2024,B
UAN-61-6196-3764-4181,01-01-2024,D
UAN-60-6808-5031-5191,01-01-2024,A
UAN-40-2906-1935-9229,01-01-2024,B
UAN-35-5134-6438-5831,01-01-2024,B
UAN-39-2166-1879-8599,01-01-2024,D
UAN-34-5400-6850-2940,01-01-2024,D
UAN-64-5612-8502-8582,01-01-2024,A
UAN-83-1099-3113-2449,01-01-2024,B
UAN-20-5987-3835-6925,01-01-2024,C
UAN-82-7430-9674-5855,01-01-2024,D
UAN-26-4644-7327-8179,01-01-2024,D
UAN-30-1862-9944-7412,01-01-2024,D
UAN-77-1981-3769-1663,01-01-2024,C
UAN-78-6738-4064-3147,01-01-2024,D
UAN-13-2583-6357-3282,01-01-2024,A
UAN-36-7249-3187-7723,01-01-2024,A
UAN-83-3877-9342-5256,01-01-2024,A
UAN-95-8071-8576-8329,01-01-2024,B
UAN-21-2719-1252-7336,01-01-2024,B
UAN-21-8418-4502-8986,01-01-2024,C
UAN-69-6748-8511-4875,01-01-2024,A
UAN-80-5797-8603-4104,01-01-2024,D
UAN-20-1913-1753-6591,01-01-2024,A
UAN-33-6979-9831-3279,01-01-2024,A
UAN-91-8500-8289-9537,01-01-2024,C
UAN-77-2684-6961-3879,01-01-2024,A
UAN-76-1321-5336-5256,01-01-2024,A
UAN-24-7726-2862-8823,01-01-2024,B
UAN-77-5864-6629-8835,01-01-2024,B
UAN-25-5998-6165-6950,01-01-2024,D
UAN-81-9788-6499-1889,01-01-2024,C
UAN-11-2700-7445-8892,01-01-2024,A
UAN-75-5958-1314-4063,01-01-2024,B
UAN-63-9329-4417-7309,01-01-2024,C
UAN-85-9126-8412-3795,01-01-2024,B
UAN-72-6040-5876-8389,01-01-2024,B
UAN-26-4643-9689-6282,01-01-2024,B
UAN-54-1987-5547-7635,01-01-2024,B
UAN-96-6333-7245-1404,01-01-2024,C
UAN-60-8117-7929-8772,01-01-2024,B
UAN-20-7602-3934-5871,01-01-2024,C
UAN-31-7125-8727-2057,01-01-2024,A
UAN-74-5999-8346-6133,01-01-2024,A
UAN-50-6290-1666-2434,01-01-2024,B
UAN-53-5492-8199-8516,01-01-2024,D
UAN-85-2973-6073-4036,01-01-2024,A
UAN-89-4899-1022-7211,01-01-2024,B
UAN-76-8511-7298-3740,01-01-2024,A
UAN-28-6604-7654-9546,01-01-2024,A
UAN-94-8461-5366-9651,01-01-2024,D
UAN-83-3775-9974-6275,01-01-2024,C
UAN-10-4276-2010-6228,01-01-2024,D
UAN-64-2116-3067-1674,01-01-2024,B
UAN-43-8631-3121-8268,01-01-2024,D
UAN-59-6753-1346-5760,01-01-2024,A
UAN-31-5109-9416-5088,01-01-2024,C
UAN-67-2886-9417-5363,01-01-2024,C
UAN-16-5560-9189-6749,01-01-2024,D
UAN-22-5947-6172-5000,01-01-2024,C
UAN-93-6777-3439-5887,01-01-2024,C
UAN-86-7793-4934-6349,01-01-2024,B
UAN-26-2438-2387-9170,01-01-2024,A
UAN-59-7487-4851-1905,01-01-2024,C
UAN-88-9828-2159-3406,01-01-2024,C
UAN-72-4061-2308-3601,01-01-2024,B
UAN-42-4619-6601-6408,01-01-2024,A
UAN-32-8919-3727-2053,01-01-2024,C
UAN-44-9481-2654-9452,01-01-2024,B
UAN-31-1572-1323-3492,01-01-2024,A
UAN-18-1660-7607-3971,01-01-2024,A
UAN-67-5227-8577-1307,01-01-2024,C
UAN-37-6771-6236-7161,01-01-2024,B
UAN-86-4465-4777-3713,01-01-2024,A
UAN-88-5974-2046-1311,01-01-2024,A
UAN-44-9980-6047-2819,01-01-2024,C
UAN-95-4208-2014-8395,01-01-2024,A
UAN-34-6323-9581-2367,01-01-2024,C
UAN-49-1499-5584-7603,01-01-2024,A
UAN-30-8357-6432-9198,01-01-2024,C
UAN-53-9040-5914-4655,01-01-2024,D
UAN-90-5109-8274-1285,01-01-2024,D
UAN-87-9261-9046-1608,01-01-2024,C
UAN-78-4854-1032-1196,01-01-2024,A
UAN-31-6835-4327-9739,01-01-2024,B
UAN-76-3364-2196-6398,01-01-2024,B
UAN-75-7671-6836-1676,01-01-2024,B
UAN-99-8126-4230-6414,01-01-2024,C
UAN-99-4180-9572-8985,01-01-2024,A
UAN-43-5079-3646-3077,01-01-2024,C
UAN-61-2400-3376-3339,01-01-2024,B
UAN-75-9920-4026-7185,01-01-2024,B
UAN-86-3686-5049-4800,01-01-2024,A
UAN-60-3934-5542-7702,01-01-2024,C
UAN-44-6135-4805-5605,01-01-2024,B
UAN-91-4448-5403-1398,01-01-2024,C
UAN-73-4708-8668-8628,01-01-2024,B
UAN-38-2335-9611-1121,01-01-2024,C
UAN-57-8070-7613-1909,01-01-2024,A
UAN-44-1595-1805-3262,01-01-2024,C
UAN-14-1015-6502-4755,01-01-2024,A
UAN-36-6417-3646-4360,01-01-2024,A
UAN-85-4302-3011-7837,01-01-2024,A
UAN-62-2024-2715-9869,01-01-2024,A
UAN-30-2042-5833-8155,01-01-2024,B
UAN-76-4113-3235-5227,01-01-2024,C
UAN-49-5386-8233-5206,01-01-2024,A
UAN-88-6469-9036-6851,01-01-2024,A
UAN-55-4332-3345-5245,01-01-2024,C
UAN-59-9828-6083-7369,01-01-2024,A
UAN-19-2315-5565-2950,01-01-2024,C
UAN-19-6432-7615-2711,01-01-2024,A
UAN-22-5261-6367-8576,01-01-2024,B
UAN-19-9114-9868-9592,01-01-2024,A
UAN-29-7614-1219-4858,01-01-2024,B
UAN-10-6718-8442-3547,01-01-2024,B
UAN-84-9271-8904-1121,01-01-2024,B
UAN-91-9774-7544-4734,01-01-2024,B
UAN-62-3757-5533-8291,01-01-2024,A
UAN-40-3700-8975-8328,01-01-2024,D
UAN-75-6658-1837-7096,01-01-2024,C
UAN-69-6600-9402-1991,01-01-2024,C
UAN-75-5175-3095-2616,01-01-2024,C
UAN-47-4226-2988-5451,01-01-2024,B
UAN-82-8962-1833-2315,01-01-2024,C
UAN-39-6581-1385-9779,01-01-2024,A
UAN-86-1316-3182-3102,01-01-2024,B
UAN-63-5279-6760-1948,01-01-2024,A
UAN-15-6684-1843-4043,01-01-2024,C
UAN-91-6818-7429-8016,01-01-2024,B
UAN-92-8079-7829-1460,01-01-2024,A
UAN-93-7256-8339-9462,01-01-2024,B
UAN-15-6041-2781-6418,01-01-2024,B
UAN-16-4482-2603-7750,01-01-2024,B
UAN-16-6414-6037-8077,01-01-2024,B
UAN-73-2483-4676-5279,01-01-2024,B
UAN-16-7804-3515-9206,01-01-2024,B
UAN-88-9797-8716-1961,01-01-2024,B
UAN-14-4462-9028-3672,01-01-2024,A
UAN-28-1735-4310-3302,01-01-2024,C
UAN-39-2551-6100-2942,01-01-2024,C
UAN-55-1348-9324-9910,01-01-2024,B
UAN-97-6465-3300-6600,01-01-2024,A
UAN-55-9457-8502-3009,01-01-2024,D
UAN-87-2033-2074-2058,01-01-2024,B
UAN-18-3746-6095-1214,01-01-2024,A
UAN-13-9455-6586-6436,01-01-2024,B
UAN-47-7351-8165-6845,01-01-2024,C
UAN-80-5009-4335-5100,01-01-2024,B
UAN-75-6915-8928-2630,01-01-2024,B
UAN-85-7406-5446-8105,01-01-2024,B
UAN-16-4209-5506-9159,01-01-2024,B
UAN-13-2239-6681-5708,01-01-2024,A
UAN-41-3326-6509-5579,01-01-2024,B
UAN-15-2521-5112-5365,01-01-2024,A
UAN-10-2033-2118-9585,01-01-2024,B
UAN-44-8014-3404-1919,01-01-2024,C
UAN-83-9202-6749-6844,01-01-2024,C
UAN-46-5014-9165-3640,01-01-2024,B
UAN-41-7753-1486-7826,01-01-2024,A
UAN-28-6180-9079-6426,01-01-2024,D
UAN-12-8521-8512-7159,01-01-2024,A
UAN-60-8327-5663-4874,01-01-2024,A
UAN-85-7377-8689-9316,01-01-2024,B
UAN-37-2268-5463-1782,01-01-2024,B
UAN-79-4070-6532-2454,01-01-2024,C
UAN-24-5271-2109-5451,01-01-2024,B
UAN-19-5297-6353-5050,01-01-2024,D
UAN-45-9001-7801-8730,01-01-2024,B
UAN-87-4634-5063-8818,01-01-2024,B
UAN-75-4139-7446-7687,01-01-2024,B
UAN-34-5373-2619-9934,01-01-2024,C
UAN-20-1555-3163-5853,01-01-2024,A
UAN-78-3047-2262-3071,01-01-2024,D
UAN-29-6417-1894-3945,01-01-2024,B
UAN-29-4822-8935-8605,01-01-2024,A
UAN-47-6834-7745-4886,01-01-2024,A
UAN-31-6826-1871-7520,01-01-2024,A
UAN-54-8757-2544-7734,01-01-2024,B
UAN-70-3340-7756-3915,01-01-2024,D
UAN-14-6573-4718-6955,01-01-2024,D
UAN-71-5370-6487-7772,01-01-2024,B
UAN-11-4118-4049-5677,01-01-2024,C
UAN-92-9959-7368-3780,01-01-2024,D
UAN-94-2240-3139-8297,01-01-2024,A
UAN-45-3942-2789-4617,01-01-2024,C
UAN-59-4927-4748-6169,01-01-2024,D
UAN-40-1862-8218-4480,01-01-2024,C
UAN-79-2111-8430-2288,01-01-2024,C
UAN-98-6218-5384-6149,01-01-2024,C
UAN-27-7264-5239-1887,01-01-2024,B
UAN-74-4696-7598-4562,01-01-2024,C
UAN-34-1322-5323-2045,01-01-2024,A
UAN-24-7831-2315-7694,01-01-2024,C
UAN-81-1915-5277-5334,01-01-2024,B
UAN-47-2466-6952-4429,01-01-2024,C
UAN-62-2890-3106-6044,01-01-2024,A
UAN-38-8862-1595-2899,01-01-2024,D
UAN-99-1613-9232-2974,01-01-2024,A
UAN-56-3567-7571-4188,01-01-2024,A
UAN-44-3401-3729-9774,01-01-2024,C
UAN-99-6500-9493-8365,01-01-2024,B
UAN-16-4872-7040-4666,01-01-2024,C
UAN-82-1484-7249-6499,01-01-2024,C
UAN-11-8685-9699-4233,01-01-2024,C
UAN-10-6547-5811-5618,01-01-2024,B
UAN-13-3061-3355-7797,01-01-2024,B
UAN-29-6326-9135-8321,01-01-2024,C
UAN-40-2070-9865-1623,01-01-2024,A
UAN-17-4988-8107-5587,01-01-2024,A
UAN-58-1146-2904-8391,01-01-2024,A
UAN-15-1617-6704-7185,01-01-2024,D
UAN-22-9252-3759-3336,01-01-2024,C
UAN-82-1799-2093-4593,01-01-2024,D
UAN-52-2229-3941-9805,01-01-2024,B
UAN-74-4575-5534-8473,01-01-2024,B
UAN-47-2382-5049-6367,01-01-2024,D
UAN-13-4300-7108-8649,01-01-2024,D
UAN-34-5061-5940-3963,01-01-2024,A
UAN-15-5942-9523-2599,01-01-2024,C
UAN-34-4899-3975-5662,01-01-2024,A
UAN-22-4479-1551-3816,01-01-2024,D
UAN-43-5624-4228-8500,01-01-2024,B
UAN-70-3161-2751-4469,01-01-2024,C
UAN-15-8988-9671-4407,01-01-2024,C
UAN-97-9404-3993-1691,01-01-2024,D
UAN-59-4080-1727-1034,01-01-2024,D
UAN-74-9977-6212-4855,01-01-2024,B
UAN-25-7775-7053-9446,01-01-2024,D
UAN-58-4691-4127-5162,01-01-2024,C
UAN-43-2956-8564-4689,01-01-2024,D
UAN-52-5980-1632-8862,01-01-2024,A
UAN-41-7333-9835-7270,01-01-2024,C
UAN-51-7750-1012-3323,01-01-2024,A
UAN-20-9875-4589-5207,01-01-2024,B
UAN-16-3621-5963-5898,01-01-2024,B
UAN-17-7832-6167-2215,01-01-2024,B
UAN-14-7730-2202-5691,01-01-2024,A
UAN-29-5022-3638-9422,01-01-2024,A
UAN-61-2118-7729-3810,01-01-2024,A
UAN-48-6505-9684-9306,01-01-2024,B
UAN-88-8344-6419-3058,01-01-2024,D
UAN-69-8755-1169-5596,01-01-2024,D
UAN-32-7056-7523-1176,01-01-2024,C
UAN-67-8132-7925-5463,01-01-2024,D
UAN-51-5822-9364-5125,01-01-2024,C
UAN-86-9265-8584-6075,01-01-2024,D
UAN-46-2607-1089-4413,01-01-2024,D
UAN-69-2878-3901-7066,01-01-2024,C
UAN-79-9630-7258-4744,01-01-2024,A
UAN-45-9580-8699-5763,01-01-2024,A
UAN-79-4058-6841-8721,01-01-2024,C
UAN-95-3629-6720-4784,01-01-2024,B
UAN-16-7768-5261-1697,01-01-2024,D
UAN-19-8788-5209-4660,01-01-2024,A
UAN-38-9736-4560-2907,01-01-2024,A
UAN-88-1968-3875-9262,01-01-2024,C
UAN-43-3102-8397-8216,01-01-2024,C
UAN-46-1380-6424-7833,01-01-2024,A
UAN-37-8337-3768-6140,01-01-2024,A
UAN-18-8269-1104-6188,01-01-2024,D
UAN-10-8020-2921-2114,01-01-2024,A
UAN-85-9350-8578-1054,01-01-2024,B
UAN-23-4228-8521-1010,01-01-2024,C
UAN-34-5992-2170-3781,01-01-2024,B
UAN-80-9314-1649-6154,01-01-2024,B
UAN-94-3896-9225-1083,01-01-2024,B
UAN-64-4447-8609-7975,01-01-2024,D
UAN-80-3867-4050-2614,01-01-2024,C
UAN-32-5298-6973-6743,01-01-2024,C
UAN-88-9727-8688-7973,01-01-2024,C
UAN-58-4953-7882-7764,01-01-2024,B
UAN-82-7421-2430-3385,01-01-2024,B
UAN-30-7267-5650-7034,01-01-2024,A
UAN-45-8226-3217-7206,01-01-2024,B
UAN-19-6542-5439-2604,01-01-2024,B
UAN-93-3292-5967-3586,01-01-2024,C
UAN-97-2892-7057-9673,01-01-2024,C
UAN-69-9567-9290-6285,01-01-2024,D
UAN-57-6092-5153-1696,01-01-2024,B
UAN-75-1422-6542-6146,01-01-2024,C
UAN-23-5900-8868-7961,01-01-2024,A
UAN-67-2895-2004-3220,01-01-2024,B
UAN-94-8768-2792-9432,01-01-2024,A
UAN-68-2754-5801-8725,01-01-2024,C
UAN-86-5950-7600-8162,01-01-2024,B
UAN-66-4472-3746-2545,01-01-2024,D
UAN-77-2640-1363-8065,08-01-2024,D
UAN-90-6217-9921-2907,08-01-2024,B
UAN-83-7349-3472-7936,08-01-2024,D
UAN-85-4112-3965-6397,08-01-2024,D
UAN-55-2396-3088-2429,08-01-2024,B
UAN-36-4963-7821-7884,08-01-2024,D
UAN-21-4232-5218-7253,08-01-2024,C
UAN-89-2746-6763-3672,08-01-2024,D
UAN-86-1230-1892-1086,08-01-2024,D
UAN-27-4387-6738-2811,08-01-2024,B
UAN-21-9265-4321-1594,08-01-2024,A
UAN-48-3496-4426-1355,08-01-2024,D
UAN-48-9969-4113-2677,08-01-2024,A
UAN-83-8660-5353-2598,08-01-2024,D
UAN-71-3391-4834-2854,08-01-2024,A
UAN-16-6918-6429-4550,08-01-2024,D
UAN-26-5779-5313-9445,08-01-2024,D
UAN-26-6010-8812-6995,08-01-2024,D
UAN-82-1628-1185-5009,08-01-2024,C
UAN-59-1621-9807-5954,08-01-2024,B
UAN-90-7558-2428-2814,08-01-2024,A
UAN-22-1688-6901-4145,08-01-2024,C
UAN-71-4414-1094-1798,08-01-2024,A
UAN-39-2987-8989-5637,08-01-2024,C
UAN-29-9046-6192-5651,08-01-2024,C
UAN-71-5860-2403-4817,08-01-2024,A
UAN-35-7800-1547-6954,08-01-2024,A
UAN-62-2738-7941-6804,08-01-2024,B
UAN-17-3256-5540-4851,08-01-2024,D
UAN-10-7140-7812-4750,08-01-2024,D
UAN-33-5573-3048-3614,08-01-2024,D
UAN-99-2206-8886-3158,08-01-2024,B
UAN-72-4979-6633-5580,08-01-2024,A
UAN-69-6224-4837-3146,08-01-2024,D
UAN-12-9548-4920-3613,08-01-2024,C
UAN-47-5511-3905-9262,08-01-2024,C
UAN-17-4394-6808-6099,08-01-2024,D
UAN-71-4831-4995-7037,08-01-2024,D
UAN-26-1269-6334-3728,08-01-2024,A
UAN-76-3337-7610-1012,08-01-2024,D
UAN-49-4940-1805-6603,08-01-2024,B
UAN-68-8560-9896-2115,08-01-2024,D
UAN-47-5451-5314-8283,08-01-2024,D
UAN-77-1380-5070-5438,08-01-2024,C
UAN-45-4609-9133-4819,08-01-2024,A
UAN-13-3459-1579-8738,08-01-2024,D
UAN-14-7329-6865-6886,08-01-2024,A
UAN-54-6936-2496-9328,08-01-2024,A
UAN-68-6595-2186-8035,08-01-2024,C
UAN-78-1364-5726-7613,08-01-2024,D
UAN-26-4231-2372-4282,08-01-2024,A
UAN-93-1639-9454-1738,08-01-2024,B
UAN-29-1365-1216-3667,08-01-2024,D
UAN-63-9585-7551-1282,08-01-2024,D
UAN-73-2440-9742-5006,08-01-2024,D
UAN-59-8119-5398-8401,08-01-2024,D
UAN-28-9536-5487-9929,08-01-2024,D
UAN-20-9275-1761-4737,08-01-2024,D
UAN-99-3473-5694-9734,08-01-2024,D
UAN-80-8538-5651-3019,08-01-2024,D
UAN-42-5851-9238-5792,08-01-2024,D
UAN-17-1995-4204-5323,08-01-2024,D
UAN-91-9066-5812-5044,08-01-2024,D
UAN-51-8466-1900-4700,08-01-2024,D
UAN-25-2676-1661-7233,08-01-2024,D
UAN-26-9729-5078-9709,08-01-2024,D
UAN-67-9735-7101-8282,08-01-2024,D
UAN-56-3378-9204-6948,08-01-2024,D
UAN-13-5550-7560-6627,08-01-2024,D
UAN-68-4864-3874-7119,08-01-2024,C
UAN-92-8031-8567-1256,08-01-2024,A
UAN-19-7934-9201-3568,08-01-2024,D
UAN-95-9840-7391-1437,08-01-2024,A
UAN-71-7001-5659-2958,08-01-2024,B
UAN-24-9007-1153-6548,08-01-2024,C
UAN-36-9232-9765-9480,08-01-2024,C
UAN-66-7075-6470-5726,08-01-2024,D
UAN-87-4647-4190-4886,08-01-2024,D
UAN-71-8832-1295-6372,08-01-2024,A
UAN-32-9459-3589-3492,08-01-2024,A
UAN-66-5123-7434-5080,08-01-2024,B
UAN-21-9998-1196-2904,08-01-2024,D
UAN-33-2768-8501-8984,08-01-2024,D
UAN-90-2599-6664-4192,08-01-2024,C
UAN-76-1502-7401-9940,08-01-2024,A
UAN-72-7668-7974-4742,08-01-2024,C
UAN-58-2648-8281-8986,08-01-2024,B
UAN-93-9157-3668-4315,08-01-2024,B
UAN-26-8573-6512-1728,08-01-2024,C
UAN-53-6804-8724-6821,08-01-2024,A
UAN-84-1455-5435-7016,08-01-2024,D
UAN-76-9023-1820-1936,08-01-2024,C
UAN-83-9112-3293-1037,08-01-2024,C
UAN-53-3500-9794-9532,08-01-2024,C
UAN-94-7911-2412-1499,08-01-2024,C
UAN-66-5458-2600-8079,08-01-2024,A
UAN-26-2609-2674-1106,08-01-2024,A
UAN-77-8312-9891-3626,08-01-2024,D
UAN-82-4346-3791-1321,08-01-2024,D
UAN-40-5196-4344-8856,08-01-2024,A
UAN-45-6495-6067-6597,08-01-2024,D
UAN-90-5470-2093-5454,08-01-2024,C
UAN-20-5023-2669-6392,08-01-2024,A
UAN-54-5636-9843-4026,08-01-2024,B
UAN-22-2669-7347-6948,08-01-2024,D
UAN-23-2256-9496-1522,08-01-2024,C
UAN-95-1123-4845-3631,08-01-2024,D
UAN-29-9742-4652-9363,08-01-2024,D
UAN-27-6542-9149-1032,08-01-2024,B
UAN-39-3324-7953-1844,08-01-2024,C
UAN-43-6048-4906-2910,08-01-2024,B
UAN-89-9894-9893-6612,08-01-2024,B
UAN-25-3807-7792-5341,08-01-2024,B
UAN-27-7699-7037-7589,08-01-2024,C
UAN-37-4001-7245-3685,08-01-2024,A
UAN-99-5680-3005-5418,08-01-2024,D
UAN-17-1837-1339-6538,08-01-2024,D
UAN-71-5558-9721-7990,08-01-2024,D
UAN-40-3760-1701-2126,08-01-2024,D
UAN-37-1512-9860-3209,08-01-2024,D
UAN-53-2927-5069-5480,08-01-2024,A
UAN-32-3667-7876-6594,08-01-2024,A
UAN-82-7125-2311-2980,08-01-2024,B
UAN-44-4277-5990-6396,08-01-2024,C
UAN-61-6196-3764-4181,08-01-2024,C
UAN-60-6808-5031-5191,08-01-2024,A
UAN-40-2906-1935-9229,08-01-2024,C
UAN-35-5134-6438-5831,08-01-2024,C
UAN-39-2166-1879-8599,08-01-2024,D
UAN-34-5400-6850-2940,08-01-2024,B
UAN-64-5612-8502-8582,08-01-2024,C
UAN-83-1099-3113-2449,08-01-2024,B
UAN-20-5987-3835-6925,08-01-2024,B
UAN-82-7430-9674-5855,08-01-2024,A
UAN-26-4644-7327-8179,08-01-2024,B
UAN-30-1862-9944-7412,08-01-2024,C
UAN-77-1981-3769-1663,08-01-2024,D
UAN-78-6738-4064-3147,08-01-2024,B
UAN-13-2583-6357-3282,08-01-2024,A
UAN-36-7249-3187-7723,08-01-2024,A
UAN-83-3877-9342-5256,08-01-2024,A
UAN-95-8071-8576-8329,08-01-2024,C
UAN-21-2719-1252-7336,08-01-2024,D
UAN-21-8418-4502-8986,08-01-2024,A
UAN-69-6748-8511-4875,08-01-2024,B
UAN-80-5797-8603-4104,08-01-2024,C
UAN-20-1913-1753-6591,08-01-2024,A
UAN-33-6979-9831-3279,08-01-2024,A
UAN-91-8500-8289-9537,08-01-2024,C
UAN-77-2684-6961-3879,08-01-2024,A
UAN-76-1321-5336-5256,08-01-2024,A
UAN-24-7726-2862-8823,08-01-2024,B
UAN-77-5864-6629-8835,08-01-2024,C
UAN-25-5998-6165-6950,08-01-2024,D
UAN-81-9788-6499-1889,08-01-2024,C
UAN-11-2700-7445-8892,08-01-2024,B
UAN-75-5958-1314-4063,08-01-2024,D
UAN-63-9329-4417-7309,08-01-2024,D
UAN-85-9126-8412-3795,08-01-2024,C
UAN-72-6040-5876-8389,08-01-2024,B
UAN-26-4643-9689-6282,08-01-2024,D
UAN-54-1987-5547-7635,08-01-2024,B
UAN-96-6333-7245-1404,08-01-2024,C
UAN-60-8117-7929-8772,08-01-2024,D
UAN-20-7602-3934-5871,08-01-2024,C
UAN-31-7125-8727-2057,08-01-2024,A
UAN-74-5999-8346-6133,08-01-2024,A
UAN-50-6290-1666-2434,08-01-2024,C
UAN-53-5492-8199-8516,08-01-2024,D
UAN-85-2973-6073-4036,08-01-2024,C
UAN-89-4899-1022-7211,08-01-2024,C
UAN-76-8511-7298-3740,08-01-2024,C
UAN-28-6604-7654-9546,08-01-2024,A
UAN-94-8461-5366-9651,08-01-2024,C
UAN-83-3775-9974-6275,08-01-2024,B
UAN-10-4276-2010-6228,08-01-2024,D
UAN-64-2116-3067-1674,08-01-2024,D
UAN-43-8631-3121-8268,08-01-2024,C
UAN-59-6753-1346-5760,08-01-2024,A
UAN-31-5109-9416-5088,08-01-2024,B
UAN-67-2886-9417-5363,08-01-2024,B
UAN-16-5560-9189-6749,08-01-2024,C
UAN-22-5947-6172-5000,08-01-2024,B
UAN-93-6777-3439-5887,08-01-2024,D
UAN-86-7793-4934-6349,08-01-2024,D
UAN-26-2438-2387-9170,08-01-2024,A
UAN-59-7487-4851-1905,08-01-2024,A
UAN-88-9828-2159-3406,08-01-2024,A
UAN-72-4061-2308-3601,08-01-2024,D
UAN-42-4619-6601-6408,08-01-2024,B
UAN-32-8919-3727-2053,08-01-2024,C
UAN-44-9481-2654-9452,08-01-2024,B
UAN-31-1572-1323-3492,08-01-2024,A
UAN-18-1660-7607-3971,08-01-2024,B
UAN-67-5227-8577-1307,08-01-2024,D
UAN-37-6771-6236-7161,08-01-2024,B
UAN-86-4465-4777-3713,08-01-2024,A
UAN-88-5974-2046-1311,08-01-2024,A
UAN-44-9980-6047-2819,08-01-2024,B
UAN-95-4208-2014-8395,08-01-2024,A
UAN-34-6323-9581-2367,08-01-2024,B
UAN-49-1499-5584-7603,08-01-2024,A
UAN-30-8357-6432-9198,08-01-2024,B
UAN-53-9040-5914-4655,08-01-2024,D
UAN-90-5109-8274-1285,08-01-2024,B
UAN-87-9261-9046-1608,08-01-2024,C
UAN-78-4854-1032-1196,08-01-2024,A
UAN-31-6835-4327-9739,08-01-2024,B
UAN-76-3364-2196-6398,08-01-2024,B
UAN-75-7671-6836-1676,08-01-2024,C
UAN-99-8126-4230-6414,08-01-2024,B
UAN-99-4180-9572-8985,08-01-2024,B
UAN-43-5079-3646-3077,08-01-2024,B
UAN-61-2400-3376-3339,08-01-2024,B
UAN-75-9920-4026-7185,08-01-2024,A
UAN-86-3686-5049-4800,08-01-2024,A
UAN-60-3934-5542-7702,08-01-2024,B
UAN-44-6135-4805-5605,08-01-2024,B
UAN-91-4448-5403-1398,08-01-2024,D
UAN-73-4708-8668-8628,08-01-2024,B
UAN-38-2335-9611-1121,08-01-2024,B
UAN-57-8070-7613-1909,08-01-2024,A
UAN-44-1595-1805-3262,08-01-2024,C
UAN-14-1015-6502-4755,08-01-2024,A
UAN-36-6417-3646-4360,08-01-2024,A
UAN-85-4302-3011-7837,08-01-2024,A
UAN-62-2024-2715-9869,08-01-2024,A
UAN-30-2042-5833-8155,08-01-2024,D
UAN-76-4113-3235-5227,08-01-2024,B
UAN-49-5386-8233-5206,08-01-2024,A
UAN-88-6469-9036-6851,08-01-2024,A
UAN-55-4332-3345-5245,08-01-2024,C
UAN-59-9828-6083-7369,08-01-2024,B
UAN-19-2315-5565-2950,08-01-2024,C
UAN-19-6432-7615-2711,08-01-2024,A
UAN-22-5261-6367-8576,08-01-2024,A
UAN-19-9114-9868-9592,08-01-2024,A
UAN-29-7614-1219-4858,08-01-2024,B
UAN-10-6718-8442-3547,08-01-2024,C
UAN-84-9271-8904-1121,08-01-2024,C
UAN-91-9774-7544-4734,08-01-2024,A
UAN-62-3757-5533-8291,08-01-2024,A
UAN-40-3700-8975-8328,08-01-2024,B
UAN-75-6658-1837-7096,08-01-2024,B
UAN-69-6600-9402-1991,08-01-2024,C
UAN-75-5175-3095-2616,08-01-2024,C
UAN-47-4226-2988-5451,08-01-2024,B
UAN-82-8962-1833-2315,08-01-2024,B
UAN-39-6581-1385-9779,08-01-2024,A
UAN-86-1316-3182-3102,08-01-2024,B
UAN-63-5279-6760-1948,08-01-2024,A
UAN-15-6684-1843-4043,08-01-2024,B
UAN-91-6818-7429-8016,08-01-2024,B
UAN-92-8079-7829-1460,08-01-2024,A
UAN-93-7256-8339-9462,08-01-2024,B
UAN-15-6041-2781-6418,08-01-2024,B
UAN-16-4482-2603-7750,08-01-2024,B
UAN-16-6414-6037-8077,08-01-2024,D
UAN-73-2483-4676-5279,08-01-2024,B
UAN-16-7804-3515-9206,08-01-2024,B
UAN-88-9797-8716-1961,08-01-2024,C
UAN-14-4462-9028-3672,08-01-2024,A
UAN-28-1735-4310-3302,08-01-2024,C
UAN-39-2551-6100-2942,08-01-2024,B
UAN-55-1348-9324-9910,08-01-2024,C
UAN-97-6465-3300-6600,08-01-2024,A
UAN-55-9457-8502-3009,08-01-2024,D
UAN-87-2033-2074-2058,08-01-2024,B
UAN-18-3746-6095-1214,08-01-2024,A
UAN-13-9455-6586-6436,08-01-2024,B
UAN-47-7351-8165-6845,08-01-2024,A
UAN-80-5009-4335-5100,08-01-2024,C
UAN-75-6915-8928-2630,08-01-2024,C
UAN-85-7406-5446-8105,08-01-2024,A
UAN-16-4209-5506-9159,08-01-2024,C
UAN-13-2239-6681-5708,08-01-2024,A
UAN-41-3326-6509-5579,08-01-2024,C
UAN-15-2521-5112-5365,08-01-2024,D
UAN-10-2033-2118-9585,08-01-2024,A
UAN-44-8014-3404-1919,08-01-2024,C
UAN-83-9202-6749-6844,08-01-2024,D
UAN-46-5014-9165-3640,08-01-2024,C
UAN-41-7753-1486-7826,08-01-2024,A
UAN-28-6180-9079-6426,08-01-2024,C
UAN-12-8521-8512-7159,08-01-2024,A
UAN-60-8327-5663-4874,08-01-2024,B
UAN-85-7377-8689-9316,08-01-2024,B
UAN-37-2268-5463-1782,08-01-2024,A
UAN-79-4070-6532-2454,08-01-2024,B
UAN-24-5271-2109-5451,08-01-2024,A
UAN-19-5297-6353-5050,08-01-2024,D
UAN-45-9001-7801-8730,08-01-2024,B
UAN-87-4634-5063-8818,08-01-2024,B
UAN-75-4139-7446-7687,08-01-2024,B
UAN-34-5373-2619-9934,08-01-2024,C
UAN-20-1555-3163-5853,08-01-2024,A
UAN-78-3047-2262-3071,08-01-2024,D
UAN-29-6417-1894-3945,08-01-2024,B
UAN-29-4822-8935-8605,08-01-2024,A
UAN-47-6834-7745-4886,08-01-2024,A
UAN-31-6826-1871-7520,08-01-2024,A
UAN-54-8757-2544-7734,08-01-2024,A
UAN-70-3340-7756-3915,08-01-2024,B
UAN-14-6573-4718-6955,08-01-2024,C
UAN-71-5370-6487-7772,08-01-2024,B
UAN-11-4118-4049-5677,08-01-2024,C
UAN-92-9959-7368-3780,08-01-2024,C
UAN-94-2240-3139-8297,08-01-2024,A
UAN-45-3942-2789-4617,08-01-2024,D
UAN-59-4927-4748-6169,08-01-2024,C
UAN-40-1862-8218-4480,08-01-2024,B
UAN-79-2111-8430-2288,08-01-2024,B
UAN-98-6218-5384-6149,08-01-2024,B
UAN-27-7264-5239-1887,08-01-2024,B
UAN-74-4696-7598-4562,08-01-2024,D
UAN-34-1322-5323-2045,08-01-2024,C
UAN-24-7831-2315-7694,08-01-2024,B
UAN-81-1915-5277-5334,08-01-2024,C
UAN-47-2466-6952-4429,08-01-2024,A
UAN-62-2890-3106-6044,08-01-2024,A
UAN-38-8862-1595-2899,08-01-2024,B
UAN-99-1613-9232-2974,08-01-2024,A
UAN-56-3567-7571-4188,08-01-2024,A
UAN-44-3401-3729-9774,08-01-2024,C
UAN-99-6500-9493-8365,08-01-2024,B
UAN-16-4872-7040-4666,08-01-2024,B
UAN-82-1484-7249-6499,08-01-2024,B
UAN-11-8685-9699-4233,08-01-2024,C
UAN-10-6547-5811-5618,08-01-2024,D
UAN-13-3061-3355-7797,08-01-2024,C
UAN-29-6326-9135-8321,08-01-2024,B
UAN-40-2070-9865-1623,08-01-2024,A
UAN-17-4988-8107-5587,08-01-2024,A
UAN-58-1146-2904-8391,08-01-2024,A
UAN-15-1617-6704-7185,08-01-2024,C
UAN-22-9252-3759-3336,08-01-2024,D
UAN-82-1799-2093-4593,08-01-2024,A
UAN-52-2229-3941-9805,08-01-2024,B
UAN-74-4575-5534-8473,08-01-2024,D
UAN-47-2382-5049-6367,08-01-2024,D
UAN-13-4300-7108-8649,08-01-2024,D
UAN-34-5061-5940-3963,08-01-2024,A
UAN-15-5942-9523-2599,08-01-2024,D
UAN-34-4899-3975-5662,08-01-2024,D
UAN-22-4479-1551-3816,08-01-2024,B
UAN-43-5624-4228-8500,08-01-2024,C
UAN-70-3161-2751-4469,08-01-2024,B
UAN-15-8988-9671-4407,08-01-2024,C
UAN-97-9404-3993-1691,08-01-2024,C
UAN-59-4080-1727-1034,08-01-2024,C
UAN-74-9977-6212-4855,08-01-2024,D
UAN-25-7775-7053-9446,08-01-2024,B
UAN-58-4691-4127-5162,08-01-2024,C
UAN-43-2956-8564-4689,08-01-2024,D
UAN-52-5980-1632-8862,08-01-2024,A
UAN-41-7333-9835-7270,08-01-2024,C
UAN-51-7750-1012-3323,08-01-2024,D
UAN-20-9875-4589-5207,08-01-2024,B
UAN-16-3621-5963-5898,08-01-2024,C
UAN-17-7832-6167-2215,08-01-2024,B
UAN-14-7730-2202-5691,08-01-2024,A
UAN-29-5022-3638-9422,08-01-2024,A
UAN-61-2118-7729-3810,08-01-2024,C
UAN-48-6505-9684-9306,08-01-2024,C
UAN-88-8344-6419-3058,08-01-2024,C
UAN-69-8755-1169-5596,08-01-2024,D
UAN-32-7056-7523-1176,08-01-2024,D
UAN-67-8132-7925-5463,08-01-2024,D
UAN-51-5822-9364-5125,08-01-2024,D
UAN-86-9265-8584-6075,08-01-2024,D
UAN-46-2607-1089-4413,08-01-2024,B
UAN-69-2878-3901-7066,08-01-2024,C
UAN-79-9630-7258-4744,08-01-2024,A
UAN-45-9580-8699-5763,08-01-2024,A
UAN-79-4058-6841-8721,08-01-2024,D
UAN-95-3629-6720-4784,08-01-2024,B
UAN-16-7768-5261-1697,08-01-2024,C
UAN-19-8788-5209-4660,08-01-2024,A
UAN-38-9736-4560-2907,08-01-2024,A
UAN-88-1968-3875-9262,08-01-2024,D
UAN-43-3102-8397-8216,08-01-2024,C
UAN-46-1380-6424-7833,08-01-2024,A
UAN-37-8337-3768-6140,08-01-2024,A
UAN-18-8269-1104-6188,08-01-2024,C
UAN-10-8020-2921-2114,08-01-2024,B
UAN-85-9350-8578-1054,08-01-2024,C
UAN-23-4228-8521-1010,08-01-2024,C
UAN-34-5992-2170-3781,08-01-2024,B
UAN-80-9314-1649-6154,08-01-2024,C
UAN-94-3896-9225-1083,08-01-2024,D
UAN-64-4447-8609-7975,08-01-2024,D
UAN-80-3867-4050-2614,08-01-2024,C
UAN-32-5298-6973-6743,08-01-2024,B
UAN-88-9727-8688-7973,08-01-2024,B
UAN-58-4953-7882-7764,08-01-2024,B
UAN-82-7421-2430-3385,08-01-2024,C
UAN-30-7267-5650-7034,08-01-2024,A
UAN-45-8226-3217-7206,08-01-2024,C
UAN-19-6542-5439-2604,08-01-2024,C
UAN-93-3292-5967-3586,08-01-2024,B
UAN-97-2892-7057-9673,08-01-2024,C
UAN-69-9567-9290-6285,08-01-2024,D
UAN-57-6092-5153-1696,08-01-2024,C
UAN-75-1422-6542-6146,08-01-2024,C
UAN-23-5900-8868-7961,08-01-2024,A
UAN-67-2895-2004-3220,08-01-2024,B
UAN-94-8768-2792-9432,08-01-2024,D
UAN-68-2754-5801-8725,08-01-2024,C
UAN-86-5950-7600-8162,08-01-2024,C
UAN-66-4472-3746-2545,08-01-2024,C
UAN-77-2640-1363-8065,15-01-2024,C
UAN-90-6217-9921-2907,15-01-2024,B
UAN-83-7349-3472-7936,15-01-2024,D
UAN-85-4112-3965-6397,15-01-2024,D
UAN-55-2396-3088-2429,15-01-2024,D
UAN-36-4963-7821-7884,15-01-2024,C
UAN-21-4232-5218-7253,15-01-2024,D
UAN-89-2746-6763-3672,15-01-2024,D
UAN-86-1230-1892-1086,15-01-2024,D
UAN-27-4387-6738-2811,15-01-2024,D
UAN-21-9265-4321-1594,15-01-2024,D
UAN-48-3496-4426-1355,15-01-2024,D
UAN-48-9969-4113-2677,15-01-2024,A
UAN-83-8660-5353-2598,15-01-2024,D
UAN-71-3391-4834-2854,15-01-2024,A
UAN-16-6918-6429-4550,15-01-2024,D
UAN-26-5779-5313-9445,15-01-2024,B
UAN-26-6010-8812-6995,15-01-2024,D
UAN-82-1628-1185-5009,15-01-2024,C
UAN-59-1621-9807-5954,15-01-2024,C
UAN-90-7558-2428-2814,15-01-2024,A
UAN-22-1688-6901-4145,15-01-2024,D
UAN-71-4414-1094-1798,15-01-2024,A
UAN-39-2987-8989-5637,15-01-2024,D
UAN-29-9046-6192-5651,15-01-2024,C
UAN-71-5860-2403-4817,15-01-2024,A
UAN-35-7800-1547-6954,15-01-2024,A
UAN-62-2738-7941-6804,15-01-2024,C
UAN-17-3256-5540-4851,15-01-2024,D
UAN-10-7140-7812-4750,15-01-2024,D
UAN-33-5573-3048-3614,15-01-2024,C
UAN-99-2206-8886-3158,15-01-2024,A
UAN-72-4979-6633-5580,15-01-2024,A
UAN-69-6224-4837-3146,15-01-2024,D
UAN-12-9548-4920-3613,15-01-2024,D
UAN-47-5511-3905-9262,15-01-2024,D
UAN-17-4394-6808-6099,15-01-2024,D
UAN-71-4831-4995-7037,15-01-2024,D
UAN-26-1269-6334-3728,15-01-2024,A
UAN-76-3337-7610-1012,15-01-2024,D
UAN-49-4940-1805-6603,15-01-2024,B
UAN-68-8560-9896-2115,15-01-2024,D
UAN-47-5451-5314-8283,15-01-2024,D
UAN-77-1380-5070-5438,15-01-2024,C
UAN-45-4609-9133-4819,15-01-2024,A
UAN-13-3459-1579-8738,15-01-2024,D
UAN-14-7329-6865-6886,15-01-2024,B
UAN-54-6936-2496-9328,15-01-2024,A
UAN-68-6595-2186-8035,15-01-2024,D
UAN-78-1364-5726-7613,15-01-2024,D
UAN-26-4231-2372-4282,15-01-2024,A
UAN-93-1639-9454-1738,15-01-2024,C
UAN-29-1365-1216-3667,15-01-2024,D
UAN-63-9585-7551-1282,15-01-2024,A
UAN-73-2440-9742-5006,15-01-2024,D
UAN-59-8119-5398-8401,15-01-2024,B
UAN-28-9536-5487-9929,15-01-2024,D
UAN-20-9275-1761-4737,15-01-2024,C
UAN-99-3473-5694-9734,15-01-2024,C
UAN-80-8538-5651-3019,15-01-2024,D
UAN-42-5851-9238-5792,15-01-2024,D
UAN-17-1995-4204-5323,15-01-2024,D
UAN-91-9066-5812-5044,15-01-2024,B
UAN-51-8466-1900-4700,15-01-2024,D
UAN-25-2676-1661-7233,15-01-2024,D
UAN-26-9729-5078-9709,15-01-2024,D
UAN-67-9735-7101-8282,15-01-2024,D
UAN-56-3378-9204-6948,15-01-2024,D
UAN-13-5550-7560-6627,15-01-2024,D
UAN-68-4864-3874-7119,15-01-2024,C
UAN-92-8031-8567-1256,15-01-2024,A
UAN-19-7934-9201-3568,15-01-2024,C
UAN-95-9840-7391-1437,15-01-2024,C
UAN-71-7001-5659-2958,15-01-2024,D
UAN-24-9007-1153-6548,15-01-2024,C
UAN-36-9232-9765-9480,15-01-2024,D
UAN-66-7075-6470-5726,15-01-2024,D
UAN-87-4647-4190-4886,15-01-2024,D
UAN-71-8832-1295-6372,15-01-2024,A
UAN-32-9459-3589-3492,15-01-2024,A
UAN-66-5123-7434-5080,15-01-2024,B
UAN-21-9998-1196-2904,15-01-2024,C
UAN-33-2768-8501-8984,15-01-2024,C
UAN-90-2599-6664-4192,15-01-2024,D
UAN-76-1502-7401-9940,15-01-2024,D
UAN-72-7668-7974-4742,15-01-2024,D
UAN-58-2648-8281-8986,15-01-2024,C
UAN-93-9157-3668-4315,15-01-2024,B
UAN-26-8573-6512-1728,15-01-2024,C
UAN-53-6804-8724-6821,15-01-2024,A
UAN-84-1455-5435-7016,15-01-2024,C
UAN-76-9023-1820-1936,15-01-2024,B
UAN-83-9112-3293-1037,15-01-2024,C
UAN-53-3500-9794-9532,15-01-2024,C
UAN-94-7911-2412-1499,15-01-2024,D
UAN-66-5458-2600-8079,15-01-2024,A
UAN-26-2609-2674-1106,15-01-2024,B
UAN-77-8312-9891-3626,15-01-2024,D
UAN-82-4346-3791-1321,15-01-2024,D
UAN-40-5196-4344-8856,15-01-2024,A
UAN-45-6495-6067-6597,15-01-2024,D
UAN-90-5470-2093-5454,15-01-2024,C
UAN-20-5023-2669-6392,15-01-2024,A
UAN-54-5636-9843-4026,15-01-2024,C
UAN-22-2669-7347-6948,15-01-2024,D
UAN-23-2256-9496-1522,15-01-2024,D
UAN-95-1123-4845-3631,15-01-2024,D
UAN-29-9742-4652-9363,15-01-2024,D
UAN-27-6542-9149-1032,15-01-2024,A
UAN-39-3324-7953-1844,15-01-2024,C
UAN-43-6048-4906-2910,15-01-2024,B
UAN-89-9894-9893-6612,15-01-2024,B
UAN-25-3807-7792-5341,15-01-2024,C
UAN-27-7699-7037-7589,15-01-2024,D
UAN-37-4001-7245-3685,15-01-2024,A
UAN-99-5680-3005-5418,15-01-2024,B
UAN-17-1837-1339-6538,15-01-2024,D
UAN-71-5558-9721-7990,15-01-2024,D
UAN-40-3760-1701-2126,15-01-2024,D
UAN-37-1512-9860-3209,15-01-2024,B
UAN-53-2927-5069-5480,15-01-2024,A
UAN-32-3667-7876-6594,15-01-2024,A
UAN-82-7125-2311-2980,15-01-2024,B
UAN-44-4277-5990-6396,15-01-2024,C
UAN-61-6196-3764-4181,15-01-2024,B
UAN-60-6808-5031-5191,15-01-2024,A
UAN-40-2906-1935-9229,15-01-2024,C
UAN-35-5134-6438-5831,15-01-2024,D
UAN-39-2166-1879-8599,15-01-2024,D
UAN-34-5400-6850-2940,15-01-2024,C
UAN-64-5612-8502-8582,15-01-2024,C
UAN-83-1099-3113-2449,15-01-2024,A
UAN-20-5987-3835-6925,15-01-2024,A
UAN-82-7430-9674-5855,15-01-2024,C
UAN-26-4644-7327-8179,15-01-2024,D
UAN-30-1862-9944-7412,15-01-2024,C
UAN-77-1981-3769-1663,15-01-2024,B
UAN-78-6738-4064-3147,15-01-2024,D
UAN-13-2583-6357-3282,15-01-2024,A
UAN-36-7249-3187-7723,15-01-2024,A
UAN-83-3877-9342-5256,15-01-2024,A
UAN-95-8071-8576-8329,15-01-2024,B
UAN-21-2719-1252-7336,15-01-2024,C
UAN-21-8418-4502-8986,15-01-2024,C
UAN-69-6748-8511-4875,15-01-2024,B
UAN-80-5797-8603-4104,15-01-2024,C
UAN-20-1913-1753-6591,15-01-2024,A
UAN-33-6979-9831-3279,15-01-2024,A
UAN-91-8500-8289-9537,15-01-2024,C
UAN-77-2684-6961-3879,15-01-2024,A
UAN-76-1321-5336-5256,15-01-2024,A
UAN-24-7726-2862-8823,15-01-2024,B
UAN-77-5864-6629-8835,15-01-2024,B
UAN-25-5998-6165-6950,15-01-2024,C
UAN-81-9788-6499-1889,15-01-2024,D
UAN-11-2700-7445-8892,15-01-2024,C
UAN-75-5958-1314-4063,15-01-2024,B
UAN-63-9329-4417-7309,15-01-2024,C
UAN-85-9126-8412-3795,15-01-2024,A
UAN-72-6040-5876-8389,15-01-2024,B
UAN-26-4643-9689-6282,15-01-2024,B
UAN-54-1987-5547-7635,15-01-2024,B
UAN-96-6333-7245-1404,15-01-2024,B
UAN-60-8117-7929-8772,15-01-2024,D
UAN-20-7602-3934-5871,15-01-2024,D
UAN-31-7125-8727-2057,15-01-2024,A
UAN-74-5999-8346-6133,15-01-2024,A
UAN-50-6290-1666-2434,15-01-2024,C
UAN-53-5492-8199-8516,15-01-2024,C
UAN-85-2973-6073-4036,15-01-2024,C
UAN-89-4899-1022-7211,15-01-2024,C
UAN-76-8511-7298-3740,15-01-2024,C
UAN-28-6604-7654-9546,15-01-2024,A
UAN-94-8461-5366-9651,15-01-2024,C
UAN-83-3775-9974-6275,15-01-2024,C
UAN-10-4276-2010-6228,15-01-2024,D
UAN-64-2116-3067-1674,15-01-2024,C
UAN-43-8631-3121-8268,15-01-2024,B
UAN-59-6753-1346-5760,15-01-2024,A
UAN-31-5109-9416-5088,15-01-2024,B
UAN-67-2886-9417-5363,15-01-2024,C
UAN-16-5560-9189-6749,15-01-2024,B
UAN-22-5947-6172-5000,15-01-2024,C
UAN-93-6777-3439-5887,15-01-2024,D
UAN-86-7793-4934-6349,15-01-2024,D
UAN-26-2438-2387-9170,15-01-2024,A
UAN-59-7487-4851-1905,15-01-2024,B
UAN-88-9828-2159-3406,15-01-2024,C
UAN-72-4061-2308-3601,15-01-2024,C
UAN-42-4619-6601-6408,15-01-2024,B
UAN-32-8919-3727-2053,15-01-2024,B
UAN-44-9481-2654-9452,15-01-2024,D
UAN-31-1572-1323-3492,15-01-2024,A
UAN-18-1660-7607-3971,15-01-2024,B
UAN-67-5227-8577-1307,15-01-2024,D
UAN-37-6771-6236-7161,15-01-2024,B
UAN-86-4465-4777-3713,15-01-2024,A
UAN-88-5974-2046-1311,15-01-2024,A
UAN-44-9980-6047-2819,15-01-2024,C
UAN-95-4208-2014-8395,15-01-2024,A
UAN-34-6323-9581-2367,15-01-2024,D
UAN-49-1499-5584-7603,15-01-2024,A
UAN-30-8357-6432-9198,15-01-2024,C
UAN-53-9040-5914-4655,15-01-2024,C
UAN-90-5109-8274-1285,15-01-2024,B
UAN-87-9261-9046-1608,15-01-2024,C
UAN-78-4854-1032-1196,15-01-2024,A
UAN-31-6835-4327-9739,15-01-2024,B
UAN-76-3364-2196-6398,15-01-2024,B
UAN-75-7671-6836-1676,15-01-2024,B
UAN-99-8126-4230-6414,15-01-2024,B
UAN-99-4180-9572-8985,15-01-2024,B
UAN-43-5079-3646-3077,15-01-2024,C
UAN-61-2400-3376-3339,15-01-2024,B
UAN-75-9920-4026-7185,15-01-2024,A
UAN-86-3686-5049-4800,15-01-2024,A
UAN-60-3934-5542-7702,15-01-2024,C
UAN-44-6135-4805-5605,15-01-2024,A
UAN-91-4448-5403-1398,15-01-2024,D
UAN-73-4708-8668-8628,15-01-2024,A
UAN-38-2335-9611-1121,15-01-2024,A
UAN-57-8070-7613-1909,15-01-2024,A
UAN-44-1595-1805-3262,15-01-2024,C
UAN-14-1015-6502-4755,15-01-2024,B
UAN-36-6417-3646-4360,15-01-2024,A
UAN-85-4302-3011-7837,15-01-2024,A
UAN-62-2024-2715-9869,15-01-2024,A
UAN-30-2042-5833-8155,15-01-2024,C
UAN-76-4113-3235-5227,15-01-2024,C
UAN-49-5386-8233-5206,15-01-2024,A
UAN-88-6469-9036-6851,15-01-2024,A
UAN-55-4332-3345-5245,15-01-2024,B
UAN-59-9828-6083-7369,15-01-2024,B
UAN-19-2315-5565-2950,15-01-2024,C
UAN-19-6432-7615-2711,15-01-2024,A
UAN-22-5261-6367-8576,15-01-2024,C
UAN-19-9114-9868-9592,15-01-2024,A
UAN-29-7614-1219-4858,15-01-2024,B
UAN-10-6718-8442-3547,15-01-2024,C
UAN-84-9271-8904-1121,15-01-2024,B
UAN-91-9774-7544-4734,15-01-2024,B
UAN-62-3757-5533-8291,15-01-2024,A
UAN-40-3700-8975-8328,15-01-2024,A
UAN-75-6658-1837-7096,15-01-2024,C
UAN-69-6600-9402-1991,15-01-2024,C
UAN-75-5175-3095-2616,15-01-2024,D
UAN-47-4226-2988-5451,15-01-2024,B
UAN-82-8962-1833-2315,15-01-2024,B
UAN-39-6581-1385-9779,15-01-2024,A
UAN-86-1316-3182-3102,15-01-2024,A
UAN-63-5279-6760-1948,15-01-2024,A
UAN-15-6684-1843-4043,15-01-2024,D
UAN-91-6818-7429-8016,15-01-2024,B
UAN-92-8079-7829-1460,15-01-2024,A
UAN-93-7256-8339-9462,15-01-2024,C
UAN-15-6041-2781-6418,15-01-2024,B
UAN-16-4482-2603-7750,15-01-2024,A
UAN-16-6414-6037-8077,15-01-2024,D
UAN-73-2483-4676-5279,15-01-2024,B
UAN-16-7804-3515-9206,15-01-2024,B
UAN-88-9797-8716-1961,15-01-2024,C
UAN-14-4462-9028-3672,15-01-2024,A
UAN-28-1735-4310-3302,15-01-2024,B
UAN-39-2551-6100-2942,15-01-2024,A
UAN-55-1348-9324-9910,15-01-2024,C
UAN-97-6465-3300-6600,15-01-2024,C
UAN-55-9457-8502-3009,15-01-2024,C
UAN-87-2033-2074-2058,15-01-2024,C
UAN-18-3746-6095-1214,15-01-2024,A
UAN-13-9455-6586-6436,15-01-2024,B
UAN-47-7351-8165-6845,15-01-2024,C
UAN-80-5009-4335-5100,15-01-2024,B
UAN-75-6915-8928-2630,15-01-2024,B
UAN-85-7406-5446-8105,15-01-2024,B
UAN-16-4209-5506-9159,15-01-2024,A
UAN-13-2239-6681-5708,15-01-2024,A
UAN-41-3326-6509-5579,15-01-2024,B
UAN-15-2521-5112-5365,15-01-2024,D
UAN-10-2033-2118-9585,15-01-2024,C
UAN-44-8014-3404-1919,15-01-2024,B
UAN-83-9202-6749-6844,15-01-2024,D
UAN-46-5014-9165-3640,15-01-2024,B
UAN-41-7753-1486-7826,15-01-2024,A
UAN-28-6180-9079-6426,15-01-2024,C
UAN-12-8521-8512-7159,15-01-2024,A
UAN-60-8327-5663-4874,15-01-2024,B
UAN-85-7377-8689-9316,15-01-2024,C
UAN-37-2268-5463-1782,15-01-2024,B
UAN-79-4070-6532-2454,15-01-2024,A
UAN-24-5271-2109-5451,15-01-2024,A
UAN-19-5297-6353-5050,15-01-2024,C
UAN-45-9001-7801-8730,15-01-2024,C
UAN-87-4634-5063-8818,15-01-2024,B
UAN-75-4139-7446-7687,15-01-2024,C
UAN-34-5373-2619-9934,15-01-2024,B
UAN-20-1555-3163-5853,15-01-2024,A
UAN-78-3047-2262-3071,15-01-2024,D
UAN-29-6417-1894-3945,15-01-2024,B
UAN-29-4822-8935-8605,15-01-2024,A
UAN-47-6834-7745-4886,15-01-2024,A
UAN-31-6826-1871-7520,15-01-2024,A
UAN-54-8757-2544-7734,15-01-2024,B
UAN-70-3340-7756-3915,15-01-2024,B
UAN-14-6573-4718-6955,15-01-2024,D
UAN-71-5370-6487-7772,15-01-2024,B
UAN-11-4118-4049-5677,15-01-2024,B
UAN-92-9959-7368-3780,15-01-2024,B
UAN-94-2240-3139-8297,15-01-2024,A
UAN-45-3942-2789-4617,15-01-2024,C
UAN-59-4927-4748-6169,15-01-2024,D
UAN-40-1862-8218-4480,15-01-2024,D
UAN-79-2111-8430-2288,15-01-2024,C
UAN-98-6218-5384-6149,15-01-2024,B
UAN-27-7264-5239-1887,15-01-2024,C
UAN-74-4696-7598-4562,15-01-2024,D
UAN-34-1322-5323-2045,15-01-2024,B
UAN-24-7831-2315-7694,15-01-2024,D
UAN-81-1915-5277-5334,15-01-2024,D
UAN-47-2466-6952-4429,15-01-2024,B
UAN-62-2890-3106-6044,15-01-2024,A
UAN-38-8862-1595-2899,15-01-2024,D
UAN-99-1613-9232-2974,15-01-2024,A
UAN-56-3567-7571-4188,15-01-2024,A
UAN-44-3401-3729-9774,15-01-2024,C
UAN-99-6500-9493-8365,15-01-2024,C
UAN-16-4872-7040-4666,15-01-2024,B
UAN-82-1484-7249-6499,15-01-2024,C
UAN-11-8685-9699-4233,15-01-2024,B
UAN-10-6547-5811-5618,15-01-2024,C
UAN-13-3061-3355-7797,15-01-2024,C
UAN-29-6326-9135-8321,15-01-2024,D
UAN-40-2070-9865-1623,15-01-2024,A
UAN-17-4988-8107-5587,15-01-2024,A
UAN-58-1146-2904-8391,15-01-2024,A
UAN-15-1617-6704-7185,15-01-2024,B
UAN-22-9252-3759-3336,15-01-2024,D
UAN-82-1799-2093-4593,15-01-2024,D
UAN-52-2229-3941-9805,15-01-2024,B
UAN-74-4575-5534-8473,15-01-2024,B
UAN-47-2382-5049-6367,15-01-2024,D
UAN-13-4300-7108-8649,15-01-2024,A
UAN-34-5061-5940-3963,15-01-2024,A
UAN-15-5942-9523-2599,15-01-2024,B
UAN-34-4899-3975-5662,15-01-2024,C
UAN-22-4479-1551-3816,15-01-2024,D
UAN-43-5624-4228-8500,15-01-2024,C
UAN-70-3161-2751-4469,15-01-2024,C
UAN-15-8988-9671-4407,15-01-2024,C
UAN-97-9404-3993-1691,15-01-2024,D
UAN-59-4080-1727-1034,15-01-2024,D
UAN-74-9977-6212-4855,15-01-2024,B
UAN-25-7775-7053-9446,15-01-2024,B
UAN-58-4691-4127-5162,15-01-2024,C
UAN-43-2956-8564-4689,15-01-2024,D
UAN-52-5980-1632-8862,15-01-2024,A
UAN-41-7333-9835-7270,15-01-2024,B
UAN-51-7750-1012-3323,15-01-2024,B
UAN-20-9875-4589-5207,15-01-2024,B
UAN-16-3621-5963-5898,15-01-2024,B
UAN-17-7832-6167-2215,15-01-2024,C
UAN-14-7730-2202-5691,15-01-2024,A
UAN-29-5022-3638-9422,15-01-2024,A
UAN-61-2118-7729-3810,15-01-2024,B
UAN-48-6505-9684-9306,15-01-2024,A
UAN-88-8344-6419-3058,15-01-2024,B
UAN-69-8755-1169-5596,15-01-2024,D
UAN-32-7056-7523-1176,15-01-2024,A
UAN-67-8132-7925-5463,15-01-2024,D
UAN-51-5822-9364-5125,15-01-2024,D
UAN-86-9265-8584-6075,15-01-2024,D
UAN-46-2607-1089-4413,15-01-2024,D
UAN-69-2878-3901-7066,15-01-2024,B
UAN-79-9630-7258-4744,15-01-2024,A
UAN-45-9580-8699-5763,15-01-2024,A
UAN-79-4058-6841-8721,15-01-2024,B
UAN-95-3629-6720-4784,15-01-2024,D
UAN-16-7768-5261-1697,15-01-2024,D
UAN-19-8788-5209-4660,15-01-2024,A
UAN-38-9736-4560-2907,15-01-2024,A
UAN-88-1968-3875-9262,15-01-2024,C
UAN-43-3102-8397-8216,15-01-2024,C
UAN-46-1380-6424-7833,15-01-2024,A
UAN-37-8337-3768-6140,15-01-2024,A
UAN-18-8269-1104-6188,15-01-2024,C
UAN-10-8020-2921-2114,15-01-2024,B
UAN-85-9350-8578-1054,15-01-2024,B
UAN-23-4228-8521-1010,15-01-2024,A
UAN-34-5992-2170-3781,15-01-2024,B
UAN-80-9314-1649-6154,15-01-2024,B
UAN-94-3896-9225-1083,15-01-2024,D
UAN-64-4447-8609-7975,15-01-2024,C
UAN-80-3867-4050-2614,15-01-2024,A
UAN-32-5298-6973-6743,15-01-2024,D
UAN-88-9727-8688-7973,15-01-2024,C
UAN-58-4953-7882-7764,15-01-2024,B
UAN-82-7421-2430-3385,15-01-2024,C
UAN-30-7267-5650-7034,15-01-2024,A
UAN-45-8226-3217-7206,15-01-2024,B
UAN-19-6542-5439-2604,15-01-2024,C
UAN-93-3292-5967-3586,15-01-2024,D
UAN-97-2892-7057-9673,15-01-2024,C
UAN-69-9567-9290-6285,15-01-2024,C
UAN-57-6092-5153-1696,15-01-2024,B
UAN-75-1422-6542-6146,15-01-2024,B
UAN-23-5900-8868-7961,15-01-2024,A
UAN-67-2895-2004-3220,15-01-2024,B
UAN-94-8768-2792-9432,15-01-2024,B
UAN-68-2754-5801-8725,15-01-2024,B
UAN-86-5950-7600-8162,15-01-2024,B
UAN-66-4472-3746-2545,15-01-2024,C
UAN-77-2640-1363-8065,22-01-2024,D
UAN-90-6217-9921-2907,22-01-2024,C
UAN-83-7349-3472-7936,22-01-2024,D
UAN-85-4112-3965-6397,22-01-2024,D
UAN-55-2396-3088-2429,22-01-2024,C
UAN-36-4963-7821-7884,22-01-2024,C
UAN-21-4232-5218-7253,22-01-2024,D
UAN-89-2746-6763-3672,22-01-2024,D
UAN-86-1230-1892-1086,22-01-2024,D
UAN-27-4387-6738-2811,22-01-2024,D
UAN-21-9265-4321-1594,22-01-2024,D
UAN-48-3496-4426-1355,22-01-2024,C
UAN-48-9969-4113-2677,22-01-2024,A
UAN-83-8660-5353-2598,22-01-2024,D
UAN-71-3391-4834-2854,22-01-2024,A
UAN-16-6918-6429-4550,22-01-2024,C
UAN-26-5779-5313-9445,22-01-2024,C
UAN-26-6010-8812-6995,22-01-2024,D
UAN-82-1628-1185-5009,22-01-2024,D
UAN-59-1621-9807-5954,22-01-2024,B
UAN-90-7558-2428-2814,22-01-2024,A
UAN-22-1688-6901-4145,22-01-2024,C
UAN-71-4414-1094-1798,22-01-2024,A
UAN-39-2987-8989-5637,22-01-2024,C
UAN-29-9046-6192-5651,22-01-2024,D
UAN-71-5860-2403-4817,22-01-2024,A
UAN-35-7800-1547-6954,22-01-2024,A
UAN-62-2738-7941-6804,22-01-2024,A
UAN-17-3256-5540-4851,22-01-2024,D
UAN-10-7140-7812-4750,22-01-2024,C
UAN-33-5573-3048-3614,22-01-2024,C
UAN-99-2206-8886-3158,22-01-2024,A
UAN-72-4979-6633-5580,22-01-2024,A
UAN-69-6224-4837-3146,22-01-2024,D
UAN-12-9548-4920-3613,22-01-2024,C
UAN-47-5511-3905-9262,22-01-2024,D
UAN-17-4394-6808-6099,22-01-2024,D
UAN-71-4831-4995-7037,22-01-2024,D
UAN-26-1269-6334-3728,22-01-2024,A
UAN-76-3337-7610-1012,22-01-2024,D
UAN-49-4940-1805-6603,22-01-2024,C
UAN-68-8560-9896-2115,22-01-2024,D
UAN-47-5451-5314-8283,22-01-2024,D
UAN-77-1380-5070-5438,22-01-2024,D
UAN-45-4609-9133-4819,22-01-2024,A
UAN-13-3459-1579-8738,22-01-2024,D
UAN-14-7329-6865-6886,22-01-2024,A
UAN-54-6936-2496-9328,22-01-2024,A
UAN-68-6595-2186-8035,22-01-2024,D
UAN-78-1364-5726-7613,22-01-2024,D
UAN-26-4231-2372-4282,22-01-2024,A
UAN-93-1639-9454-1738,22-01-2024,D
UAN-29-1365-1216-3667,22-01-2024,D
UAN-63-9585-7551-1282,22-01-2024,C
UAN-73-2440-9742-5006,22-01-2024,C
UAN-59-8119-5398-8401,22-01-2024,D
UAN-28-9536-5487-9929,22-01-2024,D
UAN-20-9275-1761-4737,22-01-2024,D
UAN-99-3473-5694-9734,22-01-2024,D
UAN-80-8538-5651-3019,22-01-2024,D
UAN-42-5851-9238-5792,22-01-2024,D
UAN-17-1995-4204-5323,22-01-2024,B
UAN-91-9066-5812-5044,22-01-2024,D
UAN-51-8466-1900-4700,22-01-2024,D
UAN-25-2676-1661-7233,22-01-2024,C
UAN-26-9729-5078-9709,22-01-2024,C
UAN-67-9735-7101-8282,22-01-2024,D
UAN-56-3378-9204-6948,22-01-2024,D
UAN-13-5550-7560-6627,22-01-2024,C
UAN-68-4864-3874-7119,22-01-2024,C
UAN-92-8031-8567-1256,22-01-2024,A
UAN-19-7934-9201-3568,22-01-2024,D
UAN-95-9840-7391-1437,22-01-2024,B
UAN-71-7001-5659-2958,22-01-2024,D
UAN-24-9007-1153-6548,22-01-2024,C
UAN-36-9232-9765-9480,22-01-2024,D
UAN-66-7075-6470-5726,22-01-2024,D
UAN-87-4647-4190-4886,22-01-2024,D
UAN-71-8832-1295-6372,22-01-2024,A
UAN-32-9459-3589-3492,22-01-2024,A
UAN-66-5123-7434-5080,22-01-2024,C
UAN-21-9998-1196-2904,22-01-2024,D
UAN-33-2768-8501-8984,22-01-2024,C
UAN-90-2599-6664-4192,22-01-2024,C
UAN-76-1502-7401-9940,22-01-2024,B
UAN-72-7668-7974-4742,22-01-2024,D
UAN-58-2648-8281-8986,22-01-2024,B
UAN-93-9157-3668-4315,22-01-2024,B
UAN-26-8573-6512-1728,22-01-2024,D
UAN-53-6804-8724-6821,22-01-2024,A
UAN-84-1455-5435-7016,22-01-2024,D
UAN-76-9023-1820-1936,22-01-2024,C
UAN-83-9112-3293-1037,22-01-2024,D
UAN-53-3500-9794-9532,22-01-2024,C
UAN-94-7911-2412-1499,22-01-2024,C
UAN-66-5458-2600-8079,22-01-2024,A
UAN-26-2609-2674-1106,22-01-2024,C
UAN-77-8312-9891-3626,22-01-2024,D
UAN-82-4346-3791-1321,22-01-2024,D
UAN-40-5196-4344-8856,22-01-2024,A
UAN-45-6495-6067-6597,22-01-2024,D
UAN-90-5470-2093-5454,22-01-2024,C
UAN-20-5023-2669-6392,22-01-2024,A
UAN-54-5636-9843-4026,22-01-2024,D
UAN-22-2669-7347-6948,22-01-2024,D
UAN-23-2256-9496-1522,22-01-2024,C
UAN-95-1123-4845-3631,22-01-2024,D
UAN-29-9742-4652-9363,22-01-2024,D
UAN-27-6542-9149-1032,22-01-2024,C
UAN-39-3324-7953-1844,22-01-2024,C
UAN-43-6048-4906-2910,22-01-2024,C
UAN-89-9894-9893-6612,22-01-2024,D
UAN-25-3807-7792-5341,22-01-2024,C
UAN-27-7699-7037-7589,22-01-2024,B
UAN-37-4001-7245-3685,22-01-2024,A
UAN-99-5680-3005-5418,22-01-2024,D
UAN-17-1837-1339-6538,22-01-2024,D
UAN-71-5558-9721-7990,22-01-2024,C
UAN-40-3760-1701-2126,22-01-2024,D
UAN-37-1512-9860-3209,22-01-2024,C
UAN-53-2927-5069-5480,22-01-2024,A
UAN-32-3667-7876-6594,22-01-2024,A
UAN-82-7125-2311-2980,22-01-2024,D
UAN-44-4277-5990-6396,22-01-2024,B
UAN-61-6196-3764-4181,22-01-2024,B
UAN-60-6808-5031-5191,22-01-2024,A
UAN-40-2906-1935-9229,22-01-2024,D
UAN-35-5134-6438-5831,22-01-2024,C
UAN-39-2166-1879-8599,22-01-2024,C
UAN-34-5400-6850-2940,22-01-2024,B
UAN-64-5612-8502-8582,22-01-2024,D
UAN-83-1099-3113-2449,22-01-2024,B
UAN-20-5987-3835-6925,22-01-2024,B
UAN-82-7430-9674-5855,22-01-2024,D
UAN-26-4644-7327-8179,22-01-2024,D
UAN-30-1862-9944-7412,22-01-2024,D
UAN-77-1981-3769-1663,22-01-2024,C
UAN-78-6738-4064-3147,22-01-2024,D
UAN-13-2583-6357-3282,22-01-2024,A
UAN-36-7249-3187-7723,22-01-2024,A
UAN-83-3877-9342-5256,22-01-2024,A
UAN-95-8071-8576-8329,22-01-2024,B
UAN-21-2719-1252-7336,22-01-2024,B
UAN-21-8418-4502-8986,22-01-2024,C
UAN-69-6748-8511-4875,22-01-2024,B
UAN-80-5797-8603-4104,22-01-2024,C
UAN-20-1913-1753-6591,22-01-2024,A
UAN-33-6979-9831-3279,22-01-2024,A
UAN-91-8500-8289-9537,22-01-2024,D
UAN-77-2684-6961-3879,22-01-2024,A
UAN-76-1321-5336-5256,22-01-2024,A
UAN-24-7726-2862-8823,22-01-2024,B
UAN-77-5864-6629-8835,22-01-2024,B
UAN-25-5998-6165-6950,22-01-2024,D
UAN-81-9788-6499-1889,22-01-2024,B
UAN-11-2700-7445-8892,22-01-2024,B
UAN-75-5958-1314-4063,22-01-2024,C
UAN-63-9329-4417-7309,22-01-2024,C
UAN-85-9126-8412-3795,22-01-2024,B
UAN-72-6040-5876-8389,22-01-2024,C
UAN-26-4643-9689-6282,22-01-2024,C
UAN-54-1987-5547-7635,22-01-2024,B
UAN-96-6333-7245-1404,22-01-2024,B
UAN-60-8117-7929-8772,22-01-2024,D
UAN-20-7602-3934-5871,22-01-2024,B
UAN-31-7125-8727-2057,22-01-2024,A
UAN-74-5999-8346-6133,22-01-2024,A
UAN-50-6290-1666-2434,22-01-2024,B
UAN-53-5492-8199-8516,22-01-2024,D
UAN-85-2973-6073-4036,22-01-2024,C
UAN-89-4899-1022-7211,22-01-2024,D
UAN-76-8511-7298-3740,22-01-2024,B
UAN-28-6604-7654-9546,22-01-2024,A
UAN-94-8461-5366-9651,22-01-2024,D
UAN-83-3775-9974-6275,22-01-2024,B
UAN-10-4276-2010-6228,22-01-2024,C
UAN-64-2116-3067-1674,22-01-2024,D
UAN-43-8631-3121-8268,22-01-2024,C
UAN-59-6753-1346-5760,22-01-2024,A
UAN-31-5109-9416-5088,22-01-2024,B
UAN-67-2886-9417-5363,22-01-2024,C
UAN-16-5560-9189-6749,22-01-2024,B
UAN-22-5947-6172-5000,22-01-2024,C
UAN-93-6777-3439-5887,22-01-2024,D
UAN-86-7793-4934-6349,22-01-2024,D
UAN-26-2438-2387-9170,22-01-2024,A
UAN-59-7487-4851-1905,22-01-2024,D
UAN-88-9828-2159-3406,22-01-2024,C
UAN-72-4061-2308-3601,22-01-2024,B
UAN-42-4619-6601-6408,22-01-2024,A
UAN-32-8919-3727-2053,22-01-2024,A
UAN-44-9481-2654-9452,22-01-2024,B
UAN-31-1572-1323-3492,22-01-2024,A
UAN-18-1660-7607-3971,22-01-2024,B
UAN-67-5227-8577-1307,22-01-2024,C
UAN-37-6771-6236-7161,22-01-2024,C
UAN-86-4465-4777-3713,22-01-2024,A
UAN-88-5974-2046-1311,22-01-2024,B
UAN-44-9980-6047-2819,22-01-2024,C
UAN-95-4208-2014-8395,22-01-2024,A
UAN-34-6323-9581-2367,22-01-2024,D
UAN-49-1499-5584-7603,22-01-2024,A
UAN-30-8357-6432-9198,22-01-2024,C
UAN-53-9040-5914-4655,22-01-2024,B
UAN-90-5109-8274-1285,22-01-2024,B
UAN-87-9261-9046-1608,22-01-2024,D
UAN-78-4854-1032-1196,22-01-2024,A
UAN-31-6835-4327-9739,22-01-2024,C
UAN-76-3364-2196-6398,22-01-2024,A
UAN-75-7671-6836-1676,22-01-2024,A
UAN-99-8126-4230-6414,22-01-2024,C
UAN-99-4180-9572-8985,22-01-2024,B
UAN-43-5079-3646-3077,22-01-2024,B
UAN-61-2400-3376-3339,22-01-2024,B
UAN-75-9920-4026-7185,22-01-2024,B
UAN-86-3686-5049-4800,22-01-2024,A
UAN-60-3934-5542-7702,22-01-2024,B
UAN-44-6135-4805-5605,22-01-2024,B
UAN-91-4448-5403-1398,22-01-2024,D
UAN-73-4708-8668-8628,22-01-2024,A
UAN-38-2335-9611-1121,22-01-2024,B
UAN-57-8070-7613-1909,22-01-2024,A
UAN-44-1595-1805-3262,22-01-2024,B
UAN-14-1015-6502-4755,22-01-2024,C
UAN-36-6417-3646-4360,22-01-2024,A
UAN-85-4302-3011-7837,22-01-2024,A
UAN-62-2024-2715-9869,22-01-2024,A
UAN-30-2042-5833-8155,22-01-2024,D
UAN-76-4113-3235-5227,22-01-2024,C
UAN-49-5386-8233-5206,22-01-2024,A
UAN-88-6469-9036-6851,22-01-2024,A
UAN-55-4332-3345-5245,22-01-2024,D
UAN-59-9828-6083-7369,22-01-2024,B
UAN-19-2315-5565-2950,22-01-2024,B
UAN-19-6432-7615-2711,22-01-2024,A
UAN-22-5261-6367-8576,22-01-2024,B
UAN-19-9114-9868-9592,22-01-2024,A
UAN-29-7614-1219-4858,22-01-2024,C
UAN-10-6718-8442-3547,22-01-2024,C
UAN-84-9271-8904-1121,22-01-2024,C
UAN-91-9774-7544-4734,22-01-2024,B
UAN-62-3757-5533-8291,22-01-2024,A
UAN-40-3700-8975-8328,22-01-2024,B
UAN-75-6658-1837-7096,22-01-2024,B
UAN-69-6600-9402-1991,22-01-2024,A
UAN-75-5175-3095-2616,22-01-2024,B
UAN-47-4226-2988-5451,22-01-2024,B
UAN-82-8962-1833-2315,22-01-2024,B
UAN-39-6581-1385-9779,22-01-2024,A
UAN-86-1316-3182-3102,22-01-2024,B
UAN-63-5279-6760-1948,22-01-2024,A
UAN-15-6684-1843-4043,22-01-2024,B
UAN-91-6818-7429-8016,22-01-2024,C
UAN-92-8079-7829-1460,22-01-2024,A
UAN-93-7256-8339-9462,22-01-2024,C
UAN-15-6041-2781-6418,22-01-2024,A
UAN-16-4482-2603-7750,22-01-2024,C
UAN-16-6414-6037-8077,22-01-2024,C
UAN-73-2483-4676-5279,22-01-2024,C
UAN-16-7804-3515-9206,22-01-2024,A
UAN-88-9797-8716-1961,22-01-2024,B
UAN-14-4462-9028-3672,22-01-2024,A
UAN-28-1735-4310-3302,22-01-2024,B
UAN-39-2551-6100-2942,22-01-2024,B
UAN-55-1348-9324-9910,22-01-2024,C
UAN-97-6465-3300-6600,22-01-2024,B
UAN-55-9457-8502-3009,22-01-2024,C
UAN-87-2033-2074-2058,22-01-2024,C
UAN-18-3746-6095-1214,22-01-2024,A
UAN-13-9455-6586-6436,22-01-2024,B
UAN-47-7351-8165-6845,22-01-2024,B
UAN-80-5009-4335-5100,22-01-2024,C
UAN-75-6915-8928-2630,22-01-2024,A
UAN-85-7406-5446-8105,22-01-2024,B
UAN-16-4209-5506-9159,22-01-2024,B
UAN-13-2239-6681-5708,22-01-2024,A
UAN-41-3326-6509-5579,22-01-2024,B
UAN-15-2521-5112-5365,22-01-2024,D
UAN-10-2033-2118-9585,22-01-2024,B
UAN-44-8014-3404-1919,22-01-2024,B
UAN-83-9202-6749-6844,22-01-2024,C
UAN-46-5014-9165-3640,22-01-2024,B
UAN-41-7753-1486-7826,22-01-2024,A
UAN-28-6180-9079-6426,22-01-2024,B
UAN-12-8521-8512-7159,22-01-2024,A
UAN-60-8327-5663-4874,22-01-2024,C
UAN-85-7377-8689-9316,22-01-2024,A
UAN-37-2268-5463-1782,22-01-2024,A
UAN-79-4070-6532-2454,22-01-2024,B
UAN-24-5271-2109-5451,22-01-2024,B
UAN-19-5297-6353-5050,22-01-2024,D
UAN-45-9001-7801-8730,22-01-2024,C
UAN-87-4634-5063-8818,22-01-2024,C
UAN-75-4139-7446-7687,22-01-2024,A
UAN-34-5373-2619-9934,22-01-2024,B
UAN-20-1555-3163-5853,22-01-2024,A
UAN-78-3047-2262-3071,22-01-2024,C
UAN-29-6417-1894-3945,22-01-2024,B
UAN-29-4822-8935-8605,22-01-2024,A
UAN-47-6834-7745-4886,22-01-2024,A
UAN-31-6826-1871-7520,22-01-2024,A
UAN-54-8757-2544-7734,22-01-2024,C
UAN-70-3340-7756-3915,22-01-2024,B
UAN-14-6573-4718-6955,22-01-2024,D
UAN-71-5370-6487-7772,22-01-2024,B
UAN-11-4118-4049-5677,22-01-2024,D
UAN-92-9959-7368-3780,22-01-2024,C
UAN-94-2240-3139-8297,22-01-2024,A
UAN-45-3942-2789-4617,22-01-2024,A
UAN-59-4927-4748-6169,22-01-2024,B
UAN-40-1862-8218-4480,22-01-2024,B
UAN-79-2111-8430-2288,22-01-2024,B
UAN-98-6218-5384-6149,22-01-2024,C
UAN-27-7264-5239-1887,22-01-2024,C
UAN-74-4696-7598-4562,22-01-2024,B
UAN-34-1322-5323-2045,22-01-2024,B
UAN-24-7831-2315-7694,22-01-2024,D
UAN-81-1915-5277-5334,22-01-2024,D
UAN-47-2466-6952-4429,22-01-2024,A
UAN-62-2890-3106-6044,22-01-2024,A
UAN-38-8862-1595-2899,22-01-2024,D
UAN-99-1613-9232-2974,22-01-2024,A
UAN-56-3567-7571-4188,22-01-2024,A
UAN-44-3401-3729-9774,22-01-2024,C
UAN-99-6500-9493-8365,22-01-2024,A
UAN-16-4872-7040-4666,22-01-2024,C
UAN-82-1484-7249-6499,22-01-2024,B
UAN-11-8685-9699-4233,22-01-2024,A
UAN-10-6547-5811-5618,22-01-2024,B
UAN-13-3061-3355-7797,22-01-2024,B
UAN-29-6326-9135-8321,22-01-2024,C
UAN-40-2070-9865-1623,22-01-2024,A
UAN-17-4988-8107-5587,22-01-2024,A
UAN-58-1146-2904-8391,22-01-2024,A
UAN-15-1617-6704-7185,22-01-2024,C
UAN-22-9252-3759-3336,22-01-2024,D
UAN-82-1799-2093-4593,22-01-2024,B
UAN-52-2229-3941-9805,22-01-2024,D
UAN-74-4575-5534-8473,22-01-2024,C
UAN-47-2382-5049-6367,22-01-2024,B
UAN-13-4300-7108-8649,22-01-2024,B
UAN-34-5061-5940-3963,22-01-2024,A
UAN-15-5942-9523-2599,22-01-2024,D
UAN-34-4899-3975-5662,22-01-2024,B
UAN-22-4479-1551-3816,22-01-2024,D
UAN-43-5624-4228-8500,22-01-2024,C
UAN-70-3161-2751-4469,22-01-2024,A
UAN-15-8988-9671-4407,22-01-2024,C
UAN-97-9404-3993-1691,22-01-2024,B
UAN-59-4080-1727-1034,22-01-2024,D
UAN-74-9977-6212-4855,22-01-2024,D
UAN-25-7775-7053-9446,22-01-2024,C
UAN-58-4691-4127-5162,22-01-2024,B
UAN-43-2956-8564-4689,22-01-2024,D
UAN-52-5980-1632-8862,22-01-2024,A
UAN-41-7333-9835-7270,22-01-2024,A
UAN-51-7750-1012-3323,22-01-2024,C
UAN-20-9875-4589-5207,22-01-2024,A
UAN-16-3621-5963-5898,22-01-2024,B
UAN-17-7832-6167-2215,22-01-2024,C
UAN-14-7730-2202-5691,22-01-2024,A
UAN-29-5022-3638-9422,22-01-2024,A
UAN-61-2118-7729-3810,22-01-2024,C
UAN-48-6505-9684-9306,22-01-2024,B
UAN-88-8344-6419-3058,22-01-2024,B
UAN-69-8755-1169-5596,22-01-2024,C
UAN-32-7056-7523-1176,22-01-2024,B
UAN-67-8132-7925-5463,22-01-2024,D
UAN-51-5822-9364-5125,22-01-2024,D
UAN-86-9265-8584-6075,22-01-2024,B
UAN-46-2607-1089-4413,22-01-2024,D
UAN-69-2878-3901-7066,22-01-2024,C
UAN-79-9630-7258-4744,22-01-2024,A
UAN-45-9580-8699-5763,22-01-2024,A
UAN-79-4058-6841-8721,22-01-2024,D
UAN-95-3629-6720-4784,22-01-2024,C
UAN-16-7768-5261-1697,22-01-2024,B
UAN-19-8788-5209-4660,22-01-2024,A
UAN-38-9736-4560-2907,22-01-2024,A
UAN-88-1968-3875-9262,22-01-2024,B
UAN-43-3102-8397-8216,22-01-2024,C
UAN-46-1380-6424-7833,22-01-2024,A
UAN-37-8337-3768-6140,22-01-2024,A
UAN-18-8269-1104-6188,22-01-2024,C
UAN-10-8020-2921-2114,22-01-2024,C
UAN-85-9350-8578-1054,22-01-2024,C
UAN-23-4228-8521-1010,22-01-2024,C
UAN-34-5992-2170-3781,22-01-2024,B
UAN-80-9314-1649-6154,22-01-2024,C
UAN-94-3896-9225-1083,22-01-2024,D
UAN-64-4447-8609-7975,22-01-2024,C
UAN-80-3867-4050-2614,22-01-2024,B
UAN-32-5298-6973-6743,22-01-2024,D
UAN-88-9727-8688-7973,22-01-2024,B
UAN-58-4953-7882-7764,22-01-2024,B
UAN-82-7421-2430-3385,22-01-2024,C
UAN-30-7267-5650-7034,22-01-2024,A
UAN-45-8226-3217-7206,22-01-2024,B
UAN-19-6542-5439-2604,22-01-2024,C
UAN-93-3292-5967-3586,22-01-2024,D
UAN-97-2892-7057-9673,22-01-2024,D
UAN-69-9567-9290-6285,22-01-2024,C
UAN-57-6092-5153-1696,22-01-2024,B
UAN-75-1422-6542-6146,22-01-2024,B
UAN-23-5900-8868-7961,22-01-2024,A
UAN-67-2895-2004-3220,22-01-2024,A
UAN-94-8768-2792-9432,22-01-2024,C
UAN-68-2754-5801-8725,22-01-2024,B
UAN-86-5950-7600-8162,22-01-2024,B
UAN-66-4472-3746-2545,22-01-2024,D
UAN-77-2640-1363-8065,29-01-2024,C
UAN-90-6217-9921-2907,29-01-2024,C
UAN-83-7349-3472-7936,29-01-2024,D
UAN-85-4112-3965-6397,29-01-2024,D
UAN-55-2396-3088-2429,29-01-2024,C
UAN-36-4963-7821-7884,29-01-2024,D
UAN-21-4232-5218-7253,29-01-2024,D
UAN-89-2746-6763-3672,29-01-2024,D
UAN-86-1230-1892-1086,29-01-2024,D
UAN-27-4387-6738-2811,29-01-2024,C
UAN-21-9265-4321-1594,29-01-2024,D
UAN-48-3496-4426-1355,29-01-2024,D
UAN-48-9969-4113-2677,29-01-2024,A
UAN-83-8660-5353-2598,29-01-2024,C
UAN-71-3391-4834-2854,29-01-2024,A
UAN-16-6918-6429-4550,29-01-2024,D
UAN-26-5779-5313-9445,29-01-2024,D
UAN-26-6010-8812-6995,29-01-2024,D
UAN-82-1628-1185-5009,29-01-2024,C
UAN-59-1621-9807-5954,29-01-2024,D
UAN-90-7558-2428-2814,29-01-2024,A
UAN-22-1688-6901-4145,29-01-2024,D
UAN-71-4414-1094-1798,29-01-2024,A
UAN-39-2987-8989-5637,29-01-2024,D
UAN-29-9046-6192-5651,29-01-2024,C
UAN-71-5860-2403-4817,29-01-2024,A
UAN-35-7800-1547-6954,29-01-2024,A
UAN-62-2738-7941-6804,29-01-2024,C
UAN-17-3256-5540-4851,29-01-2024,D
UAN-10-7140-7812-4750,29-01-2024,D
UAN-33-5573-3048-3614,29-01-2024,D
UAN-99-2206-8886-3158,29-01-2024,B
UAN-72-4979-6633-5580,29-01-2024,A
UAN-69-6224-4837-3146,29-01-2024,D
UAN-12-9548-4920-3613,29-01-2024,B
UAN-47-5511-3905-9262,29-01-2024,D
UAN-17-4394-6808-6099,29-01-2024,D
UAN-71-4831-4995-7037,29-01-2024,D
UAN-26-1269-6334-3728,29-01-2024,A
UAN-76-3337-7610-1012,29-01-2024,D
UAN-49-4940-1805-6603,29-01-2024,D
UAN-68-8560-9896-2115,29-01-2024,D
UAN-47-5451-5314-8283,29-01-2024,C
UAN-77-1380-5070-5438,29-01-2024,D
UAN-45-4609-9133-4819,29-01-2024,A
UAN-13-3459-1579-8738,29-01-2024,D
UAN-14-7329-6865-6886,29-01-2024,A
UAN-54-6936-2496-9328,29-01-2024,A
UAN-68-6595-2186-8035,29-01-2024,C
UAN-78-1364-5726-7613,29-01-2024,D
UAN-26-4231-2372-4282,29-01-2024,A
UAN-93-1639-9454-1738,29-01-2024,D
UAN-29-1365-1216-3667,29-01-2024,D
UAN-63-9585-7551-1282,29-01-2024,B
UAN-73-2440-9742-5006,29-01-2024,C
UAN-59-8119-5398-8401,29-01-2024,C
UAN-28-9536-5487-9929,29-01-2024,D
UAN-20-9275-1761-4737,29-01-2024,D
UAN-99-3473-5694-9734,29-01-2024,D
UAN-80-8538-5651-3019,29-01-2024,D
UAN-42-5851-9238-5792,29-01-2024,D
UAN-17-1995-4204-5323,29-01-2024,D
UAN-91-9066-5812-5044,29-01-2024,D
UAN-51-8466-1900-4700,29-01-2024,B
UAN-25-2676-1661-7233,29-01-2024,D
UAN-26-9729-5078-9709,29-01-2024,D
UAN-67-9735-7101-8282,29-01-2024,D
UAN-56-3378-9204-6948,29-01-2024,D
UAN-13-5550-7560-6627,29-01-2024,D
UAN-68-4864-3874-7119,29-01-2024,C
UAN-92-8031-8567-1256,29-01-2024,A
UAN-19-7934-9201-3568,29-01-2024,D
UAN-95-9840-7391-1437,29-01-2024,C
UAN-71-7001-5659-2958,29-01-2024,D
UAN-24-9007-1153-6548,29-01-2024,C
UAN-36-9232-9765-9480,29-01-2024,C
UAN-66-7075-6470-5726,29-01-2024,C
UAN-87-4647-4190-4886,29-01-2024,D
UAN-71-8832-1295-6372,29-01-2024,A
UAN-32-9459-3589-3492,29-01-2024,A
UAN-66-5123-7434-5080,29-01-2024,B
UAN-21-9998-1196-2904,29-01-2024,D
UAN-33-2768-8501-8984,29-01-2024,C
UAN-90-2599-6664-4192,29-01-2024,D
UAN-76-1502-7401-9940,29-01-2024,D
UAN-72-7668-7974-4742,29-01-2024,D
UAN-58-2648-8281-8986,29-01-2024,B
UAN-93-9157-3668-4315,29-01-2024,A
UAN-26-8573-6512-1728,29-01-2024,D
UAN-53-6804-8724-6821,29-01-2024,A
UAN-84-1455-5435-7016,29-01-2024,C
UAN-76-9023-1820-1936,29-01-2024,B
UAN-83-9112-3293-1037,29-01-2024,C
UAN-53-3500-9794-9532,29-01-2024,D
UAN-94-7911-2412-1499,29-01-2024,D
UAN-66-5458-2600-8079,29-01-2024,A
UAN-26-2609-2674-1106,29-01-2024,C
UAN-77-8312-9891-3626,29-01-2024,D
UAN-82-4346-3791-1321,29-01-2024,D
UAN-40-5196-4344-8856,29-01-2024,A
UAN-45-6495-6067-6597,29-01-2024,D
UAN-90-5470-2093-5454,29-01-2024,C
UAN-20-5023-2669-6392,29-01-2024,A
UAN-54-5636-9843-4026,29-01-2024,D
UAN-22-2669-7347-6948,29-01-2024,D
UAN-23-2256-9496-1522,29-01-2024,D
UAN-95-1123-4845-3631,29-01-2024,D
UAN-29-9742-4652-9363,29-01-2024,D
UAN-27-6542-9149-1032,29-01-2024,B
UAN-39-3324-7953-1844,29-01-2024,D
UAN-43-6048-4906-2910,29-01-2024,B
UAN-89-9894-9893-6612,29-01-2024,B
UAN-25-3807-7792-5341,29-01-2024,B
UAN-27-7699-7037-7589,29-01-2024,B
UAN-37-4001-7245-3685,29-01-2024,A
UAN-99-5680-3005-5418,29-01-2024,D
UAN-17-1837-1339-6538,29-01-2024,D
UAN-71-5558-9721-7990,29-01-2024,B
UAN-40-3760-1701-2126,29-01-2024,D
UAN-37-1512-9860-3209,29-01-2024,C
UAN-53-2927-5069-5480,29-01-2024,B
UAN-32-3667-7876-6594,29-01-2024,A
UAN-82-7125-2311-2980,29-01-2024,C
UAN-44-4277-5990-6396,29-01-2024,C
UAN-61-6196-3764-4181,29-01-2024,D
UAN-60-6808-5031-5191,29-01-2024,A
UAN-40-2906-1935-9229,29-01-2024,D
UAN-35-5134-6438-5831,29-01-2024,C
UAN-39-2166-1879-8599,29-01-2024,D
UAN-34-5400-6850-2940,29-01-2024,B
UAN-64-5612-8502-8582,29-01-2024,D
UAN-83-1099-3113-2449,29-01-2024,C
UAN-20-5987-3835-6925,29-01-2024,C
UAN-82-7430-9674-5855,29-01-2024,B
UAN-26-4644-7327-8179,29-01-2024,B
UAN-30-1862-9944-7412,29-01-2024,D
UAN-77-1981-3769-1663,29-01-2024,D
UAN-78-6738-4064-3147,29-01-2024,D
UAN-13-2583-6357-3282,29-01-2024,A
UAN-36-7249-3187-7723,29-01-2024,A
UAN-83-3877-9342-5256,29-01-2024,A
UAN-95-8071-8576-8329,29-01-2024,B
UAN-21-2719-1252-7336,29-01-2024,C
UAN-21-8418-4502-8986,29-01-2024,C
UAN-69-6748-8511-4875,29-01-2024,B
UAN-80-5797-8603-4104,29-01-2024,C
UAN-20-1913-1753-6591,29-01-2024,A
UAN-33-6979-9831-3279,29-01-2024,A
UAN-91-8500-8289-9537,29-01-2024,C
UAN-77-2684-6961-3879,29-01-2024,A
UAN-76-1321-5336-5256,29-01-2024,A
UAN-24-7726-2862-8823,29-01-2024,B
UAN-77-5864-6629-8835,29-01-2024,B
UAN-25-5998-6165-6950,29-01-2024,B
UAN-81-9788-6499-1889,29-01-2024,C
UAN-11-2700-7445-8892,29-01-2024,B
UAN-75-5958-1314-4063,29-01-2024,B
UAN-63-9329-4417-7309,29-01-2024,C
UAN-85-9126-8412-3795,29-01-2024,C
UAN-72-6040-5876-8389,29-01-2024,B
UAN-26-4643-9689-6282,29-01-2024,D
UAN-54-1987-5547-7635,29-01-2024,A
UAN-96-6333-7245-1404,29-01-2024,C
UAN-60-8117-7929-8772,29-01-2024,A
UAN-20-7602-3934-5871,29-01-2024,B
UAN-31-7125-8727-2057,29-01-2024,A
UAN-74-5999-8346-6133,29-01-2024,A
UAN-50-6290-1666-2434,29-01-2024,D
UAN-53-5492-8199-8516,29-01-2024,C
UAN-85-2973-6073-4036,29-01-2024,D
UAN-89-4899-1022-7211,29-01-2024,B
UAN-76-8511-7298-3740,29-01-2024,B
UAN-28-6604-7654-9546,29-01-2024,A
UAN-94-8461-5366-9651,29-01-2024,C
UAN-83-3775-9974-6275,29-01-2024,C
UAN-10-4276-2010-6228,29-01-2024,D
UAN-64-2116-3067-1674,29-01-2024,B
UAN-43-8631-3121-8268,29-01-2024,C
UAN-59-6753-1346-5760,29-01-2024,B
UAN-31-5109-9416-5088,29-01-2024,B
UAN-67-2886-9417-5363,29-01-2024,B
UAN-16-5560-9189-6749,29-01-2024,D
UAN-22-5947-6172-5000,29-01-2024,B
UAN-93-6777-3439-5887,29-01-2024,D
UAN-86-7793-4934-6349,29-01-2024,D
UAN-26-2438-2387-9170,29-01-2024,A
UAN-59-7487-4851-1905,29-01-2024,C
UAN-88-9828-2159-3406,29-01-2024,B
UAN-72-4061-2308-3601,29-01-2024,D
UAN-42-4619-6601-6408,29-01-2024,B
UAN-32-8919-3727-2053,29-01-2024,B
UAN-44-9481-2654-9452,29-01-2024,C
UAN-31-1572-1323-3492,29-01-2024,A
UAN-18-1660-7607-3971,29-01-2024,B
UAN-67-5227-8577-1307,29-01-2024,B
UAN-37-6771-6236-7161,29-01-2024,C
UAN-86-4465-4777-3713,29-01-2024,A
UAN-88-5974-2046-1311,29-01-2024,A
UAN-44-9980-6047-2819,29-01-2024,B
UAN-95-4208-2014-8395,29-01-2024,A
UAN-34-6323-9581-2367,29-01-2024,D
UAN-49-1499-5584-7603,29-01-2024,A
UAN-30-8357-6432-9198,29-01-2024,C
UAN-53-9040-5914-4655,29-01-2024,B
UAN-90-5109-8274-1285,29-01-2024,D
UAN-87-9261-9046-1608,29-01-2024,D
UAN-78-4854-1032-1196,29-01-2024,A
UAN-31-6835-4327-9739,29-01-2024,B
UAN-76-3364-2196-6398,29-01-2024,A
UAN-75-7671-6836-1676,29-01-2024,C
UAN-99-8126-4230-6414,29-01-2024,B
UAN-99-4180-9572-8985,29-01-2024,A
UAN-43-5079-3646-3077,29-01-2024,C
UAN-61-2400-3376-3339,29-01-2024,A
UAN-75-9920-4026-7185,29-01-2024,B
UAN-86-3686-5049-4800,29-01-2024,A
UAN-60-3934-5542-7702,29-01-2024,B
UAN-44-6135-4805-5605,29-01-2024,B
UAN-91-4448-5403-1398,29-01-2024,C
UAN-73-4708-8668-8628,29-01-2024,B
UAN-38-2335-9611-1121,29-01-2024,B
UAN-57-8070-7613-1909,29-01-2024,A
UAN-44-1595-1805-3262,29-01-2024,B
UAN-14-1015-6502-4755,29-01-2024,B
UAN-36-6417-3646-4360,29-01-2024,A
UAN-85-4302-3011-7837,29-01-2024,A
UAN-62-2024-2715-9869,29-01-2024,A
UAN-30-2042-5833-8155,29-01-2024,D
UAN-76-4113-3235-5227,29-01-2024,C
UAN-49-5386-8233-5206,29-01-2024,A
UAN-88-6469-9036-6851,29-01-2024,A
UAN-55-4332-3345-5245,29-01-2024,D
UAN-59-9828-6083-7369,29-01-2024,B
UAN-19-2315-5565-2950,29-01-2024,C
UAN-19-6432-7615-2711,29-01-2024,A
UAN-22-5261-6367-8576,29-01-2024,A
UAN-19-9114-9868-9592,29-01-2024,A
UAN-29-7614-1219-4858,29-01-2024,C
UAN-10-6718-8442-3547,29-01-2024,C
UAN-84-9271-8904-1121,29-01-2024,C
UAN-91-9774-7544-4734,29-01-2024,B
UAN-62-3757-5533-8291,29-01-2024,A
UAN-40-3700-8975-8328,29-01-2024,B
UAN-75-6658-1837-7096,29-01-2024,D
UAN-69-6600-9402-1991,29-01-2024,A
UAN-75-5175-3095-2616,29-01-2024,D
UAN-47-4226-2988-5451,29-01-2024,C
UAN-82-8962-1833-2315,29-01-2024,C
UAN-39-6581-1385-9779,29-01-2024,A
UAN-86-1316-3182-3102,29-01-2024,B
UAN-63-5279-6760-1948,29-01-2024,A
UAN-15-6684-1843-4043,29-01-2024,A
UAN-91-6818-7429-8016,29-01-2024,C
UAN-92-8079-7829-1460,29-01-2024,A
UAN-93-7256-8339-9462,29-01-2024,A
UAN-15-6041-2781-6418,29-01-2024,B
UAN-16-4482-2603-7750,29-01-2024,B
UAN-16-6414-6037-8077,29-01-2024,C
UAN-73-2483-4676-5279,29-01-2024,A
UAN-16-7804-3515-9206,29-01-2024,A
UAN-88-9797-8716-1961,29-01-2024,A
UAN-14-4462-9028-3672,29-01-2024,A
UAN-28-1735-4310-3302,29-01-2024,B
UAN-39-2551-6100-2942,29-01-2024,B
UAN-55-1348-9324-9910,29-01-2024,B
UAN-97-6465-3300-6600,29-01-2024,B
UAN-55-9457-8502-3009,29-01-2024,B
UAN-87-2033-2074-2058,29-01-2024,C
UAN-18-3746-6095-1214,29-01-2024,A
UAN-13-9455-6586-6436,29-01-2024,B
UAN-47-7351-8165-6845,29-01-2024,C
UAN-80-5009-4335-5100,29-01-2024,B
UAN-75-6915-8928-2630,29-01-2024,C
UAN-85-7406-5446-8105,29-01-2024,B
UAN-16-4209-5506-9159,29-01-2024,B
UAN-13-2239-6681-5708,29-01-2024,A
UAN-41-3326-6509-5579,29-01-2024,A
UAN-15-2521-5112-5365,29-01-2024,C
UAN-10-2033-2118-9585,29-01-2024,B
UAN-44-8014-3404-1919,29-01-2024,C
UAN-83-9202-6749-6844,29-01-2024,C
UAN-46-5014-9165-3640,29-01-2024,B
UAN-41-7753-1486-7826,29-01-2024,A
UAN-28-6180-9079-6426,29-01-2024,D
UAN-12-8521-8512-7159,29-01-2024,A
UAN-60-8327-5663-4874,29-01-2024,C
UAN-85-7377-8689-9316,29-01-2024,C
UAN-37-2268-5463-1782,29-01-2024,B
UAN-79-4070-6532-2454,29-01-2024,C
UAN-24-5271-2109-5451,29-01-2024,B
UAN-19-5297-6353-5050,29-01-2024,C
UAN-45-9001-7801-8730,29-01-2024,C
UAN-87-4634-5063-8818,29-01-2024,C
UAN-75-4139-7446-7687,29-01-2024,B
UAN-34-5373-2619-9934,29-01-2024,B
UAN-20-1555-3163-5853,29-01-2024,A
UAN-78-3047-2262-3071,29-01-2024,B
UAN-29-6417-1894-3945,29-01-2024,A
UAN-29-4822-8935-8605,29-01-2024,A
UAN-47-6834-7745-4886,29-01-2024,A
UAN-31-6826-1871-7520,29-01-2024,A
UAN-54-8757-2544-7734,29-01-2024,C
UAN-70-3340-7756-3915,29-01-2024,C
UAN-14-6573-4718-6955,29-01-2024,C
UAN-71-5370-6487-7772,29-01-2024,A
UAN-11-4118-4049-5677,29-01-2024,A
UAN-92-9959-7368-3780,29-01-2024,C
UAN-94-2240-3139-8297,29-01-2024,A
UAN-45-3942-2789-4617,29-01-2024,B
UAN-59-4927-4748-6169,29-01-2024,C
UAN-40-1862-8218-4480,29-01-2024,C
UAN-79-2111-8430-2288,29-01-2024,B
UAN-98-6218-5384-6149,29-01-2024,A
UAN-27-7264-5239-1887,29-01-2024,B
UAN-74-4696-7598-4562,29-01-2024,D
UAN-34-1322-5323-2045,29-01-2024,C
UAN-24-7831-2315-7694,29-01-2024,D
UAN-81-1915-5277-5334,29-01-2024,C
UAN-47-2466-6952-4429,29-01-2024,B
UAN-62-2890-3106-6044,29-01-2024,A
UAN-38-8862-1595-2899,29-01-2024,C
UAN-99-1613-9232-2974,29-01-2024,A
UAN-56-3567-7571-4188,29-01-2024,A
UAN-44-3401-3729-9774,29-01-2024,B
UAN-99-6500-9493-8365,29-01-2024,C
UAN-16-4872-7040-4666,29-01-2024,C
UAN-82-1484-7249-6499,29-01-2024,B
UAN-11-8685-9699-4233,29-01-2024,A
UAN-10-6547-5811-5618,29-01-2024,B
UAN-13-3061-3355-7797,29-01-2024,C
UAN-29-6326-9135-8321,29-01-2024,C
UAN-40-2070-9865-1623,29-01-2024,A
UAN-17-4988-8107-5587,29-01-2024,A
UAN-58-1146-2904-8391,29-01-2024,A
UAN-15-1617-6704-7185,29-01-2024,C
UAN-22-9252-3759-3336,29-01-2024,C
UAN-82-1799-2093-4593,29-01-2024,D
UAN-52-2229-3941-9805,29-01-2024,B
UAN-74-4575-5534-8473,29-01-2024,C
UAN-47-2382-5049-6367,29-01-2024,D
UAN-13-4300-7108-8649,29-01-2024,B
UAN-34-5061-5940-3963,29-01-2024,A
UAN-15-5942-9523-2599,29-01-2024,C
UAN-34-4899-3975-5662,29-01-2024,C
UAN-22-4479-1551-3816,29-01-2024,B
UAN-43-5624-4228-8500,29-01-2024,A
UAN-70-3161-2751-4469,29-01-2024,C
UAN-15-8988-9671-4407,29-01-2024,D
UAN-97-9404-3993-1691,29-01-2024,A
UAN-59-4080-1727-1034,29-01-2024,D
UAN-74-9977-6212-4855,29-01-2024,C
UAN-25-7775-7053-9446,29-01-2024,B
UAN-58-4691-4127-5162,29-01-2024,B
UAN-43-2956-8564-4689,29-01-2024,C
UAN-52-5980-1632-8862,29-01-2024,A
UAN-41-7333-9835-7270,29-01-2024,B
UAN-51-7750-1012-3323,29-01-2024,D
UAN-20-9875-4589-5207,29-01-2024,A
UAN-16-3621-5963-5898,29-01-2024,B
UAN-17-7832-6167-2215,29-01-2024,B
UAN-14-7730-2202-5691,29-01-2024,A
UAN-29-5022-3638-9422,29-01-2024,A
UAN-61-2118-7729-3810,29-01-2024,D
UAN-48-6505-9684-9306,29-01-2024,B
UAN-88-8344-6419-3058,29-01-2024,D
UAN-69-8755-1169-5596,29-01-2024,D
UAN-32-7056-7523-1176,29-01-2024,A
UAN-67-8132-7925-5463,29-01-2024,D
UAN-51-5822-9364-5125,29-01-2024,B
UAN-86-9265-8584-6075,29-01-2024,B
UAN-46-2607-1089-4413,29-01-2024,B
UAN-69-2878-3901-7066,29-01-2024,B
UAN-79-9630-7258-4744,29-01-2024,A
UAN-45-9580-8699-5763,29-01-2024,A
UAN-79-4058-6841-8721,29-01-2024,C
UAN-95-3629-6720-4784,29-01-2024,B
UAN-16-7768-5261-1697,29-01-2024,D
UAN-19-8788-5209-4660,29-01-2024,A
UAN-38-9736-4560-2907,29-01-2024,A
UAN-88-1968-3875-9262,29-01-2024,C
UAN-43-3102-8397-8216,29-01-2024,D
UAN-46-1380-6424-7833,29-01-2024,A
UAN-37-8337-3768-6140,29-01-2024,A
UAN-18-8269-1104-6188,29-01-2024,C
UAN-10-8020-2921-2114,29-01-2024,B
UAN-85-9350-8578-1054,29-01-2024,C
UAN-23-4228-8521-1010,29-01-2024,D
UAN-34-5992-2170-3781,29-01-2024,B
UAN-80-9314-1649-6154,29-01-2024,B
UAN-94-3896-9225-1083,29-01-2024,D
UAN-64-4447-8609-7975,29-01-2024,B
UAN-80-3867-4050-2614,29-01-2024,B
UAN-32-5298-6973-6743,29-01-2024,C
UAN-88-9727-8688-7973,29-01-2024,B
UAN-58-4953-7882-7764,29-01-2024,B
UAN-82-7421-2430-3385,29-01-2024,C
UAN-30-7267-5650-7034,29-01-2024,A
UAN-45-8226-3217-7206,29-01-2024,B
UAN-19-6542-5439-2604,29-01-2024,D
UAN-93-3292-5967-3586,29-01-2024,C
UAN-97-2892-7057-9673,29-01-2024,C
UAN-69-9567-9290-6285,29-01-2024,C
UAN-57-6092-5153-1696,29-01-2024,B
UAN-75-1422-6542-6146,29-01-2024,C
UAN-23-5900-8868-7961,29-01-2024,A
UAN-67-2895-2004-3220,29-01-2024,B
UAN-94-8768-2792-9432,29-01-2024,C
UAN-68-2754-5801-8725,29-01-2024,C
UAN-86-5950-7600-8162,29-01-2024,C
UAN-66-4472-3746-2545,29-01-2024,D
UAN-77-2640-1363-8065,05-02-2024,D
UAN-90-6217-9921-2907,05-02-2024,C
UAN-83-7349-3472-7936,05-02-2024,C
UAN-85-4112-3965-6397,05-02-2024,D
UAN-55-2396-3088-2429,05-02-2024,D
UAN-36-4963-7821-7884,05-02-2024,D
UAN-21-4232-5218-7253,05-02-2024,D
UAN-89-2746-6763-3672,05-02-2024,A
UAN-86-1230-1892-1086,05-02-2024,D
UAN-27-4387-6738-2811,05-02-2024,D
UAN-21-9265-4321-1594,05-02-2024,D
UAN-48-3496-4426-1355,05-02-2024,D
UAN-48-9969-4113-2677,05-02-2024,A
UAN-83-8660-5353-2598,05-02-2024,C
UAN-71-3391-4834-2854,05-02-2024,A
UAN-16-6918-6429-4550,05-02-2024,D
UAN-26-5779-5313-9445,05-02-2024,C
UAN-26-6010-8812-6995,05-02-2024,A
UAN-82-1628-1185-5009,05-02-2024,D
UAN-59-1621-9807-5954,05-02-2024,C
UAN-90-7558-2428-2814,05-02-2024,A
UAN-22-1688-6901-4145,05-02-2024,D
UAN-71-4414-1094-1798,05-02-2024,A
UAN-39-2987-8989-5637,05-02-2024,D
UAN-29-9046-6192-5651,05-02-2024,D
UAN-71-5860-2403-4817,05-02-2024,A
UAN-35-7800-1547-6954,05-02-2024,A
UAN-62-2738-7941-6804,05-02-2024,D
UAN-17-3256-5540-4851,05-02-2024,D
UAN-10-7140-7812-4750,05-02-2024,C
UAN-33-5573-3048-3614,05-02-2024,D
UAN-99-2206-8886-3158,05-02-2024,A
UAN-72-4979-6633-5580,05-02-2024,A
UAN-69-6224-4837-3146,05-02-2024,D
UAN-12-9548-4920-3613,05-02-2024,D
UAN-47-5511-3905-9262,05-02-2024,D
UAN-17-4394-6808-6099,05-02-2024,D
UAN-71-4831-4995-7037,05-02-2024,C
UAN-26-1269-6334-3728,05-02-2024,A
UAN-76-3337-7610-1012,05-02-2024,D
UAN-49-4940-1805-6603,05-02-2024,D
UAN-68-8560-9896-2115,05-02-2024,D
UAN-47-5451-5314-8283,05-02-2024,C
UAN-77-1380-5070-5438,05-02-2024,D
UAN-45-4609-9133-4819,05-02-2024,A
UAN-13-3459-1579-8738,05-02-2024,D
UAN-14-7329-6865-6886,05-02-2024,A
UAN-54-6936-2496-9328,05-02-2024,A
UAN-68-6595-2186-8035,05-02-2024,D
UAN-78-1364-5726-7613,05-02-2024,D
UAN-26-4231-2372-4282,05-02-2024,A
UAN-93-1639-9454-1738,05-02-2024,D
UAN-29-1365-1216-3667,05-02-2024,D
UAN-63-9585-7551-1282,05-02-2024,D
UAN-73-2440-9742-5006,05-02-2024,D
UAN-59-8119-5398-8401,05-02-2024,D
UAN-28-9536-5487-9929,05-02-2024,D
UAN-20-9275-1761-4737,05-02-2024,D
UAN-99-3473-5694-9734,05-02-2024,D
UAN-80-8538-5651-3019,05-02-2024,D
UAN-42-5851-9238-5792,05-02-2024,D
UAN-17-1995-4204-5323,05-02-2024,C
UAN-91-9066-5812-5044,05-02-2024,D
UAN-51-8466-1900-4700,05-02-2024,D
UAN-25-2676-1661-7233,05-02-2024,D
UAN-26-9729-5078-9709,05-02-2024,D
UAN-67-9735-7101-8282,05-02-2024,D
UAN-56-3378-9204-6948,05-02-2024,D
UAN-13-5550-7560-6627,05-02-2024,D
UAN-68-4864-3874-7119,05-02-2024,D
UAN-92-8031-8567-1256,05-02-2024,A
UAN-19-7934-9201-3568,05-02-2024,D
UAN-95-9840-7391-1437,05-02-2024,C
UAN-71-7001-5659-2958,05-02-2024,C
UAN-24-9007-1153-6548,05-02-2024,A
UAN-36-9232-9765-9480,05-02-2024,D
UAN-66-7075-6470-5726,05-02-2024,D
UAN-87-4647-4190-4886,05-02-2024,D
UAN-71-8832-1295-6372,05-02-2024,A
UAN-32-9459-3589-3492,05-02-2024,A
UAN-66-5123-7434-5080,05-02-2024,B
UAN-21-9998-1196-2904,05-02-2024,D
UAN-33-2768-8501-8984,05-02-2024,C
UAN-90-2599-6664-4192,05-02-2024,C
UAN-76-1502-7401-9940,05-02-2024,C
UAN-72-7668-7974-4742,05-02-2024,D
UAN-58-2648-8281-8986,05-02-2024,C
UAN-93-9157-3668-4315,05-02-2024,B
UAN-26-8573-6512-1728,05-02-2024,C
UAN-53-6804-8724-6821,05-02-2024,A
UAN-84-1455-5435-7016,05-02-2024,C
UAN-76-9023-1820-1936,05-02-2024,B
UAN-83-9112-3293-1037,05-02-2024,B
UAN-53-3500-9794-9532,05-02-2024,C
UAN-94-7911-2412-1499,05-02-2024,C
UAN-66-5458-2600-8079,05-02-2024,A
UAN-26-2609-2674-1106,05-02-2024,B
UAN-77-8312-9891-3626,05-02-2024,C
UAN-82-4346-3791-1321,05-02-2024,C
UAN-40-5196-4344-8856,05-02-2024,A
UAN-45-6495-6067-6597,05-02-2024,D
UAN-90-5470-2093-5454,05-02-2024,D
UAN-20-5023-2669-6392,05-02-2024,A
UAN-54-5636-9843-4026,05-02-2024,C
UAN-22-2669-7347-6948,05-02-2024,D
UAN-23-2256-9496-1522,05-02-2024,C
UAN-95-1123-4845-3631,05-02-2024,D
UAN-29-9742-4652-9363,05-02-2024,D
UAN-27-6542-9149-1032,05-02-2024,B
UAN-39-3324-7953-1844,05-02-2024,D
UAN-43-6048-4906-2910,05-02-2024,C
UAN-89-9894-9893-6612,05-02-2024,C
UAN-25-3807-7792-5341,05-02-2024,C
UAN-27-7699-7037-7589,05-02-2024,B
UAN-37-4001-7245-3685,05-02-2024,A
UAN-99-5680-3005-5418,05-02-2024,D
UAN-17-1837-1339-6538,05-02-2024,D
UAN-71-5558-9721-7990,05-02-2024,C
UAN-40-3760-1701-2126,05-02-2024,D
UAN-37-1512-9860-3209,05-02-2024,C
UAN-53-2927-5069-5480,05-02-2024,A
UAN-32-3667-7876-6594,05-02-2024,A
UAN-82-7125-2311-2980,05-02-2024,C
UAN-44-4277-5990-6396,05-02-2024,D
UAN-61-6196-3764-4181,05-02-2024,D
UAN-60-6808-5031-5191,05-02-2024,A
UAN-40-2906-1935-9229,05-02-2024,D
UAN-35-5134-6438-5831,05-02-2024,C
UAN-39-2166-1879-8599,05-02-2024,A
UAN-34-5400-6850-2940,05-02-2024,C
UAN-64-5612-8502-8582,05-02-2024,D
UAN-83-1099-3113-2449,05-02-2024,B
UAN-20-5987-3835-6925,05-02-2024,A
UAN-82-7430-9674-5855,05-02-2024,A
UAN-26-4644-7327-8179,05-02-2024,C
UAN-30-1862-9944-7412,05-02-2024,C
UAN-77-1981-3769-1663,05-02-2024,D
UAN-78-6738-4064-3147,05-02-2024,C
UAN-13-2583-6357-3282,05-02-2024,A
UAN-36-7249-3187-7723,05-02-2024,A
UAN-83-3877-9342-5256,05-02-2024,A
UAN-95-8071-8576-8329,05-02-2024,C
UAN-21-2719-1252-7336,05-02-2024,D
UAN-21-8418-4502-8986,05-02-2024,B
UAN-69-6748-8511-4875,05-02-2024,C
UAN-80-5797-8603-4104,05-02-2024,C
UAN-20-1913-1753-6591,05-02-2024,A
UAN-33-6979-9831-3279,05-02-2024,A
UAN-91-8500-8289-9537,05-02-2024,D
UAN-77-2684-6961-3879,05-02-2024,A
UAN-76-1321-5336-5256,05-02-2024,A
UAN-24-7726-2862-8823,05-02-2024,A
UAN-77-5864-6629-8835,05-02-2024,B
UAN-25-5998-6165-6950,05-02-2024,B
UAN-81-9788-6499-1889,05-02-2024,C
UAN-11-2700-7445-8892,05-02-2024,B
UAN-75-5958-1314-4063,05-02-2024,B
UAN-63-9329-4417-7309,05-02-2024,B
UAN-85-9126-8412-3795,05-02-2024,C
UAN-72-6040-5876-8389,05-02-2024,B
UAN-26-4643-9689-6282,05-02-2024,D
UAN-54-1987-5547-7635,05-02-2024,B
UAN-96-6333-7245-1404,05-02-2024,C
UAN-60-8117-7929-8772,05-02-2024,D
UAN-20-7602-3934-5871,05-02-2024,B
UAN-31-7125-8727-2057,05-02-2024,A
UAN-74-5999-8346-6133,05-02-2024,A
UAN-50-6290-1666-2434,05-02-2024,D
UAN-53-5492-8199-8516,05-02-2024,D
UAN-85-2973-6073-4036,05-02-2024,C
UAN-89-4899-1022-7211,05-02-2024,C
UAN-76-8511-7298-3740,05-02-2024,C
UAN-28-6604-7654-9546,05-02-2024,A
UAN-94-8461-5366-9651,05-02-2024,B
UAN-83-3775-9974-6275,05-02-2024,C
UAN-10-4276-2010-6228,05-02-2024,B
UAN-64-2116-3067-1674,05-02-2024,C
UAN-43-8631-3121-8268,05-02-2024,C
UAN-59-6753-1346-5760,05-02-2024,A
UAN-31-5109-9416-5088,05-02-2024,B
UAN-67-2886-9417-5363,05-02-2024,B
UAN-16-5560-9189-6749,05-02-2024,D
UAN-22-5947-6172-5000,05-02-2024,B
UAN-93-6777-3439-5887,05-02-2024,D
UAN-86-7793-4934-6349,05-02-2024,C
UAN-26-2438-2387-9170,05-02-2024,A
UAN-59-7487-4851-1905,05-02-2024,C
UAN-88-9828-2159-3406,05-02-2024,B
UAN-72-4061-2308-3601,05-02-2024,B
UAN-42-4619-6601-6408,05-02-2024,C
UAN-32-8919-3727-2053,05-02-2024,B
UAN-44-9481-2654-9452,05-02-2024,C
UAN-31-1572-1323-3492,05-02-2024,A
UAN-18-1660-7607-3971,05-02-2024,B
UAN-67-5227-8577-1307,05-02-2024,D
UAN-37-6771-6236-7161,05-02-2024,B
UAN-86-4465-4777-3713,05-02-2024,A
UAN-88-5974-2046-1311,05-02-2024,A
UAN-44-9980-6047-2819,05-02-2024,C
UAN-95-4208-2014-8395,05-02-2024,A
UAN-34-6323-9581-2367,05-02-2024,D
UAN-49-1499-5584-7603,05-02-2024,A
UAN-30-8357-6432-9198,05-02-2024,D
UAN-53-9040-5914-4655,05-02-2024,D
UAN-90-5109-8274-1285,05-02-2024,B
UAN-87-9261-9046-1608,05-02-2024,C
UAN-78-4854-1032-1196,05-02-2024,A
UAN-31-6835-4327-9739,05-02-2024,B
UAN-76-3364-2196-6398,05-02-2024,A
UAN-75-7671-6836-1676,05-02-2024,C
UAN-99-8126-4230-6414,05-02-2024,A
UAN-99-4180-9572-8985,05-02-2024,B
UAN-43-5079-3646-3077,05-02-2024,D
UAN-61-2400-3376-3339,05-02-2024,B
UAN-75-9920-4026-7185,05-02-2024,B
UAN-86-3686-5049-4800,05-02-2024,A
UAN-60-3934-5542-7702,05-02-2024,D
UAN-44-6135-4805-5605,05-02-2024,C
UAN-91-4448-5403-1398,05-02-2024,B
UAN-73-4708-8668-8628,05-02-2024,A
UAN-38-2335-9611-1121,05-02-2024,B
UAN-57-8070-7613-1909,05-02-2024,A
UAN-44-1595-1805-3262,05-02-2024,C
UAN-14-1015-6502-4755,05-02-2024,B
UAN-36-6417-3646-4360,05-02-2024,A
UAN-85-4302-3011-7837,05-02-2024,A
UAN-62-2024-2715-9869,05-02-2024,A
UAN-30-2042-5833-8155,05-02-2024,C
UAN-76-4113-3235-5227,05-02-2024,C
UAN-49-5386-8233-5206,05-02-2024,A
UAN-88-6469-9036-6851,05-02-2024,A
UAN-55-4332-3345-5245,05-02-2024,C
UAN-59-9828-6083-7369,05-02-2024,B
UAN-19-2315-5565-2950,05-02-2024,C
UAN-19-6432-7615-2711,05-02-2024,A
UAN-22-5261-6367-8576,05-02-2024,B
UAN-19-9114-9868-9592,05-02-2024,A
UAN-29-7614-1219-4858,05-02-2024,B
UAN-10-6718-8442-3547,05-02-2024,D
UAN-84-9271-8904-1121,05-02-2024,B
UAN-91-9774-7544-4734,05-02-2024,A
UAN-62-3757-5533-8291,05-02-2024,A
UAN-40-3700-8975-8328,05-02-2024,D
UAN-75-6658-1837-7096,05-02-2024,B
UAN-69-6600-9402-1991,05-02-2024,C
UAN-75-5175-3095-2616,05-02-2024,B
UAN-47-4226-2988-5451,05-02-2024,C
UAN-82-8962-1833-2315,05-02-2024,C
UAN-39-6581-1385-9779,05-02-2024,A
UAN-86-1316-3182-3102,05-02-2024,B
UAN-63-5279-6760-1948,05-02-2024,A
UAN-15-6684-1843-4043,05-02-2024,C
UAN-91-6818-7429-8016,05-02-2024,B
UAN-92-8079-7829-1460,05-02-2024,A
UAN-93-7256-8339-9462,05-02-2024,B
UAN-15-6041-2781-6418,05-02-2024,B
UAN-16-4482-2603-7750,05-02-2024,C
UAN-16-6414-6037-8077,05-02-2024,B
UAN-73-2483-4676-5279,05-02-2024,B
UAN-16-7804-3515-9206,05-02-2024,C
UAN-88-9797-8716-1961,05-02-2024,B
UAN-14-4462-9028-3672,05-02-2024,A
UAN-28-1735-4310-3302,05-02-2024,C
UAN-39-2551-6100-2942,05-02-2024,B
UAN-55-1348-9324-9910,05-02-2024,C
UAN-97-6465-3300-6600,05-02-2024,B
UAN-55-9457-8502-3009,05-02-2024,B
UAN-87-2033-2074-2058,05-02-2024,B
UAN-18-3746-6095-1214,05-02-2024,A
UAN-13-9455-6586-6436,05-02-2024,A
UAN-47-7351-8165-6845,05-02-2024,B
UAN-80-5009-4335-5100,05-02-2024,C
UAN-75-6915-8928-2630,05-02-2024,C
UAN-85-7406-5446-8105,05-02-2024,B
UAN-16-4209-5506-9159,05-02-2024,B
UAN-13-2239-6681-5708,05-02-2024,A
UAN-41-3326-6509-5579,05-02-2024,A
UAN-15-2521-5112-5365,05-02-2024,C
UAN-10-2033-2118-9585,05-02-2024,B
UAN-44-8014-3404-1919,05-02-2024,D
UAN-83-9202-6749-6844,05-02-2024,B
UAN-46-5014-9165-3640,05-02-2024,B
UAN-41-7753-1486-7826,05-02-2024,A
UAN-28-6180-9079-6426,05-02-2024,C
UAN-12-8521-8512-7159,05-02-2024,A
UAN-60-8327-5663-4874,05-02-2024,B
UAN-85-7377-8689-9316,05-02-2024,B
UAN-37-2268-5463-1782,05-02-2024,B
UAN-79-4070-6532-2454,05-02-2024,B
UAN-24-5271-2109-5451,05-02-2024,B
UAN-19-5297-6353-5050,05-02-2024,D
UAN-45-9001-7801-8730,05-02-2024,D
UAN-87-4634-5063-8818,05-02-2024,C
UAN-75-4139-7446-7687,05-02-2024,B
UAN-34-5373-2619-9934,05-02-2024,C
UAN-20-1555-3163-5853,05-02-2024,A
UAN-78-3047-2262-3071,05-02-2024,C
UAN-29-6417-1894-3945,05-02-2024,B
UAN-29-4822-8935-8605,05-02-2024,A
UAN-47-6834-7745-4886,05-02-2024,A
UAN-31-6826-1871-7520,05-02-2024,A
UAN-54-8757-2544-7734,05-02-2024,B
UAN-70-3340-7756-3915,05-02-2024,B
UAN-14-6573-4718-6955,05-02-2024,C
UAN-71-5370-6487-7772,05-02-2024,B
UAN-11-4118-4049-5677,05-02-2024,C
UAN-92-9959-7368-3780,05-02-2024,D
UAN-94-2240-3139-8297,05-02-2024,A
UAN-45-3942-2789-4617,05-02-2024,C
UAN-59-4927-4748-6169,05-02-2024,D
UAN-40-1862-8218-4480,05-02-2024,B
UAN-79-2111-8430-2288,05-02-2024,C
UAN-98-6218-5384-6149,05-02-2024,B
UAN-27-7264-5239-1887,05-02-2024,C
UAN-74-4696-7598-4562,05-02-2024,B
UAN-34-1322-5323-2045,05-02-2024,C
UAN-24-7831-2315-7694,05-02-2024,B
UAN-81-1915-5277-5334,05-02-2024,C
UAN-47-2466-6952-4429,05-02-2024,B
UAN-62-2890-3106-6044,05-02-2024,A
UAN-38-8862-1595-2899,05-02-2024,A
UAN-99-1613-9232-2974,05-02-2024,A
UAN-56-3567-7571-4188,05-02-2024,A
UAN-44-3401-3729-9774,05-02-2024,B
UAN-99-6500-9493-8365,05-02-2024,B
UAN-16-4872-7040-4666,05-02-2024,C
UAN-82-1484-7249-6499,05-02-2024,A
UAN-11-8685-9699-4233,05-02-2024,B
UAN-10-6547-5811-5618,05-02-2024,B
UAN-13-3061-3355-7797,05-02-2024,C
UAN-29-6326-9135-8321,05-02-2024,D
UAN-40-2070-9865-1623,05-02-2024,A
UAN-17-4988-8107-5587,05-02-2024,A
UAN-58-1146-2904-8391,05-02-2024,A
UAN-15-1617-6704-7185,05-02-2024,D
UAN-22-9252-3759-3336,05-02-2024,D
UAN-82-1799-2093-4593,05-02-2024,C
UAN-52-2229-3941-9805,05-02-2024,B
UAN-74-4575-5534-8473,05-02-2024,C
UAN-47-2382-5049-6367,05-02-2024,C
UAN-13-4300-7108-8649,05-02-2024,D
UAN-34-5061-5940-3963,05-02-2024,A
UAN-15-5942-9523-2599,05-02-2024,B
UAN-34-4899-3975-5662,05-02-2024,B
UAN-22-4479-1551-3816,05-02-2024,C
UAN-43-5624-4228-8500,05-02-2024,C
UAN-70-3161-2751-4469,05-02-2024,D
UAN-15-8988-9671-4407,05-02-2024,D
UAN-97-9404-3993-1691,05-02-2024,B
UAN-59-4080-1727-1034,05-02-2024,B
UAN-74-9977-6212-4855,05-02-2024,B
UAN-25-7775-7053-9446,05-02-2024,C
UAN-58-4691-4127-5162,05-02-2024,A
UAN-43-2956-8564-4689,05-02-2024,B
UAN-52-5980-1632-8862,05-02-2024,A
UAN-41-7333-9835-7270,05-02-2024,C
UAN-51-7750-1012-3323,05-02-2024,B
UAN-20-9875-4589-5207,05-02-2024,B
UAN-16-3621-5963-5898,05-02-2024,C
UAN-17-7832-6167-2215,05-02-2024,A
UAN-14-7730-2202-5691,05-02-2024,A
UAN-29-5022-3638-9422,05-02-2024,A
UAN-61-2118-7729-3810,05-02-2024,D
UAN-48-6505-9684-9306,05-02-2024,A
UAN-88-8344-6419-3058,05-02-2024,C
UAN-69-8755-1169-5596,05-02-2024,C
UAN-32-7056-7523-1176,05-02-2024,C
UAN-67-8132-7925-5463,05-02-2024,B
UAN-51-5822-9364-5125,05-02-2024,D
UAN-86-9265-8584-6075,05-02-2024,D
UAN-46-2607-1089-4413,05-02-2024,D
UAN-69-2878-3901-7066,05-02-2024,B
UAN-79-9630-7258-4744,05-02-2024,A
UAN-45-9580-8699-5763,05-02-2024,A
UAN-79-4058-6841-8721,05-02-2024,D
UAN-95-3629-6720-4784,05-02-2024,B
UAN-16-7768-5261-1697,05-02-2024,C
UAN-19-8788-5209-4660,05-02-2024,A
UAN-38-9736-4560-2907,05-02-2024,A
UAN-88-1968-3875-9262,05-02-2024,B
UAN-43-3102-8397-8216,05-02-2024,C
UAN-46-1380-6424-7833,05-02-2024,A
UAN-37-8337-3768-6140,05-02-2024,A
UAN-18-8269-1104-6188,05-02-2024,B
UAN-10-8020-2921-2114,05-02-2024,B
UAN-85-9350-8578-1054,05-02-2024,B
UAN-23-4228-8521-1010,05-02-2024,C
UAN-34-5992-2170-3781,05-02-2024,C
UAN-80-9314-1649-6154,05-02-2024,D
UAN-94-3896-9225-1083,05-02-2024,D
UAN-64-4447-8609-7975,05-02-2024,C
UAN-80-3867-4050-2614,05-02-2024,C
UAN-32-5298-6973-6743,05-02-2024,D
UAN-88-9727-8688-7973,05-02-2024,C
UAN-58-4953-7882-7764,05-02-2024,B
UAN-82-7421-2430-3385,05-02-2024,B
UAN-30-7267-5650-7034,05-02-2024,A
UAN-45-8226-3217-7206,05-02-2024,B
UAN-19-6542-5439-2604,05-02-2024,B
UAN-93-3292-5967-3586,05-02-2024,D
UAN-97-2892-7057-9673,05-02-2024,B
UAN-69-9567-9290-6285,05-02-2024,D
UAN-57-6092-5153-1696,05-02-2024,B
UAN-75-1422-6542-6146,05-02-2024,A
UAN-23-5900-8868-7961,05-02-2024,A
UAN-67-2895-2004-3220,05-02-2024,A
UAN-94-8768-2792-9432,05-02-2024,B
UAN-68-2754-5801-8725,05-02-2024,B
UAN-86-5950-7600-8162,05-02-2024,C
UAN-66-4472-3746-2545,05-02-2024,B
UAN-77-2640-1363-8065,12-02-2024,C
UAN-90-6217-9921-2907,12-02-2024,D
UAN-83-7349-3472-7936,12-02-2024,C
UAN-85-4112-3965-6397,12-02-2024,D
UAN-55-2396-3088-2429,12-02-2024,D
UAN-36-4963-7821-7884,12-02-2024,D
UAN-21-4232-5218-7253,12-02-2024,D
UAN-89-2746-6763-3672,12-02-2024,D
UAN-86-1230-1892-1086,12-02-2024,D
UAN-27-4387-6738-2811,12-02-2024,D
UAN-21-9265-4321-1594,12-02-2024,D
UAN-48-3496-4426-1355,12-02-2024,D
UAN-48-9969-4113-2677,12-02-2024,A
UAN-83-8660-5353-2598,12-02-2024,D
UAN-71-3391-4834-2854,12-02-2024,A
UAN-16-6918-6429-4550,12-02-2024,D
UAN-26-5779-5313-9445,12-02-2024,D
UAN-26-6010-8812-6995,12-02-2024,C
UAN-82-1628-1185-5009,12-02-2024,D
UAN-59-1621-9807-5954,12-02-2024,C
UAN-90-7558-2428-2814,12-02-2024,A
UAN-22-1688-6901-4145,12-02-2024,D
UAN-71-4414-1094-1798,12-02-2024,A
UAN-39-2987-8989-5637,12-02-2024,D
UAN-29-9046-6192-5651,12-02-2024,D
UAN-71-5860-2403-4817,12-02-2024,A
UAN-35-7800-1547-6954,12-02-2024,A
UAN-62-2738-7941-6804,12-02-2024,D
UAN-17-3256-5540-4851,12-02-2024,C
UAN-10-7140-7812-4750,12-02-2024,D
UAN-33-5573-3048-3614,12-02-2024,D
UAN-99-2206-8886-3158,12-02-2024,A
UAN-72-4979-6633-5580,12-02-2024,A
UAN-69-6224-4837-3146,12-02-2024,D
UAN-12-9548-4920-3613,12-02-2024,D
UAN-47-5511-3905-9262,12-02-2024,D
UAN-17-4394-6808-6099,12-02-2024,D
UAN-71-4831-4995-7037,12-02-2024,D
UAN-26-1269-6334-3728,12-02-2024,A
UAN-76-3337-7610-1012,12-02-2024,D
UAN-49-4940-1805-6603,12-02-2024,C
UAN-68-8560-9896-2115,12-02-2024,D
UAN-47-5451-5314-8283,12-02-2024,D
UAN-77-1380-5070-5438,12-02-2024,C
UAN-45-4609-9133-4819,12-02-2024,A
UAN-13-3459-1579-8738,12-02-2024,D
UAN-14-7329-6865-6886,12-02-2024,A
UAN-54-6936-2496-9328,12-02-2024,A
UAN-68-6595-2186-8035,12-02-2024,C
UAN-78-1364-5726-7613,12-02-2024,D
UAN-26-4231-2372-4282,12-02-2024,A
UAN-93-1639-9454-1738,12-02-2024,D
UAN-29-1365-1216-3667,12-02-2024,D
UAN-63-9585-7551-1282,12-02-2024,C
UAN-73-2440-9742-5006,12-02-2024,C
UAN-59-8119-5398-8401,12-02-2024,B
UAN-28-9536-5487-9929,12-02-2024,D
UAN-20-9275-1761-4737,12-02-2024,D
UAN-99-3473-5694-9734,12-02-2024,C
UAN-80-8538-5651-3019,12-02-2024,D
UAN-42-5851-9238-5792,12-02-2024,C
UAN-17-1995-4204-5323,12-02-2024,B
UAN-91-9066-5812-5044,12-02-2024,D
UAN-51-8466-1900-4700,12-02-2024,D
UAN-25-2676-1661-7233,12-02-2024,D
UAN-26-9729-5078-9709,12-02-2024,B
UAN-67-9735-7101-8282,12-02-2024,D
UAN-56-3378-9204-6948,12-02-2024,D
UAN-13-5550-7560-6627,12-02-2024,C
UAN-68-4864-3874-7119,12-02-2024,D
UAN-92-8031-8567-1256,12-02-2024,A
UAN-19-7934-9201-3568,12-02-2024,C
UAN-95-9840-7391-1437,12-02-2024,A
UAN-71-7001-5659-2958,12-02-2024,D
UAN-24-9007-1153-6548,12-02-2024,D
UAN-36-9232-9765-9480,12-02-2024,D
UAN-66-7075-6470-5726,12-02-2024,D
UAN-87-4647-4190-4886,12-02-2024,D
UAN-71-8832-1295-6372,12-02-2024,A
UAN-32-9459-3589-3492,12-02-2024,A
UAN-66-5123-7434-5080,12-02-2024,A
UAN-21-9998-1196-2904,12-02-2024,D
UAN-33-2768-8501-8984,12-02-2024,C
UAN-90-2599-6664-4192,12-02-2024,B
UAN-76-1502-7401-9940,12-02-2024,D
UAN-72-7668-7974-4742,12-02-2024,C
UAN-58-2648-8281-8986,12-02-2024,B
UAN-93-9157-3668-4315,12-02-2024,B
UAN-26-8573-6512-1728,12-02-2024,D
UAN-53-6804-8724-6821,12-02-2024,A
UAN-84-1455-5435-7016,12-02-2024,D
UAN-76-9023-1820-1936,12-02-2024,B
UAN-83-9112-3293-1037,12-02-2024,C
UAN-53-3500-9794-9532,12-02-2024,C
UAN-94-7911-2412-1499,12-02-2024,C
UAN-66-5458-2600-8079,12-02-2024,A
UAN-26-2609-2674-1106,12-02-2024,B
UAN-77-8312-9891-3626,12-02-2024,C
UAN-82-4346-3791-1321,12-02-2024,D
UAN-40-5196-4344-8856,12-02-2024,A
UAN-45-6495-6067-6597,12-02-2024,B
UAN-90-5470-2093-5454,12-02-2024,D
UAN-20-5023-2669-6392,12-02-2024,A
UAN-54-5636-9843-4026,12-02-2024,D
UAN-22-2669-7347-6948,12-02-2024,D
UAN-23-2256-9496-1522,12-02-2024,D
UAN-95-1123-4845-3631,12-02-2024,D
UAN-29-9742-4652-9363,12-02-2024,D
UAN-27-6542-9149-1032,12-02-2024,B
UAN-39-3324-7953-1844,12-02-2024,C
UAN-43-6048-4906-2910,12-02-2024,D
UAN-89-9894-9893-6612,12-02-2024,C
UAN-25-3807-7792-5341,12-02-2024,D
UAN-27-7699-7037-7589,12-02-2024,C
UAN-37-4001-7245-3685,12-02-2024,A
UAN-99-5680-3005-5418,12-02-2024,C
UAN-17-1837-1339-6538,12-02-2024,C
UAN-71-5558-9721-7990,12-02-2024,C
UAN-40-3760-1701-2126,12-02-2024,D
UAN-37-1512-9860-3209,12-02-2024,D
UAN-53-2927-5069-5480,12-02-2024,A
UAN-32-3667-7876-6594,12-02-2024,A
UAN-82-7125-2311-2980,12-02-2024,C
UAN-44-4277-5990-6396,12-02-2024,B
UAN-61-6196-3764-4181,12-02-2024,D
UAN-60-6808-5031-5191,12-02-2024,A
UAN-40-2906-1935-9229,12-02-2024,D
UAN-35-5134-6438-5831,12-02-2024,B
UAN-39-2166-1879-8599,12-02-2024,C
UAN-34-5400-6850-2940,12-02-2024,C
UAN-64-5612-8502-8582,12-02-2024,C
UAN-83-1099-3113-2449,12-02-2024,B
UAN-20-5987-3835-6925,12-02-2024,B
UAN-82-7430-9674-5855,12-02-2024,D
UAN-26-4644-7327-8179,12-02-2024,A
UAN-30-1862-9944-7412,12-02-2024,D
UAN-77-1981-3769-1663,12-02-2024,C
UAN-78-6738-4064-3147,12-02-2024,C
UAN-13-2583-6357-3282,12-02-2024,A
UAN-36-7249-3187-7723,12-02-2024,A
UAN-83-3877-9342-5256,12-02-2024,A
UAN-95-8071-8576-8329,12-02-2024,B
UAN-21-2719-1252-7336,12-02-2024,C
UAN-21-8418-4502-8986,12-02-2024,C
UAN-69-6748-8511-4875,12-02-2024,A
UAN-80-5797-8603-4104,12-02-2024,D
UAN-20-1913-1753-6591,12-02-2024,A
UAN-33-6979-9831-3279,12-02-2024,A
UAN-91-8500-8289-9537,12-02-2024,D
UAN-77-2684-6961-3879,12-02-2024,A
UAN-76-1321-5336-5256,12-02-2024,A
UAN-24-7726-2862-8823,12-02-2024,B
UAN-77-5864-6629-8835,12-02-2024,B
UAN-25-5998-6165-6950,12-02-2024,D
UAN-81-9788-6499-1889,12-02-2024,B
UAN-11-2700-7445-8892,12-02-2024,A
UAN-75-5958-1314-4063,12-02-2024,C
UAN-63-9329-4417-7309,12-02-2024,B
UAN-85-9126-8412-3795,12-02-2024,C
UAN-72-6040-5876-8389,12-02-2024,A
UAN-26-4643-9689-6282,12-02-2024,B
UAN-54-1987-5547-7635,12-02-2024,C
UAN-96-6333-7245-1404,12-02-2024,B
UAN-60-8117-7929-8772,12-02-2024,D
UAN-20-7602-3934-5871,12-02-2024,C
UAN-31-7125-8727-2057,12-02-2024,A
UAN-74-5999-8346-6133,12-02-2024,A
UAN-50-6290-1666-2434,12-02-2024,B
UAN-53-5492-8199-8516,12-02-2024,D
UAN-85-2973-6073-4036,12-02-2024,C
UAN-89-4899-1022-7211,12-02-2024,D
UAN-76-8511-7298-3740,12-02-2024,B
UAN-28-6604-7654-9546,12-02-2024,A
UAN-94-8461-5366-9651,12-02-2024,B
UAN-83-3775-9974-6275,12-02-2024,D
UAN-10-4276-2010-6228,12-02-2024,C
UAN-64-2116-3067-1674,12-02-2024,C
UAN-43-8631-3121-8268,12-02-2024,C
UAN-59-6753-1346-5760,12-02-2024,A
UAN-31-5109-9416-5088,12-02-2024,B
UAN-67-2886-9417-5363,12-02-2024,B
UAN-16-5560-9189-6749,12-02-2024,D
UAN-22-5947-6172-5000,12-02-2024,A
UAN-93-6777-3439-5887,12-02-2024,D
UAN-86-7793-4934-6349,12-02-2024,D
UAN-26-2438-2387-9170,12-02-2024,A
UAN-59-7487-4851-1905,12-02-2024,B
UAN-88-9828-2159-3406,12-02-2024,C
UAN-72-4061-2308-3601,12-02-2024,C
UAN-42-4619-6601-6408,12-02-2024,B
UAN-32-8919-3727-2053,12-02-2024,C
UAN-44-9481-2654-9452,12-02-2024,B
UAN-31-1572-1323-3492,12-02-2024,A
UAN-18-1660-7607-3971,12-02-2024,B
UAN-67-5227-8577-1307,12-02-2024,B
UAN-37-6771-6236-7161,12-02-2024,B
UAN-86-4465-4777-3713,12-02-2024,A
UAN-88-5974-2046-1311,12-02-2024,A
UAN-44-9980-6047-2819,12-02-2024,B
UAN-95-4208-2014-8395,12-02-2024,A
UAN-34-6323-9581-2367,12-02-2024,B
UAN-49-1499-5584-7603,12-02-2024,A
UAN-30-8357-6432-9198,12-02-2024,A
UAN-53-9040-5914-4655,12-02-2024,B
UAN-90-5109-8274-1285,12-02-2024,D
UAN-87-9261-9046-1608,12-02-2024,C
UAN-78-4854-1032-1196,12-02-2024,A
UAN-31-6835-4327-9739,12-02-2024,B
UAN-76-3364-2196-6398,12-02-2024,C
UAN-75-7671-6836-1676,12-02-2024,C
UAN-99-8126-4230-6414,12-02-2024,A
UAN-99-4180-9572-8985,12-02-2024,C
UAN-43-5079-3646-3077,12-02-2024,B
UAN-61-2400-3376-3339,12-02-2024,B
UAN-75-9920-4026-7185,12-02-2024,B
UAN-86-3686-5049-4800,12-02-2024,A
UAN-60-3934-5542-7702,12-02-2024,C
UAN-44-6135-4805-5605,12-02-2024,B
UAN-91-4448-5403-1398,12-02-2024,D
UAN-73-4708-8668-8628,12-02-2024,A
UAN-38-2335-9611-1121,12-02-2024,A
UAN-57-8070-7613-1909,12-02-2024,A
UAN-44-1595-1805-3262,12-02-2024,B
UAN-14-1015-6502-4755,12-02-2024,B
UAN-36-6417-3646-4360,12-02-2024,A
UAN-85-4302-3011-7837,12-02-2024,A
UAN-62-2024-2715-9869,12-02-2024,A
UAN-30-2042-5833-8155,12-02-2024,D
UAN-76-4113-3235-5227,12-02-2024,B
UAN-49-5386-8233-5206,12-02-2024,A
UAN-88-6469-9036-6851,12-02-2024,A
UAN-55-4332-3345-5245,12-02-2024,B
UAN-59-9828-6083-7369,12-02-2024,B
UAN-19-2315-5565-2950,12-02-2024,B
UAN-19-6432-7615-2711,12-02-2024,A
UAN-22-5261-6367-8576,12-02-2024,A
UAN-19-9114-9868-9592,12-02-2024,A
UAN-29-7614-1219-4858,12-02-2024,B
UAN-10-6718-8442-3547,12-02-2024,B
UAN-84-9271-8904-1121,12-02-2024,C
UAN-91-9774-7544-4734,12-02-2024,A
UAN-62-3757-5533-8291,12-02-2024,A
UAN-40-3700-8975-8328,12-02-2024,C
UAN-75-6658-1837-7096,12-02-2024,A
UAN-69-6600-9402-1991,12-02-2024,C
UAN-75-5175-3095-2616,12-02-2024,C
UAN-47-4226-2988-5451,12-02-2024,B
UAN-82-8962-1833-2315,12-02-2024,B
UAN-39-6581-1385-9779,12-02-2024,A
UAN-86-1316-3182-3102,12-02-2024,B
UAN-63-5279-6760-1948,12-02-2024,A
UAN-15-6684-1843-4043,12-02-2024,C
UAN-91-6818-7429-8016,12-02-2024,B
UAN-92-8079-7829-1460,12-02-2024,A
UAN-93-7256-8339-9462,12-02-2024,A
UAN-15-6041-2781-6418,12-02-2024,B
UAN-16-4482-2603-7750,12-02-2024,A
UAN-16-6414-6037-8077,12-02-2024,D
UAN-73-2483-4676-5279,12-02-2024,D
UAN-16-7804-3515-9206,12-02-2024,C
UAN-88-9797-8716-1961,12-02-2024,B
UAN-14-4462-9028-3672,12-02-2024,A
UAN-28-1735-4310-3302,12-02-2024,C
UAN-39-2551-6100-2942,12-02-2024,C
UAN-55-1348-9324-9910,12-02-2024,B
UAN-97-6465-3300-6600,12-02-2024,B
UAN-55-9457-8502-3009,12-02-2024,C
UAN-87-2033-2074-2058,12-02-2024,C
UAN-18-3746-6095-1214,12-02-2024,A
UAN-13-9455-6586-6436,12-02-2024,B
UAN-47-7351-8165-6845,12-02-2024,B
UAN-80-5009-4335-5100,12-02-2024,C
UAN-75-6915-8928-2630,12-02-2024,B
UAN-85-7406-5446-8105,12-02-2024,B
UAN-16-4209-5506-9159,12-02-2024,C
UAN-13-2239-6681-5708,12-02-2024,A
UAN-41-3326-6509-5579,12-02-2024,A
UAN-15-2521-5112-5365,12-02-2024,B
UAN-10-2033-2118-9585,12-02-2024,B
UAN-44-8014-3404-1919,12-02-2024,C
UAN-83-9202-6749-6844,12-02-2024,B
UAN-46-5014-9165-3640,12-02-2024,C
UAN-41-7753-1486-7826,12-02-2024,A
UAN-28-6180-9079-6426,12-02-2024,B
UAN-12-8521-8512-7159,12-02-2024,A
UAN-60-8327-5663-4874,12-02-2024,B
UAN-85-7377-8689-9316,12-02-2024,B
UAN-37-2268-5463-1782,12-02-2024,B
UAN-79-4070-6532-2454,12-02-2024,D
UAN-24-5271-2109-5451,12-02-2024,B
UAN-19-5297-6353-5050,12-02-2024,D
UAN-45-9001-7801-8730,12-02-2024,C
UAN-87-4634-5063-8818,12-02-2024,B
UAN-75-4139-7446-7687,12-02-2024,C
UAN-34-5373-2619-9934,12-02-2024,B
UAN-20-1555-3163-5853,12-02-2024,A
UAN-78-3047-2262-3071,12-02-2024,C
UAN-29-6417-1894-3945,12-02-2024,B
UAN-29-4822-8935-8605,12-02-2024,A
UAN-47-6834-7745-4886,12-02-2024,A
UAN-31-6826-1871-7520,12-02-2024,A
UAN-54-8757-2544-7734,12-02-2024,C
UAN-70-3340-7756-3915,12-02-2024,D
UAN-14-6573-4718-6955,12-02-2024,D
UAN-71-5370-6487-7772,12-02-2024,A
UAN-11-4118-4049-5677,12-02-2024,D
UAN-92-9959-7368-3780,12-02-2024,C
UAN-94-2240-3139-8297,12-02-2024,A
UAN-45-3942-2789-4617,12-02-2024,C
UAN-59-4927-4748-6169,12-02-2024,D
UAN-40-1862-8218-4480,12-02-2024,C
UAN-79-2111-8430-2288,12-02-2024,C
UAN-98-6218-5384-6149,12-02-2024,C
UAN-27-7264-5239-1887,12-02-2024,B
UAN-74-4696-7598-4562,12-02-2024,D
UAN-34-1322-5323-2045,12-02-2024,C
UAN-24-7831-2315-7694,12-02-2024,B
UAN-81-1915-5277-5334,12-02-2024,C
UAN-47-2466-6952-4429,12-02-2024,B
UAN-62-2890-3106-6044,12-02-2024,A
UAN-38-8862-1595-2899,12-02-2024,A
UAN-99-1613-9232-2974,12-02-2024,A
UAN-56-3567-7571-4188,12-02-2024,A
UAN-44-3401-3729-9774,12-02-2024,C
UAN-99-6500-9493-8365,12-02-2024,B
UAN-16-4872-7040-4666,12-02-2024,C
UAN-82-1484-7249-6499,12-02-2024,B
UAN-11-8685-9699-4233,12-02-2024,C
UAN-10-6547-5811-5618,12-02-2024,B
UAN-13-3061-3355-7797,12-02-2024,C
UAN-29-6326-9135-8321,12-02-2024,C
UAN-40-2070-9865-1623,12-02-2024,A
UAN-17-4988-8107-5587,12-02-2024,A
UAN-58-1146-2904-8391,12-02-2024,A
UAN-15-1617-6704-7185,12-02-2024,D
UAN-22-9252-3759-3336,12-02-2024,D
UAN-82-1799-2093-4593,12-02-2024,C
UAN-52-2229-3941-9805,12-02-2024,B
UAN-74-4575-5534-8473,12-02-2024,B
UAN-47-2382-5049-6367,12-02-2024,B
UAN-13-4300-7108-8649,12-02-2024,D
UAN-34-5061-5940-3963,12-02-2024,A
UAN-15-5942-9523-2599,12-02-2024,C
UAN-34-4899-3975-5662,12-02-2024,C
UAN-22-4479-1551-3816,12-02-2024,D
UAN-43-5624-4228-8500,12-02-2024,C
UAN-70-3161-2751-4469,12-02-2024,C
UAN-15-8988-9671-4407,12-02-2024,C
UAN-97-9404-3993-1691,12-02-2024,B
UAN-59-4080-1727-1034,12-02-2024,D
UAN-74-9977-6212-4855,12-02-2024,B
UAN-25-7775-7053-9446,12-02-2024,C
UAN-58-4691-4127-5162,12-02-2024,B
UAN-43-2956-8564-4689,12-02-2024,D
UAN-52-5980-1632-8862,12-02-2024,A
UAN-41-7333-9835-7270,12-02-2024,C
UAN-51-7750-1012-3323,12-02-2024,C
UAN-20-9875-4589-5207,12-02-2024,C
UAN-16-3621-5963-5898,12-02-2024,C
UAN-17-7832-6167-2215,12-02-2024,B
UAN-14-7730-2202-5691,12-02-2024,A
UAN-29-5022-3638-9422,12-02-2024,A
UAN-61-2118-7729-3810,12-02-2024,B
UAN-48-6505-9684-9306,12-02-2024,C
UAN-88-8344-6419-3058,12-02-2024,D
UAN-69-8755-1169-5596,12-02-2024,C
UAN-32-7056-7523-1176,12-02-2024,B
UAN-67-8132-7925-5463,12-02-2024,D
UAN-51-5822-9364-5125,12-02-2024,D
UAN-86-9265-8584-6075,12-02-2024,D
UAN-46-2607-1089-4413,12-02-2024,B
UAN-69-2878-3901-7066,12-02-2024,C
UAN-79-9630-7258-4744,12-02-2024,A
UAN-45-9580-8699-5763,12-02-2024,A
UAN-79-4058-6841-8721,12-02-2024,D
UAN-95-3629-6720-4784,12-02-2024,C
UAN-16-7768-5261-1697,12-02-2024,D
UAN-19-8788-5209-4660,12-02-2024,A
UAN-38-9736-4560-2907,12-02-2024,A
UAN-88-1968-3875-9262,12-02-2024,D
UAN-43-3102-8397-8216,12-02-2024,D
UAN-46-1380-6424-7833,12-02-2024,A
UAN-37-8337-3768-6140,12-02-2024,A
UAN-18-8269-1104-6188,12-02-2024,B
UAN-10-8020-2921-2114,12-02-2024,B
UAN-85-9350-8578-1054,12-02-2024,C
UAN-23-4228-8521-1010,12-02-2024,C
UAN-34-5992-2170-3781,12-02-2024,A
UAN-80-9314-1649-6154,12-02-2024,B
UAN-94-3896-9225-1083,12-02-2024,D
UAN-64-4447-8609-7975,12-02-2024,B
UAN-80-3867-4050-2614,12-02-2024,B
UAN-32-5298-6973-6743,12-02-2024,C
UAN-88-9727-8688-7973,12-02-2024,B
UAN-58-4953-7882-7764,12-02-2024,B
UAN-82-7421-2430-3385,12-02-2024,C
UAN-30-7267-5650-7034,12-02-2024,A
UAN-45-8226-3217-7206,12-02-2024,B
UAN-19-6542-5439-2604,12-02-2024,C
UAN-93-3292-5967-3586,12-02-2024,D
UAN-97-2892-7057-9673,12-02-2024,B
UAN-69-9567-9290-6285,12-02-2024,C
UAN-57-6092-5153-1696,12-02-2024,B
UAN-75-1422-6542-6146,12-02-2024,B
UAN-23-5900-8868-7961,12-02-2024,A
UAN-67-2895-2004-3220,12-02-2024,B
UAN-94-8768-2792-9432,12-02-2024,C
UAN-68-2754-5801-8725,12-02-2024,B
UAN-86-5950-7600-8162,12-02-2024,B
UAN-66-4472-3746-2545,12-02-2024,B
UAN-77-2640-1363-8065,19-02-2024,D
UAN-90-6217-9921-2907,19-02-2024,C
UAN-83-7349-3472-7936,19-02-2024,D
UAN-85-4112-3965-6397,19-02-2024,C
UAN-55-2396-3088-2429,19-02-2024,C
UAN-36-4963-7821-7884,19-02-2024,D
UAN-21-4232-5218-7253,19-02-2024,D
UAN-89-2746-6763-3672,19-02-2024,D
UAN-86-1230-1892-1086,19-02-2024,D
UAN-27-4387-6738-2811,19-02-2024,D
UAN-21-9265-4321-1594,19-02-2024,D
UAN-48-3496-4426-1355,19-02-2024,C
UAN-48-9969-4113-2677,19-02-2024,A
UAN-83-8660-5353-2598,19-02-2024,D
UAN-71-3391-4834-2854,19-02-2024,A
UAN-16-6918-6429-4550,19-02-2024,B
UAN-26-5779-5313-9445,19-02-2024,B
UAN-26-6010-8812-6995,19-02-2024,D
UAN-82-1628-1185-5009,19-02-2024,C
UAN-59-1621-9807-5954,19-02-2024,C
UAN-90-7558-2428-2814,19-02-2024,A
UAN-22-1688-6901-4145,19-02-2024,D
UAN-71-4414-1094-1798,19-02-2024,A
UAN-39-2987-8989-5637,19-02-2024,D
UAN-29-9046-6192-5651,19-02-2024,B
UAN-71-5860-2403-4817,19-02-2024,A
UAN-35-7800-1547-6954,19-02-2024,A
UAN-62-2738-7941-6804,19-02-2024,C
UAN-17-3256-5540-4851,19-02-2024,D
UAN-10-7140-7812-4750,19-02-2024,D
UAN-33-5573-3048-3614,19-02-2024,C
UAN-99-2206-8886-3158,19-02-2024,A
UAN-72-4979-6633-5580,19-02-2024,A
UAN-69-6224-4837-3146,19-02-2024,D
UAN-12-9548-4920-3613,19-02-2024,B
UAN-47-5511-3905-9262,19-02-2024,D
UAN-17-4394-6808-6099,19-02-2024,B
UAN-71-4831-4995-7037,19-02-2024,D
UAN-26-1269-6334-3728,19-02-2024,A
UAN-76-3337-7610-1012,19-02-2024,D
UAN-49-4940-1805-6603,19-02-2024,D
UAN-68-8560-9896-2115,19-02-2024,D
UAN-47-5451-5314-8283,19-02-2024,D
UAN-77-1380-5070-5438,19-02-2024,D
UAN-45-4609-9133-4819,19-02-2024,A
UAN-13-3459-1579-8738,19-02-2024,D
UAN-14-7329-6865-6886,19-02-2024,A
UAN-54-6936-2496-9328,19-02-2024,A
UAN-68-6595-2186-8035,19-02-2024,A
UAN-78-1364-5726-7613,19-02-2024,D
UAN-26-4231-2372-4282,19-02-2024,A
UAN-93-1639-9454-1738,19-02-2024,D
UAN-29-1365-1216-3667,19-02-2024,D
UAN-63-9585-7551-1282,19-02-2024,D
UAN-73-2440-9742-5006,19-02-2024,D
UAN-59-8119-5398-8401,19-02-2024,D
UAN-28-9536-5487-9929,19-02-2024,D
UAN-20-9275-1761-4737,19-02-2024,D
UAN-99-3473-5694-9734,19-02-2024,C
UAN-80-8538-5651-3019,19-02-2024,D
UAN-42-5851-9238-5792,19-02-2024,D
UAN-17-1995-4204-5323,19-02-2024,D
UAN-91-9066-5812-5044,19-02-2024,D
UAN-51-8466-1900-4700,19-02-2024,C
UAN-25-2676-1661-7233,19-02-2024,D
UAN-26-9729-5078-9709,19-02-2024,D
UAN-67-9735-7101-8282,19-02-2024,D
UAN-56-3378-9204-6948,19-02-2024,D
UAN-13-5550-7560-6627,19-02-2024,D
UAN-68-4864-3874-7119,19-02-2024,D
UAN-92-8031-8567-1256,19-02-2024,A
UAN-19-7934-9201-3568,19-02-2024,D
UAN-95-9840-7391-1437,19-02-2024,C
UAN-71-7001-5659-2958,19-02-2024,D
UAN-24-9007-1153-6548,19-02-2024,D
UAN-36-9232-9765-9480,19-02-2024,C
UAN-66-7075-6470-5726,19-02-2024,D
UAN-87-4647-4190-4886,19-02-2024,D
UAN-71-8832-1295-6372,19-02-2024,A
UAN-32-9459-3589-3492,19-02-2024,A
UAN-66-5123-7434-5080,19-02-2024,B
UAN-21-9998-1196-2904,19-02-2024,C
UAN-33-2768-8501-8984,19-02-2024,A
UAN-90-2599-6664-4192,19-02-2024,D
UAN-76-1502-7401-9940,19-02-2024,B
UAN-72-7668-7974-4742,19-02-2024,D
UAN-58-2648-8281-8986,19-02-2024,B
UAN-93-9157-3668-4315,19-02-2024,B
UAN-26-8573-6512-1728,19-02-2024,D
UAN-53-6804-8724-6821,19-02-2024,A
UAN-84-1455-5435-7016,19-02-2024,D
UAN-76-9023-1820-1936,19-02-2024,B
UAN-83-9112-3293-1037,19-02-2024,D
UAN-53-3500-9794-9532,19-02-2024,D
UAN-94-7911-2412-1499,19-02-2024,B
UAN-66-5458-2600-8079,19-02-2024,A
UAN-26-2609-2674-1106,19-02-2024,C
UAN-77-8312-9891-3626,19-02-2024,D
UAN-82-4346-3791-1321,19-02-2024,D
UAN-40-5196-4344-8856,19-02-2024,A
UAN-45-6495-6067-6597,19-02-2024,C
UAN-90-5470-2093-5454,19-02-2024,C
UAN-20-5023-2669-6392,19-02-2024,A
UAN-54-5636-9843-4026,19-02-2024,D
UAN-22-2669-7347-6948,19-02-2024,D
UAN-23-2256-9496-1522,19-02-2024,D
UAN-95-1123-4845-3631,19-02-2024,D
UAN-29-9742-4652-9363,19-02-2024,D
UAN-27-6542-9149-1032,19-02-2024,B
UAN-39-3324-7953-1844,19-02-2024,D
UAN-43-6048-4906-2910,19-02-2024,C
UAN-89-9894-9893-6612,19-02-2024,D
UAN-25-3807-7792-5341,19-02-2024,D
UAN-27-7699-7037-7589,19-02-2024,C
UAN-37-4001-7245-3685,19-02-2024,A
UAN-99-5680-3005-5418,19-02-2024,D
UAN-17-1837-1339-6538,19-02-2024,D
UAN-71-5558-9721-7990,19-02-2024,B
UAN-40-3760-1701-2126,19-02-2024,D
UAN-37-1512-9860-3209,19-02-2024,C
UAN-53-2927-5069-5480,19-02-2024,A
UAN-32-3667-7876-6594,19-02-2024,A
UAN-82-7125-2311-2980,19-02-2024,C
UAN-44-4277-5990-6396,19-02-2024,C
UAN-61-6196-3764-4181,19-02-2024,D
UAN-60-6808-5031-5191,19-02-2024,A
UAN-40-2906-1935-9229,19-02-2024,B
UAN-35-5134-6438-5831,19-02-2024,C
UAN-39-2166-1879-8599,19-02-2024,D
UAN-34-5400-6850-2940,19-02-2024,D
UAN-64-5612-8502-8582,19-02-2024,D
UAN-83-1099-3113-2449,19-02-2024,B
UAN-20-5987-3835-6925,19-02-2024,C
UAN-82-7430-9674-5855,19-02-2024,D
UAN-26-4644-7327-8179,19-02-2024,C
UAN-30-1862-9944-7412,19-02-2024,C
UAN-77-1981-3769-1663,19-02-2024,C
UAN-78-6738-4064-3147,19-02-2024,D
UAN-13-2583-6357-3282,19-02-2024,A
UAN-36-7249-3187-7723,19-02-2024,A
UAN-83-3877-9342-5256,19-02-2024,A
UAN-95-8071-8576-8329,19-02-2024,B
UAN-21-2719-1252-7336,19-02-2024,C
UAN-21-8418-4502-8986,19-02-2024,B
UAN-69-6748-8511-4875,19-02-2024,C
UAN-80-5797-8603-4104,19-02-2024,C
UAN-20-1913-1753-6591,19-02-2024,A
UAN-33-6979-9831-3279,19-02-2024,A
UAN-91-8500-8289-9537,19-02-2024,D
UAN-77-2684-6961-3879,19-02-2024,A
UAN-76-1321-5336-5256,19-02-2024,A
UAN-24-7726-2862-8823,19-02-2024,B
UAN-77-5864-6629-8835,19-02-2024,B
UAN-25-5998-6165-6950,19-02-2024,D
UAN-81-9788-6499-1889,19-02-2024,C
UAN-11-2700-7445-8892,19-02-2024,B
UAN-75-5958-1314-4063,19-02-2024,D
UAN-63-9329-4417-7309,19-02-2024,C
UAN-85-9126-8412-3795,19-02-2024,B
UAN-72-6040-5876-8389,19-02-2024,B
UAN-26-4643-9689-6282,19-02-2024,D
UAN-54-1987-5547-7635,19-02-2024,B
UAN-96-6333-7245-1404,19-02-2024,B
UAN-60-8117-7929-8772,19-02-2024,B
UAN-20-7602-3934-5871,19-02-2024,C
UAN-31-7125-8727-2057,19-02-2024,A
UAN-74-5999-8346-6133,19-02-2024,A
UAN-50-6290-1666-2434,19-02-2024,B
UAN-53-5492-8199-8516,19-02-2024,B
UAN-85-2973-6073-4036,19-02-2024,D
UAN-89-4899-1022-7211,19-02-2024,D
UAN-76-8511-7298-3740,19-02-2024,B
UAN-28-6604-7654-9546,19-02-2024,A
UAN-94-8461-5366-9651,19-02-2024,C
UAN-83-3775-9974-6275,19-02-2024,B
UAN-10-4276-2010-6228,19-02-2024,B
UAN-64-2116-3067-1674,19-02-2024,B
UAN-43-8631-3121-8268,19-02-2024,C
UAN-59-6753-1346-5760,19-02-2024,A
UAN-31-5109-9416-5088,19-02-2024,A
UAN-67-2886-9417-5363,19-02-2024,B
UAN-16-5560-9189-6749,19-02-2024,D
UAN-22-5947-6172-5000,19-02-2024,B
UAN-93-6777-3439-5887,19-02-2024,C
UAN-86-7793-4934-6349,19-02-2024,B
UAN-26-2438-2387-9170,19-02-2024,A
UAN-59-7487-4851-1905,19-02-2024,A
UAN-88-9828-2159-3406,19-02-2024,B
UAN-72-4061-2308-3601,19-02-2024,D
UAN-42-4619-6601-6408,19-02-2024,B
UAN-32-8919-3727-2053,19-02-2024,B
UAN-44-9481-2654-9452,19-02-2024,B
UAN-31-1572-1323-3492,19-02-2024,A
UAN-18-1660-7607-3971,19-02-2024,B
UAN-67-5227-8577-1307,19-02-2024,B
UAN-37-6771-6236-7161,19-02-2024,C
UAN-86-4465-4777-3713,19-02-2024,A
UAN-88-5974-2046-1311,19-02-2024,A
UAN-44-9980-6047-2819,19-02-2024,C
UAN-95-4208-2014-8395,19-02-2024,A
UAN-34-6323-9581-2367,19-02-2024,C
UAN-49-1499-5584-7603,19-02-2024,A
UAN-30-8357-6432-9198,19-02-2024,D
UAN-53-9040-5914-4655,19-02-2024,C
UAN-90-5109-8274-1285,19-02-2024,C
UAN-87-9261-9046-1608,19-02-2024,C
UAN-78-4854-1032-1196,19-02-2024,A
UAN-31-6835-4327-9739,19-02-2024,A
UAN-76-3364-2196-6398,19-02-2024,B
UAN-75-7671-6836-1676,19-02-2024,B
UAN-99-8126-4230-6414,19-02-2024,C
UAN-99-4180-9572-8985,19-02-2024,A
UAN-43-5079-3646-3077,19-02-2024,C
UAN-61-2400-3376-3339,19-02-2024,B
UAN-75-9920-4026-7185,19-02-2024,B
UAN-86-3686-5049-4800,19-02-2024,A
UAN-60-3934-5542-7702,19-02-2024,C
UAN-44-6135-4805-5605,19-02-2024,C
UAN-91-4448-5403-1398,19-02-2024,D
UAN-73-4708-8668-8628,19-02-2024,B
UAN-38-2335-9611-1121,19-02-2024,B
UAN-57-8070-7613-1909,19-02-2024,A
UAN-44-1595-1805-3262,19-02-2024,B
UAN-14-1015-6502-4755,19-02-2024,C
UAN-36-6417-3646-4360,19-02-2024,A
UAN-85-4302-3011-7837,19-02-2024,A
UAN-62-2024-2715-9869,19-02-2024,A
UAN-30-2042-5833-8155,19-02-2024,D
UAN-76-4113-3235-5227,19-02-2024,C
UAN-49-5386-8233-5206,19-02-2024,A
UAN-88-6469-9036-6851,19-02-2024,A
UAN-55-4332-3345-5245,19-02-2024,D
UAN-59-9828-6083-7369,19-02-2024,B
UAN-19-2315-5565-2950,19-02-2024,A
UAN-19-6432-7615-2711,19-02-2024,A
UAN-22-5261-6367-8576,19-02-2024,B
UAN-19-9114-9868-9592,19-02-2024,A
UAN-29-7614-1219-4858,19-02-2024,B
UAN-10-6718-8442-3547,19-02-2024,B
UAN-84-9271-8904-1121,19-02-2024,B
UAN-91-9774-7544-4734,19-02-2024,B
UAN-62-3757-5533-8291,19-02-2024,A
UAN-40-3700-8975-8328,19-02-2024,B
UAN-75-6658-1837-7096,19-02-2024,C
UAN-69-6600-9402-1991,19-02-2024,B
UAN-75-5175-3095-2616,19-02-2024,C
UAN-47-4226-2988-5451,19-02-2024,C
UAN-82-8962-1833-2315,19-02-2024,C
UAN-39-6581-1385-9779,19-02-2024,A
UAN-86-1316-3182-3102,19-02-2024,B
UAN-63-5279-6760-1948,19-02-2024,A
UAN-15-6684-1843-4043,19-02-2024,C
UAN-91-6818-7429-8016,19-02-2024,A
UAN-92-8079-7829-1460,19-02-2024,A
UAN-93-7256-8339-9462,19-02-2024,A
UAN-15-6041-2781-6418,19-02-2024,B
UAN-16-4482-2603-7750,19-02-2024,B
UAN-16-6414-6037-8077,19-02-2024,D
UAN-73-2483-4676-5279,19-02-2024,C
UAN-16-7804-3515-9206,19-02-2024,B
UAN-88-9797-8716-1961,19-02-2024,C
UAN-14-4462-9028-3672,19-02-2024,A
UAN-28-1735-4310-3302,19-02-2024,C
UAN-39-2551-6100-2942,19-02-2024,A
UAN-55-1348-9324-9910,19-02-2024,D
UAN-97-6465-3300-6600,19-02-2024,C
UAN-55-9457-8502-3009,19-02-2024,B
UAN-87-2033-2074-2058,19-02-2024,B
UAN-18-3746-6095-1214,19-02-2024,A
UAN-13-9455-6586-6436,19-02-2024,C
UAN-47-7351-8165-6845,19-02-2024,C
UAN-80-5009-4335-5100,19-02-2024,C
UAN-75-6915-8928-2630,19-02-2024,C
UAN-85-7406-5446-8105,19-02-2024,B
UAN-16-4209-5506-9159,19-02-2024,B
UAN-13-2239-6681-5708,19-02-2024,A
UAN-41-3326-6509-5579,19-02-2024,B
UAN-15-2521-5112-5365,19-02-2024,B
UAN-10-2033-2118-9585,19-02-2024,B
UAN-44-8014-3404-1919,19-02-2024,C
UAN-83-9202-6749-6844,19-02-2024,C
UAN-46-5014-9165-3640,19-02-2024,B
UAN-41-7753-1486-7826,19-02-2024,A
UAN-28-6180-9079-6426,19-02-2024,C
UAN-12-8521-8512-7159,19-02-2024,A
UAN-60-8327-5663-4874,19-02-2024,B
UAN-85-7377-8689-9316,19-02-2024,A
UAN-37-2268-5463-1782,19-02-2024,B
UAN-79-4070-6532-2454,19-02-2024,B
UAN-24-5271-2109-5451,19-02-2024,B
UAN-19-5297-6353-5050,19-02-2024,D
UAN-45-9001-7801-8730,19-02-2024,B
UAN-87-4634-5063-8818,19-02-2024,A
UAN-75-4139-7446-7687,19-02-2024,A
UAN-34-5373-2619-9934,19-02-2024,B
UAN-20-1555-3163-5853,19-02-2024,A
UAN-78-3047-2262-3071,19-02-2024,C
UAN-29-6417-1894-3945,19-02-2024,B
UAN-29-4822-8935-8605,19-02-2024,A
UAN-47-6834-7745-4886,19-02-2024,A
UAN-31-6826-1871-7520,19-02-2024,A
UAN-54-8757-2544-7734,19-02-2024,C
UAN-70-3340-7756-3915,19-02-2024,B
UAN-14-6573-4718-6955,19-02-2024,A
UAN-71-5370-6487-7772,19-02-2024,B
UAN-11-4118-4049-5677,19-02-2024,D
UAN-92-9959-7368-3780,19-02-2024,C
UAN-94-2240-3139-8297,19-02-2024,A
UAN-45-3942-2789-4617,19-02-2024,B
UAN-59-4927-4748-6169,19-02-2024,C
UAN-40-1862-8218-4480,19-02-2024,C
UAN-79-2111-8430-2288,19-02-2024,B
UAN-98-6218-5384-6149,19-02-2024,C
UAN-27-7264-5239-1887,19-02-2024,B
UAN-74-4696-7598-4562,19-02-2024,C
UAN-34-1322-5323-2045,19-02-2024,B
UAN-24-7831-2315-7694,19-02-2024,D
UAN-81-1915-5277-5334,19-02-2024,C
UAN-47-2466-6952-4429,19-02-2024,B
UAN-62-2890-3106-6044,19-02-2024,A
UAN-38-8862-1595-2899,19-02-2024,C
UAN-99-1613-9232-2974,19-02-2024,A
UAN-56-3567-7571-4188,19-02-2024,A
UAN-44-3401-3729-9774,19-02-2024,B
UAN-99-6500-9493-8365,19-02-2024,C
UAN-16-4872-7040-4666,19-02-2024,A
UAN-82-1484-7249-6499,19-02-2024,B
UAN-11-8685-9699-4233,19-02-2024,B
UAN-10-6547-5811-5618,19-02-2024,B
UAN-13-3061-3355-7797,19-02-2024,B
UAN-29-6326-9135-8321,19-02-2024,B
UAN-40-2070-9865-1623,19-02-2024,A
UAN-17-4988-8107-5587,19-02-2024,A
UAN-58-1146-2904-8391,19-02-2024,A
UAN-15-1617-6704-7185,19-02-2024,D
UAN-22-9252-3759-3336,19-02-2024,D
UAN-82-1799-2093-4593,19-02-2024,B
UAN-52-2229-3941-9805,19-02-2024,C
UAN-74-4575-5534-8473,19-02-2024,D
UAN-47-2382-5049-6367,19-02-2024,C
UAN-13-4300-7108-8649,19-02-2024,C
UAN-34-5061-5940-3963,19-02-2024,A
UAN-15-5942-9523-2599,19-02-2024,C
UAN-34-4899-3975-5662,19-02-2024,B
UAN-22-4479-1551-3816,19-02-2024,D
UAN-43-5624-4228-8500,19-02-2024,B
UAN-70-3161-2751-4469,19-02-2024,B
UAN-15-8988-9671-4407,19-02-2024,D
UAN-97-9404-3993-1691,19-02-2024,C
UAN-59-4080-1727-1034,19-02-2024,D
UAN-74-9977-6212-4855,19-02-2024,C
UAN-25-7775-7053-9446,19-02-2024,C
UAN-58-4691-4127-5162,19-02-2024,B
UAN-43-2956-8564-4689,19-02-2024,D
UAN-52-5980-1632-8862,19-02-2024,A
UAN-41-7333-9835-7270,19-02-2024,C
UAN-51-7750-1012-3323,19-02-2024,B
UAN-20-9875-4589-5207,19-02-2024,C
UAN-16-3621-5963-5898,19-02-2024,B
UAN-17-7832-6167-2215,19-02-2024,A
UAN-14-7730-2202-5691,19-02-2024,A
UAN-29-5022-3638-9422,19-02-2024,A
UAN-61-2118-7729-3810,19-02-2024,A
UAN-48-6505-9684-9306,19-02-2024,C
UAN-88-8344-6419-3058,19-02-2024,D
UAN-69-8755-1169-5596,19-02-2024,C
UAN-32-7056-7523-1176,19-02-2024,C
UAN-67-8132-7925-5463,19-02-2024,C
UAN-51-5822-9364-5125,19-02-2024,D
UAN-86-9265-8584-6075,19-02-2024,D
UAN-46-2607-1089-4413,19-02-2024,C
UAN-69-2878-3901-7066,19-02-2024,B
UAN-79-9630-7258-4744,19-02-2024,A
UAN-45-9580-8699-5763,19-02-2024,A
UAN-79-4058-6841-8721,19-02-2024,D
UAN-95-3629-6720-4784,19-02-2024,C
UAN-16-7768-5261-1697,19-02-2024,C
UAN-19-8788-5209-4660,19-02-2024,A
UAN-38-9736-4560-2907,19-02-2024,A
UAN-88-1968-3875-9262,19-02-2024,C
UAN-43-3102-8397-8216,19-02-2024,C
UAN-46-1380-6424-7833,19-02-2024,A
UAN-37-8337-3768-6140,19-02-2024,A
UAN-18-8269-1104-6188,19-02-2024,B
UAN-10-8020-2921-2114,19-02-2024,B
UAN-85-9350-8578-1054,19-02-2024,C
UAN-23-4228-8521-1010,19-02-2024,D
UAN-34-5992-2170-3781,19-02-2024,B
UAN-80-9314-1649-6154,19-02-2024,C
UAN-94-3896-9225-1083,19-02-2024,D
UAN-64-4447-8609-7975,19-02-2024,C
UAN-80-3867-4050-2614,19-02-2024,B
UAN-32-5298-6973-6743,19-02-2024,D
UAN-88-9727-8688-7973,19-02-2024,C
UAN-58-4953-7882-7764,19-02-2024,B
UAN-82-7421-2430-3385,19-02-2024,A
UAN-30-7267-5650-7034,19-02-2024,A
UAN-45-8226-3217-7206,19-02-2024,C
UAN-19-6542-5439-2604,19-02-2024,A
UAN-93-3292-5967-3586,19-02-2024,C
UAN-97-2892-7057-9673,19-02-2024,C
UAN-69-9567-9290-6285,19-02-2024,D
UAN-57-6092-5153-1696,19-02-2024,B
UAN-75-1422-6542-6146,19-02-2024,C
UAN-23-5900-8868-7961,19-02-2024,A
UAN-67-2895-2004-3220,19-02-2024,B
UAN-94-8768-2792-9432,19-02-2024,C
UAN-68-2754-5801-8725,19-02-2024,A
UAN-86-5950-7600-8162,19-02-2024,C
UAN-66-4472-3746-2545,19-02-2024,C
UAN-77-2640-1363-8065,26-02-2024,A
UAN-90-6217-9921-2907,26-02-2024,D
UAN-83-7349-3472-7936,26-02-2024,D
UAN-85-4112-3965-6397,26-02-2024,D
UAN-55-2396-3088-2429,26-02-2024,D
UAN-36-4963-7821-7884,26-02-2024,D
UAN-21-4232-5218-7253,26-02-2024,D
UAN-89-2746-6763-3672,26-02-2024,D
UAN-86-1230-1892-1086,26-02-2024,D
UAN-27-4387-6738-2811,26-02-2024,D
UAN-21-9265-4321-1594,26-02-2024,C
UAN-48-3496-4426-1355,26-02-2024,D
UAN-48-9969-4113-2677,26-02-2024,A
UAN-83-8660-5353-2598,26-02-2024,C
UAN-71-3391-4834-2854,26-02-2024,A
UAN-16-6918-6429-4550,26-02-2024,D
UAN-26-5779-5313-9445,26-02-2024,B
UAN-26-6010-8812-6995,26-02-2024,D
UAN-82-1628-1185-5009,26-02-2024,C
UAN-59-1621-9807-5954,26-02-2024,D
UAN-90-7558-2428-2814,26-02-2024,A
UAN-22-1688-6901-4145,26-02-2024,D
UAN-71-4414-1094-1798,26-02-2024,A
UAN-39-2987-8989-5637,26-02-2024,D
UAN-29-9046-6192-5651,26-02-2024,D
UAN-71-5860-2403-4817,26-02-2024,A
UAN-35-7800-1547-6954,26-02-2024,A
UAN-62-2738-7941-6804,26-02-2024,A
UAN-17-3256-5540-4851,26-02-2024,D
UAN-10-7140-7812-4750,26-02-2024,D
UAN-33-5573-3048-3614,26-02-2024,D
UAN-99-2206-8886-3158,26-02-2024,A
UAN-72-4979-6633-5580,26-02-2024,A
UAN-69-6224-4837-3146,26-02-2024,C
UAN-12-9548-4920-3613,26-02-2024,B
UAN-47-5511-3905-9262,26-02-2024,D
UAN-17-4394-6808-6099,26-02-2024,C
UAN-71-4831-4995-7037,26-02-2024,C
UAN-26-1269-6334-3728,26-02-2024,A
UAN-76-3337-7610-1012,26-02-2024,D
UAN-49-4940-1805-6603,26-02-2024,D
UAN-68-8560-9896-2115,26-02-2024,D
UAN-47-5451-5314-8283,26-02-2024,D
UAN-77-1380-5070-5438,26-02-2024,C
UAN-45-4609-9133-4819,26-02-2024,A
UAN-13-3459-1579-8738,26-02-2024,D
UAN-14-7329-6865-6886,26-02-2024,B
UAN-54-6936-2496-9328,26-02-2024,A
UAN-68-6595-2186-8035,26-02-2024,D
UAN-78-1364-5726-7613,26-02-2024,D
UAN-26-4231-2372-4282,26-02-2024,A
UAN-93-1639-9454-1738,26-02-2024,D
UAN-29-1365-1216-3667,26-02-2024,D
UAN-63-9585-7551-1282,26-02-2024,D
UAN-73-2440-9742-5006,26-02-2024,D
UAN-59-8119-5398-8401,26-02-2024,B
UAN-28-9536-5487-9929,26-02-2024,D
UAN-20-9275-1761-4737,26-02-2024,C
UAN-99-3473-5694-9734,26-02-2024,D
UAN-80-8538-5651-3019,26-02-2024,D
UAN-42-5851-9238-5792,26-02-2024,C
UAN-17-1995-4204-5323,26-02-2024,D
UAN-91-9066-5812-5044,26-02-2024,C
UAN-51-8466-1900-4700,26-02-2024,D
UAN-25-2676-1661-7233,26-02-2024,D
UAN-26-9729-5078-9709,26-02-2024,D
UAN-67-9735-7101-8282,26-02-2024,D
UAN-56-3378-9204-6948,26-02-2024,D
UAN-13-5550-7560-6627,26-02-2024,D
UAN-68-4864-3874-7119,26-02-2024,D
UAN-92-8031-8567-1256,26-02-2024,A
UAN-19-7934-9201-3568,26-02-2024,C
UAN-95-9840-7391-1437,26-02-2024,B
UAN-71-7001-5659-2958,26-02-2024,D
UAN-24-9007-1153-6548,26-02-2024,B
UAN-36-9232-9765-9480,26-02-2024,D
UAN-66-7075-6470-5726,26-02-2024,D
UAN-87-4647-4190-4886,26-02-2024,D
UAN-71-8832-1295-6372,26-02-2024,A
UAN-32-9459-3589-3492,26-02-2024,A
UAN-66-5123-7434-5080,26-02-2024,B
UAN-21-9998-1196-2904,26-02-2024,D
UAN-33-2768-8501-8984,26-02-2024,B
UAN-90-2599-6664-4192,26-02-2024,C
UAN-76-1502-7401-9940,26-02-2024,B
UAN-72-7668-7974-4742,26-02-2024,B
UAN-58-2648-8281-8986,26-02-2024,B
UAN-93-9157-3668-4315,26-02-2024,C
UAN-26-8573-6512-1728,26-02-2024,D
UAN-53-6804-8724-6821,26-02-2024,A
UAN-84-1455-5435-7016,26-02-2024,D
UAN-76-9023-1820-1936,26-02-2024,C
UAN-83-9112-3293-1037,26-02-2024,D
UAN-53-3500-9794-9532,26-02-2024,D
UAN-94-7911-2412-1499,26-02-2024,D
UAN-66-5458-2600-8079,26-02-2024,A
UAN-26-2609-2674-1106,26-02-2024,C
UAN-77-8312-9891-3626,26-02-2024,B
UAN-82-4346-3791-1321,26-02-2024,C
UAN-40-5196-4344-8856,26-02-2024,A
UAN-45-6495-6067-6597,26-02-2024,D
UAN-90-5470-2093-5454,26-02-2024,C
UAN-20-5023-2669-6392,26-02-2024,A
UAN-54-5636-9843-4026,26-02-2024,B
UAN-22-2669-7347-6948,26-02-2024,C
UAN-23-2256-9496-1522,26-02-2024,C
UAN-95-1123-4845-3631,26-02-2024,B
UAN-29-9742-4652-9363,26-02-2024,D
UAN-27-6542-9149-1032,26-02-2024,D
UAN-39-3324-7953-1844,26-02-2024,D
UAN-43-6048-4906-2910,26-02-2024,B
UAN-89-9894-9893-6612,26-02-2024,D
UAN-25-3807-7792-5341,26-02-2024,C
UAN-27-7699-7037-7589,26-02-2024,B
UAN-37-4001-7245-3685,26-02-2024,A
UAN-99-5680-3005-5418,26-02-2024,C
UAN-17-1837-1339-6538,26-02-2024,D
UAN-71-5558-9721-7990,26-02-2024,B
UAN-40-3760-1701-2126,26-02-2024,D
UAN-37-1512-9860-3209,26-02-2024,B
UAN-53-2927-5069-5480,26-02-2024,A
UAN-32-3667-7876-6594,26-02-2024,A
UAN-82-7125-2311-2980,26-02-2024,C
UAN-44-4277-5990-6396,26-02-2024,C
UAN-61-6196-3764-4181,26-02-2024,D
UAN-60-6808-5031-5191,26-02-2024,A
UAN-40-2906-1935-9229,26-02-2024,D
UAN-35-5134-6438-5831,26-02-2024,C
UAN-39-2166-1879-8599,26-02-2024,C
UAN-34-5400-6850-2940,26-02-2024,D
UAN-64-5612-8502-8582,26-02-2024,B
UAN-83-1099-3113-2449,26-02-2024,B
UAN-20-5987-3835-6925,26-02-2024,B
UAN-82-7430-9674-5855,26-02-2024,C
UAN-26-4644-7327-8179,26-02-2024,C
UAN-30-1862-9944-7412,26-02-2024,C
UAN-77-1981-3769-1663,26-02-2024,D
UAN-78-6738-4064-3147,26-02-2024,D
UAN-13-2583-6357-3282,26-02-2024,A
UAN-36-7249-3187-7723,26-02-2024,A
UAN-83-3877-9342-5256,26-02-2024,A
UAN-95-8071-8576-8329,26-02-2024,C
UAN-21-2719-1252-7336,26-02-2024,C
UAN-21-8418-4502-8986,26-02-2024,A
UAN-69-6748-8511-4875,26-02-2024,B
UAN-80-5797-8603-4104,26-02-2024,C
UAN-20-1913-1753-6591,26-02-2024,A
UAN-33-6979-9831-3279,26-02-2024,A
UAN-91-8500-8289-9537,26-02-2024,D
UAN-77-2684-6961-3879,26-02-2024,A
UAN-76-1321-5336-5256,26-02-2024,A
UAN-24-7726-2862-8823,26-02-2024,B
UAN-77-5864-6629-8835,26-02-2024,A
UAN-25-5998-6165-6950,26-02-2024,B
UAN-81-9788-6499-1889,26-02-2024,D
UAN-11-2700-7445-8892,26-02-2024,C
UAN-75-5958-1314-4063,26-02-2024,C
UAN-63-9329-4417-7309,26-02-2024,C
UAN-85-9126-8412-3795,26-02-2024,C
UAN-72-6040-5876-8389,26-02-2024,C
UAN-26-4643-9689-6282,26-02-2024,B
UAN-54-1987-5547-7635,26-02-2024,A
UAN-96-6333-7245-1404,26-02-2024,C
UAN-60-8117-7929-8772,26-02-2024,D
UAN-20-7602-3934-5871,26-02-2024,C
UAN-31-7125-8727-2057,26-02-2024,A
UAN-74-5999-8346-6133,26-02-2024,A
UAN-50-6290-1666-2434,26-02-2024,D
UAN-53-5492-8199-8516,26-02-2024,D
UAN-85-2973-6073-4036,26-02-2024,B
UAN-89-4899-1022-7211,26-02-2024,C
UAN-76-8511-7298-3740,26-02-2024,B
UAN-28-6604-7654-9546,26-02-2024,A
UAN-94-8461-5366-9651,26-02-2024,B
UAN-83-3775-9974-6275,26-02-2024,A
UAN-10-4276-2010-6228,26-02-2024,B
UAN-64-2116-3067-1674,26-02-2024,D
UAN-43-8631-3121-8268,26-02-2024,D
UAN-59-6753-1346-5760,26-02-2024,A
UAN-31-5109-9416-5088,26-02-2024,B
UAN-67-2886-9417-5363,26-02-2024,B
UAN-16-5560-9189-6749,26-02-2024,A
UAN-22-5947-6172-5000,26-02-2024,C
UAN-93-6777-3439-5887,26-02-2024,B
UAN-86-7793-4934-6349,26-02-2024,D
UAN-26-2438-2387-9170,26-02-2024,A
UAN-59-7487-4851-1905,26-02-2024,C
UAN-88-9828-2159-3406,26-02-2024,C
UAN-72-4061-2308-3601,26-02-2024,D
UAN-42-4619-6601-6408,26-02-2024,B
UAN-32-8919-3727-2053,26-02-2024,A
UAN-44-9481-2654-9452,26-02-2024,B
UAN-31-1572-1323-3492,26-02-2024,A
UAN-18-1660-7607-3971,26-02-2024,B
UAN-67-5227-8577-1307,26-02-2024,C
UAN-37-6771-6236-7161,26-02-2024,C
UAN-86-4465-4777-3713,26-02-2024,A
UAN-88-5974-2046-1311,26-02-2024,A
UAN-44-9980-6047-2819,26-02-2024,C
UAN-95-4208-2014-8395,26-02-2024,A
UAN-34-6323-9581-2367,26-02-2024,C
UAN-49-1499-5584-7603,26-02-2024,A
UAN-30-8357-6432-9198,26-02-2024,B
UAN-53-9040-5914-4655,26-02-2024,B
UAN-90-5109-8274-1285,26-02-2024,C
UAN-87-9261-9046-1608,26-02-2024,C
UAN-78-4854-1032-1196,26-02-2024,A
UAN-31-6835-4327-9739,26-02-2024,C
UAN-76-3364-2196-6398,26-02-2024,C
UAN-75-7671-6836-1676,26-02-2024,C
UAN-99-8126-4230-6414,26-02-2024,C
UAN-99-4180-9572-8985,26-02-2024,B
UAN-43-5079-3646-3077,26-02-2024,C
UAN-61-2400-3376-3339,26-02-2024,B
UAN-75-9920-4026-7185,26-02-2024,A
UAN-86-3686-5049-4800,26-02-2024,A
UAN-60-3934-5542-7702,26-02-2024,C
UAN-44-6135-4805-5605,26-02-2024,B
UAN-91-4448-5403-1398,26-02-2024,C
UAN-73-4708-8668-8628,26-02-2024,C
UAN-38-2335-9611-1121,26-02-2024,C
UAN-57-8070-7613-1909,26-02-2024,A
UAN-44-1595-1805-3262,26-02-2024,A
UAN-14-1015-6502-4755,26-02-2024,B
UAN-36-6417-3646-4360,26-02-2024,A
UAN-85-4302-3011-7837,26-02-2024,A
UAN-62-2024-2715-9869,26-02-2024,A
UAN-30-2042-5833-8155,26-02-2024,D
UAN-76-4113-3235-5227,26-02-2024,B
UAN-49-5386-8233-5206,26-02-2024,A
UAN-88-6469-9036-6851,26-02-2024,A
UAN-55-4332-3345-5245,26-02-2024,D
UAN-59-9828-6083-7369,26-02-2024,B
UAN-19-2315-5565-2950,26-02-2024,B
UAN-19-6432-7615-2711,26-02-2024,A
UAN-22-5261-6367-8576,26-02-2024,B
UAN-19-9114-9868-9592,26-02-2024,A
UAN-29-7614-1219-4858,26-02-2024,B
UAN-10-6718-8442-3547,26-02-2024,D
UAN-84-9271-8904-1121,26-02-2024,B
UAN-91-9774-7544-4734,26-02-2024,B
UAN-62-3757-5533-8291,26-02-2024,A
UAN-40-3700-8975-8328,26-02-2024,C
UAN-75-6658-1837-7096,26-02-2024,D
UAN-69-6600-9402-1991,26-02-2024,C
UAN-75-5175-3095-2616,26-02-2024,D
UAN-47-4226-2988-5451,26-02-2024,B
UAN-82-8962-1833-2315,26-02-2024,B
UAN-39-6581-1385-9779,26-02-2024,A
UAN-86-1316-3182-3102,26-02-2024,A
UAN-63-5279-6760-1948,26-02-2024,A
UAN-15-6684-1843-4043,26-02-2024,B
UAN-91-6818-7429-8016,26-02-2024,B
UAN-92-8079-7829-1460,26-02-2024,A
UAN-93-7256-8339-9462,26-02-2024,B
UAN-15-6041-2781-6418,26-02-2024,B
UAN-16-4482-2603-7750,26-02-2024,B
UAN-16-6414-6037-8077,26-02-2024,B
UAN-73-2483-4676-5279,26-02-2024,B
UAN-16-7804-3515-9206,26-02-2024,C
UAN-88-9797-8716-1961,26-02-2024,B
UAN-14-4462-9028-3672,26-02-2024,A
UAN-28-1735-4310-3302,26-02-2024,B
UAN-39-2551-6100-2942,26-02-2024,B
UAN-55-1348-9324-9910,26-02-2024,D
UAN-97-6465-3300-6600,26-02-2024,C
UAN-55-9457-8502-3009,26-02-2024,C
UAN-87-2033-2074-2058,26-02-2024,C
UAN-18-3746-6095-1214,26-02-2024,A
UAN-13-9455-6586-6436,26-02-2024,A
UAN-47-7351-8165-6845,26-02-2024,C
UAN-80-5009-4335-5100,26-02-2024,C
UAN-75-6915-8928-2630,26-02-2024,A
UAN-85-7406-5446-8105,26-02-2024,C
UAN-16-4209-5506-9159,26-02-2024,C
UAN-13-2239-6681-5708,26-02-2024,A
UAN-41-3326-6509-5579,26-02-2024,B
UAN-15-2521-5112-5365,26-02-2024,D
UAN-10-2033-2118-9585,26-02-2024,B
UAN-44-8014-3404-1919,26-02-2024,C
UAN-83-9202-6749-6844,26-02-2024,C
UAN-46-5014-9165-3640,26-02-2024,B
UAN-41-7753-1486-7826,26-02-2024,A
UAN-28-6180-9079-6426,26-02-2024,D
UAN-12-8521-8512-7159,26-02-2024,A
UAN-60-8327-5663-4874,26-02-2024,C
UAN-85-7377-8689-9316,26-02-2024,C
UAN-37-2268-5463-1782,26-02-2024,B
UAN-79-4070-6532-2454,26-02-2024,A
UAN-24-5271-2109-5451,26-02-2024,B
UAN-19-5297-6353-5050,26-02-2024,D
UAN-45-9001-7801-8730,26-02-2024,B
UAN-87-4634-5063-8818,26-02-2024,B
UAN-75-4139-7446-7687,26-02-2024,C
UAN-34-5373-2619-9934,26-02-2024,B
UAN-20-1555-3163-5853,26-02-2024,A
UAN-78-3047-2262-3071,26-02-2024,D
UAN-29-6417-1894-3945,26-02-2024,B
UAN-29-4822-8935-8605,26-02-2024,A
UAN-47-6834-7745-4886,26-02-2024,A
UAN-31-6826-1871-7520,26-02-2024,A
UAN-54-8757-2544-7734,26-02-2024,B
UAN-70-3340-7756-3915,26-02-2024,C
UAN-14-6573-4718-6955,26-02-2024,B
UAN-71-5370-6487-7772,26-02-2024,B
UAN-11-4118-4049-5677,26-02-2024,C
UAN-92-9959-7368-3780,26-02-2024,C
UAN-94-2240-3139-8297,26-02-2024,A
UAN-45-3942-2789-4617,26-02-2024,B
UAN-59-4927-4748-6169,26-02-2024,C
UAN-40-1862-8218-4480,26-02-2024,D
UAN-79-2111-8430-2288,26-02-2024,B
UAN-98-6218-5384-6149,26-02-2024,C
UAN-27-7264-5239-1887,26-02-2024,C
UAN-74-4696-7598-4562,26-02-2024,D
UAN-34-1322-5323-2045,26-02-2024,B
UAN-24-7831-2315-7694,26-02-2024,D
UAN-81-1915-5277-5334,26-02-2024,C
UAN-47-2466-6952-4429,26-02-2024,A
UAN-62-2890-3106-6044,26-02-2024,A
UAN-38-8862-1595-2899,26-02-2024,C
UAN-99-1613-9232-2974,26-02-2024,A
UAN-56-3567-7571-4188,26-02-2024,A
UAN-44-3401-3729-9774,26-02-2024,C
UAN-99-6500-9493-8365,26-02-2024,B
UAN-16-4872-7040-4666,26-02-2024,B
UAN-82-1484-7249-6499,26-02-2024,B
UAN-11-8685-9699-4233,26-02-2024,A
UAN-10-6547-5811-5618,26-02-2024,C
UAN-13-3061-3355-7797,26-02-2024,B
UAN-29-6326-9135-8321,26-02-2024,C
UAN-40-2070-9865-1623,26-02-2024,A
UAN-17-4988-8107-5587,26-02-2024,A
UAN-58-1146-2904-8391,26-02-2024,A
UAN-15-1617-6704-7185,26-02-2024,D
UAN-22-9252-3759-3336,26-02-2024,B
UAN-82-1799-2093-4593,26-02-2024,B
UAN-52-2229-3941-9805,26-02-2024,C
UAN-74-4575-5534-8473,26-02-2024,C
UAN-47-2382-5049-6367,26-02-2024,B
UAN-13-4300-7108-8649,26-02-2024,D
UAN-34-5061-5940-3963,26-02-2024,A
UAN-15-5942-9523-2599,26-02-2024,B
UAN-34-4899-3975-5662,26-02-2024,D
UAN-22-4479-1551-3816,26-02-2024,D
UAN-43-5624-4228-8500,26-02-2024,B
UAN-70-3161-2751-4469,26-02-2024,C
UAN-15-8988-9671-4407,26-02-2024,D
UAN-97-9404-3993-1691,26-02-2024,B
UAN-59-4080-1727-1034,26-02-2024,D
UAN-74-9977-6212-4855,26-02-2024,D
UAN-25-7775-7053-9446,26-02-2024,B
UAN-58-4691-4127-5162,26-02-2024,A
UAN-43-2956-8564-4689,26-02-2024,B
UAN-52-5980-1632-8862,26-02-2024,A
UAN-41-7333-9835-7270,26-02-2024,B
UAN-51-7750-1012-3323,26-02-2024,D
UAN-20-9875-4589-5207,26-02-2024,B
UAN-16-3621-5963-5898,26-02-2024,B
UAN-17-7832-6167-2215,26-02-2024,C
UAN-14-7730-2202-5691,26-02-2024,A
UAN-29-5022-3638-9422,26-02-2024,A
UAN-61-2118-7729-3810,26-02-2024,B
UAN-48-6505-9684-9306,26-02-2024,C
UAN-88-8344-6419-3058,26-02-2024,C
UAN-69-8755-1169-5596,26-02-2024,B
UAN-32-7056-7523-1176,26-02-2024,A
UAN-67-8132-7925-5463,26-02-2024,D
UAN-51-5822-9364-5125,26-02-2024,D
UAN-86-9265-8584-6075,26-02-2024,C
UAN-46-2607-1089-4413,26-02-2024,D
UAN-69-2878-3901-7066,26-02-2024,B
UAN-79-9630-7258-4744,26-02-2024,A
UAN-45-9580-8699-5763,26-02-2024,A
UAN-79-4058-6841-8721,26-02-2024,C
UAN-95-3629-6720-4784,26-02-2024,A
UAN-16-7768-5261-1697,26-02-2024,D
UAN-19-8788-5209-4660,26-02-2024,A
UAN-38-9736-4560-2907,26-02-2024,A
UAN-88-1968-3875-9262,26-02-2024,D
UAN-43-3102-8397-8216,26-02-2024,C
UAN-46-1380-6424-7833,26-02-2024,A
UAN-37-8337-3768-6140,26-02-2024,A
UAN-18-8269-1104-6188,26-02-2024,C
UAN-10-8020-2921-2114,26-02-2024,C
UAN-85-9350-8578-1054,26-02-2024,C
UAN-23-4228-8521-1010,26-02-2024,C
UAN-34-5992-2170-3781,26-02-2024,B
UAN-80-9314-1649-6154,26-02-2024,A
UAN-94-3896-9225-1083,26-02-2024,D
UAN-64-4447-8609-7975,26-02-2024,B
UAN-80-3867-4050-2614,26-02-2024,B
UAN-32-5298-6973-6743,26-02-2024,D
UAN-88-9727-8688-7973,26-02-2024,C
UAN-58-4953-7882-7764,26-02-2024,A
UAN-82-7421-2430-3385,26-02-2024,B
UAN-30-7267-5650-7034,26-02-2024,A
UAN-45-8226-3217-7206,26-02-2024,B
UAN-19-6542-5439-2604,26-02-2024,C
UAN-93-3292-5967-3586,26-02-2024,D
UAN-97-2892-7057-9673,26-02-2024,C
UAN-69-9567-9290-6285,26-02-2024,B
UAN-57-6092-5153-1696,26-02-2024,B
UAN-75-1422-6542-6146,26-02-2024,B
UAN-23-5900-8868-7961,26-02-2024,A
UAN-67-2895-2004-3220,26-02-2024,B
UAN-94-8768-2792-9432,26-02-2024,C
UAN-68-2754-5801-8725,26-02-2024,C
UAN-86-5950-7600-8162,26-02-2024,C
UAN-66-4472-3746-2545,26-02-2024,D
UAN-77-2640-1363-8065,04-03-2024,D
UAN-90-6217-9921-2907,04-03-2024,D
UAN-83-7349-3472-7936,04-03-2024,D
UAN-85-4112-3965-6397,04-03-2024,D
UAN-55-2396-3088-2429,04-03-2024,C
UAN-36-4963-7821-7884,04-03-2024,D
UAN-21-4232-5218-7253,04-03-2024,D
UAN-89-2746-6763-3672,04-03-2024,D
UAN-86-1230-1892-1086,04-03-2024,D
UAN-27-4387-6738-2811,04-03-2024,C
UAN-21-9265-4321-1594,04-03-2024,D
UAN-48-3496-4426-1355,04-03-2024,C
UAN-48-9969-4113-2677,04-03-2024,A
UAN-83-8660-5353-2598,04-03-2024,D
UAN-71-3391-4834-2854,04-03-2024,A
UAN-16-6918-6429-4550,04-03-2024,D
UAN-26-5779-5313-9445,04-03-2024,A
UAN-26-6010-8812-6995,04-03-2024,D
UAN-82-1628-1185-5009,04-03-2024,C
UAN-59-1621-9807-5954,04-03-2024,D
UAN-90-7558-2428-2814,04-03-2024,A
UAN-22-1688-6901-4145,04-03-2024,C
UAN-71-4414-1094-1798,04-03-2024,A
UAN-39-2987-8989-5637,04-03-2024,D
UAN-29-9046-6192-5651,04-03-2024,D
UAN-71-5860-2403-4817,04-03-2024,A
UAN-35-7800-1547-6954,04-03-2024,A
UAN-62-2738-7941-6804,04-03-2024,C
UAN-17-3256-5540-4851,04-03-2024,D
UAN-10-7140-7812-4750,04-03-2024,D
UAN-33-5573-3048-3614,04-03-2024,D
UAN-99-2206-8886-3158,04-03-2024,A
UAN-72-4979-6633-5580,04-03-2024,A
UAN-69-6224-4837-3146,04-03-2024,B
UAN-12-9548-4920-3613,04-03-2024,D
UAN-47-5511-3905-9262,04-03-2024,D
UAN-17-4394-6808-6099,04-03-2024,D
UAN-71-4831-4995-7037,04-03-2024,D
UAN-26-1269-6334-3728,04-03-2024,A
UAN-76-3337-7610-1012,04-03-2024,D
UAN-49-4940-1805-6603,04-03-2024,D
UAN-68-8560-9896-2115,04-03-2024,C
UAN-47-5451-5314-8283,04-03-2024,D
UAN-77-1380-5070-5438,04-03-2024,C
UAN-45-4609-9133-4819,04-03-2024,A
UAN-13-3459-1579-8738,04-03-2024,D
UAN-14-7329-6865-6886,04-03-2024,A
UAN-54-6936-2496-9328,04-03-2024,A
UAN-68-6595-2186-8035,04-03-2024,C
UAN-78-1364-5726-7613,04-03-2024,C
UAN-26-4231-2372-4282,04-03-2024,A
UAN-93-1639-9454-1738,04-03-2024,D
UAN-29-1365-1216-3667,04-03-2024,B
UAN-63-9585-7551-1282,04-03-2024,D
UAN-73-2440-9742-5006,04-03-2024,D
UAN-59-8119-5398-8401,04-03-2024,D
UAN-28-9536-5487-9929,04-03-2024,D
UAN-20-9275-1761-4737,04-03-2024,D
UAN-99-3473-5694-9734,04-03-2024,D
UAN-80-8538-5651-3019,04-03-2024,D
UAN-42-5851-9238-5792,04-03-2024,D
UAN-17-1995-4204-5323,04-03-2024,B
UAN-91-9066-5812-5044,04-03-2024,C
UAN-51-8466-1900-4700,04-03-2024,D
UAN-25-2676-1661-7233,04-03-2024,D
UAN-26-9729-5078-9709,04-03-2024,D
UAN-67-9735-7101-8282,04-03-2024,D
UAN-56-3378-9204-6948,04-03-2024,D
UAN-13-5550-7560-6627,04-03-2024,D
UAN-68-4864-3874-7119,04-03-2024,B
UAN-92-8031-8567-1256,04-03-2024,A
UAN-19-7934-9201-3568,04-03-2024,D
UAN-95-9840-7391-1437,04-03-2024,B
UAN-71-7001-5659-2958,04-03-2024,D
UAN-24-9007-1153-6548,04-03-2024,C
UAN-36-9232-9765-9480,04-03-2024,D
UAN-66-7075-6470-5726,04-03-2024,D
UAN-87-4647-4190-4886,04-03-2024,D
UAN-71-8832-1295-6372,04-03-2024,A
UAN-32-9459-3589-3492,04-03-2024,A
UAN-66-5123-7434-5080,04-03-2024,B
UAN-21-9998-1196-2904,04-03-2024,D
UAN-33-2768-8501-8984,04-03-2024,B
UAN-90-2599-6664-4192,04-03-2024,D
UAN-76-1502-7401-9940,04-03-2024,C
UAN-72-7668-7974-4742,04-03-2024,D
UAN-58-2648-8281-8986,04-03-2024,B
UAN-93-9157-3668-4315,04-03-2024,C
UAN-26-8573-6512-1728,04-03-2024,D
UAN-53-6804-8724-6821,04-03-2024,A
UAN-84-1455-5435-7016,04-03-2024,D
UAN-76-9023-1820-1936,04-03-2024,C
UAN-83-9112-3293-1037,04-03-2024,D
UAN-53-3500-9794-9532,04-03-2024,D
UAN-94-7911-2412-1499,04-03-2024,C
UAN-66-5458-2600-8079,04-03-2024,A
UAN-26-2609-2674-1106,04-03-2024,B
UAN-77-8312-9891-3626,04-03-2024,B
UAN-82-4346-3791-1321,04-03-2024,D
UAN-40-5196-4344-8856,04-03-2024,A
UAN-45-6495-6067-6597,04-03-2024,D
UAN-90-5470-2093-5454,04-03-2024,D
UAN-20-5023-2669-6392,04-03-2024,A
UAN-54-5636-9843-4026,04-03-2024,D
UAN-22-2669-7347-6948,04-03-2024,D
UAN-23-2256-9496-1522,04-03-2024,C
UAN-95-1123-4845-3631,04-03-2024,D
UAN-29-9742-4652-9363,04-03-2024,C
UAN-27-6542-9149-1032,04-03-2024,D
UAN-39-3324-7953-1844,04-03-2024,B
UAN-43-6048-4906-2910,04-03-2024,B
UAN-89-9894-9893-6612,04-03-2024,C
UAN-25-3807-7792-5341,04-03-2024,D
UAN-27-7699-7037-7589,04-03-2024,C
UAN-37-4001-7245-3685,04-03-2024,A
UAN-99-5680-3005-5418,04-03-2024,C
UAN-17-1837-1339-6538,04-03-2024,D
UAN-71-5558-9721-7990,04-03-2024,C
UAN-40-3760-1701-2126,04-03-2024,D
UAN-37-1512-9860-3209,04-03-2024,C
UAN-53-2927-5069-5480,04-03-2024,A
UAN-32-3667-7876-6594,04-03-2024,A
UAN-82-7125-2311-2980,04-03-2024,C
UAN-44-4277-5990-6396,04-03-2024,B
UAN-61-6196-3764-4181,04-03-2024,D
UAN-60-6808-5031-5191,04-03-2024,A
UAN-40-2906-1935-9229,04-03-2024,D
UAN-35-5134-6438-5831,04-03-2024,C
UAN-39-2166-1879-8599,04-03-2024,D
UAN-34-5400-6850-2940,04-03-2024,B
UAN-64-5612-8502-8582,04-03-2024,D
UAN-83-1099-3113-2449,04-03-2024,C
UAN-20-5987-3835-6925,04-03-2024,C
UAN-82-7430-9674-5855,04-03-2024,C
UAN-26-4644-7327-8179,04-03-2024,B
UAN-30-1862-9944-7412,04-03-2024,C
UAN-77-1981-3769-1663,04-03-2024,D
UAN-78-6738-4064-3147,04-03-2024,C
UAN-13-2583-6357-3282,04-03-2024,A
UAN-36-7249-3187-7723,04-03-2024,A
UAN-83-3877-9342-5256,04-03-2024,A
UAN-95-8071-8576-8329,04-03-2024,C
UAN-21-2719-1252-7336,04-03-2024,D
UAN-21-8418-4502-8986,04-03-2024,C
UAN-69-6748-8511-4875,04-03-2024,B
UAN-80-5797-8603-4104,04-03-2024,D
UAN-20-1913-1753-6591,04-03-2024,A
UAN-33-6979-9831-3279,04-03-2024,A
UAN-91-8500-8289-9537,04-03-2024,C
UAN-77-2684-6961-3879,04-03-2024,A
UAN-76-1321-5336-5256,04-03-2024,A
UAN-24-7726-2862-8823,04-03-2024,C
UAN-77-5864-6629-8835,04-03-2024,B
UAN-25-5998-6165-6950,04-03-2024,B
UAN-81-9788-6499-1889,04-03-2024,C
UAN-11-2700-7445-8892,04-03-2024,B
UAN-75-5958-1314-4063,04-03-2024,B
UAN-63-9329-4417-7309,04-03-2024,C
UAN-85-9126-8412-3795,04-03-2024,B
UAN-72-6040-5876-8389,04-03-2024,B
UAN-26-4643-9689-6282,04-03-2024,C
UAN-54-1987-5547-7635,04-03-2024,B
UAN-96-6333-7245-1404,04-03-2024,C
UAN-60-8117-7929-8772,04-03-2024,D
UAN-20-7602-3934-5871,04-03-2024,C
UAN-31-7125-8727-2057,04-03-2024,A
UAN-74-5999-8346-6133,04-03-2024,A
UAN-50-6290-1666-2434,04-03-2024,D
UAN-53-5492-8199-8516,04-03-2024,D
UAN-85-2973-6073-4036,04-03-2024,C
UAN-89-4899-1022-7211,04-03-2024,D
UAN-76-8511-7298-3740,04-03-2024,C
UAN-28-6604-7654-9546,04-03-2024,A
UAN-94-8461-5366-9651,04-03-2024,C
UAN-83-3775-9974-6275,04-03-2024,C
UAN-10-4276-2010-6228,04-03-2024,D
UAN-64-2116-3067-1674,04-03-2024,A
UAN-43-8631-3121-8268,04-03-2024,B
UAN-59-6753-1346-5760,04-03-2024,A
UAN-31-5109-9416-5088,04-03-2024,A
UAN-67-2886-9417-5363,04-03-2024,B
UAN-16-5560-9189-6749,04-03-2024,D
UAN-22-5947-6172-5000,04-03-2024,B
UAN-93-6777-3439-5887,04-03-2024,B
UAN-86-7793-4934-6349,04-03-2024,D
UAN-26-2438-2387-9170,04-03-2024,A
UAN-59-7487-4851-1905,04-03-2024,B
UAN-88-9828-2159-3406,04-03-2024,D
UAN-72-4061-2308-3601,04-03-2024,D
UAN-42-4619-6601-6408,04-03-2024,B
UAN-32-8919-3727-2053,04-03-2024,B
UAN-44-9481-2654-9452,04-03-2024,B
UAN-31-1572-1323-3492,04-03-2024,A
UAN-18-1660-7607-3971,04-03-2024,B
UAN-67-5227-8577-1307,04-03-2024,C
UAN-37-6771-6236-7161,04-03-2024,B
UAN-86-4465-4777-3713,04-03-2024,A
UAN-88-5974-2046-1311,04-03-2024,A
UAN-44-9980-6047-2819,04-03-2024,C
UAN-95-4208-2014-8395,04-03-2024,A
UAN-34-6323-9581-2367,04-03-2024,C
UAN-49-1499-5584-7603,04-03-2024,A
UAN-30-8357-6432-9198,04-03-2024,C
UAN-53-9040-5914-4655,04-03-2024,A
UAN-90-5109-8274-1285,04-03-2024,C
UAN-87-9261-9046-1608,04-03-2024,C
UAN-78-4854-1032-1196,04-03-2024,A
UAN-31-6835-4327-9739,04-03-2024,C
UAN-76-3364-2196-6398,04-03-2024,B
UAN-75-7671-6836-1676,04-03-2024,B
UAN-99-8126-4230-6414,04-03-2024,B
UAN-99-4180-9572-8985,04-03-2024,B
UAN-43-5079-3646-3077,04-03-2024,B
UAN-61-2400-3376-3339,04-03-2024,A
UAN-75-9920-4026-7185,04-03-2024,A
UAN-86-3686-5049-4800,04-03-2024,A
UAN-60-3934-5542-7702,04-03-2024,B
UAN-44-6135-4805-5605,04-03-2024,B
UAN-91-4448-5403-1398,04-03-2024,A
UAN-73-4708-8668-8628,04-03-2024,B
UAN-38-2335-9611-1121,04-03-2024,B
UAN-57-8070-7613-1909,04-03-2024,A
UAN-44-1595-1805-3262,04-03-2024,A
UAN-14-1015-6502-4755,04-03-2024,B
UAN-36-6417-3646-4360,04-03-2024,A
UAN-85-4302-3011-7837,04-03-2024,A
UAN-62-2024-2715-9869,04-03-2024,A
UAN-30-2042-5833-8155,04-03-2024,B
UAN-76-4113-3235-5227,04-03-2024,C
UAN-49-5386-8233-5206,04-03-2024,A
UAN-88-6469-9036-6851,04-03-2024,A
UAN-55-4332-3345-5245,04-03-2024,D
UAN-59-9828-6083-7369,04-03-2024,C
UAN-19-2315-5565-2950,04-03-2024,B
UAN-19-6432-7615-2711,04-03-2024,A
UAN-22-5261-6367-8576,04-03-2024,B
UAN-19-9114-9868-9592,04-03-2024,A
UAN-29-7614-1219-4858,04-03-2024,C
UAN-10-6718-8442-3547,04-03-2024,B
UAN-84-9271-8904-1121,04-03-2024,B
UAN-91-9774-7544-4734,04-03-2024,B
UAN-62-3757-5533-8291,04-03-2024,A
UAN-40-3700-8975-8328,04-03-2024,B
UAN-75-6658-1837-7096,04-03-2024,C
UAN-69-6600-9402-1991,04-03-2024,B
UAN-75-5175-3095-2616,04-03-2024,B
UAN-47-4226-2988-5451,04-03-2024,B
UAN-82-8962-1833-2315,04-03-2024,D
UAN-39-6581-1385-9779,04-03-2024,A
UAN-86-1316-3182-3102,04-03-2024,B
UAN-63-5279-6760-1948,04-03-2024,A
UAN-15-6684-1843-4043,04-03-2024,B
UAN-91-6818-7429-8016,04-03-2024,C
UAN-92-8079-7829-1460,04-03-2024,A
UAN-93-7256-8339-9462,04-03-2024,A
UAN-15-6041-2781-6418,04-03-2024,B
UAN-16-4482-2603-7750,04-03-2024,B
UAN-16-6414-6037-8077,04-03-2024,C
UAN-73-2483-4676-5279,04-03-2024,C
UAN-16-7804-3515-9206,04-03-2024,C
UAN-88-9797-8716-1961,04-03-2024,A
UAN-14-4462-9028-3672,04-03-2024,A
UAN-28-1735-4310-3302,04-03-2024,B
UAN-39-2551-6100-2942,04-03-2024,A
UAN-55-1348-9324-9910,04-03-2024,C
UAN-97-6465-3300-6600,04-03-2024,B
UAN-55-9457-8502-3009,04-03-2024,C
UAN-87-2033-2074-2058,04-03-2024,B
UAN-18-3746-6095-1214,04-03-2024,A
UAN-13-9455-6586-6436,04-03-2024,A
UAN-47-7351-8165-6845,04-03-2024,B
UAN-80-5009-4335-5100,04-03-2024,A
UAN-75-6915-8928-2630,04-03-2024,B
UAN-85-7406-5446-8105,04-03-2024,C
UAN-16-4209-5506-9159,04-03-2024,A
UAN-13-2239-6681-5708,04-03-2024,A
UAN-41-3326-6509-5579,04-03-2024,B
UAN-15-2521-5112-5365,04-03-2024,D
UAN-10-2033-2118-9585,04-03-2024,B
UAN-44-8014-3404-1919,04-03-2024,C
UAN-83-9202-6749-6844,04-03-2024,B
UAN-46-5014-9165-3640,04-03-2024,B
UAN-41-7753-1486-7826,04-03-2024,A
UAN-28-6180-9079-6426,04-03-2024,C
UAN-12-8521-8512-7159,04-03-2024,A
UAN-60-8327-5663-4874,04-03-2024,B
UAN-85-7377-8689-9316,04-03-2024,B
UAN-37-2268-5463-1782,04-03-2024,B
UAN-79-4070-6532-2454,04-03-2024,B
UAN-24-5271-2109-5451,04-03-2024,B
UAN-19-5297-6353-5050,04-03-2024,C
UAN-45-9001-7801-8730,04-03-2024,B
UAN-87-4634-5063-8818,04-03-2024,C
UAN-75-4139-7446-7687,04-03-2024,C
UAN-34-5373-2619-9934,04-03-2024,A
UAN-20-1555-3163-5853,04-03-2024,A
UAN-78-3047-2262-3071,04-03-2024,B
UAN-29-6417-1894-3945,04-03-2024,B
UAN-29-4822-8935-8605,04-03-2024,A
UAN-47-6834-7745-4886,04-03-2024,A
UAN-31-6826-1871-7520,04-03-2024,A
UAN-54-8757-2544-7734,04-03-2024,B
UAN-70-3340-7756-3915,04-03-2024,A
UAN-14-6573-4718-6955,04-03-2024,D
UAN-71-5370-6487-7772,04-03-2024,B
UAN-11-4118-4049-5677,04-03-2024,B
UAN-92-9959-7368-3780,04-03-2024,D
UAN-94-2240-3139-8297,04-03-2024,A
UAN-45-3942-2789-4617,04-03-2024,C
UAN-59-4927-4748-6169,04-03-2024,C
UAN-40-1862-8218-4480,04-03-2024,C
UAN-79-2111-8430-2288,04-03-2024,B
UAN-98-6218-5384-6149,04-03-2024,C
UAN-27-7264-5239-1887,04-03-2024,C
UAN-74-4696-7598-4562,04-03-2024,B
UAN-34-1322-5323-2045,04-03-2024,C
UAN-24-7831-2315-7694,04-03-2024,B
UAN-81-1915-5277-5334,04-03-2024,D
UAN-47-2466-6952-4429,04-03-2024,C
UAN-62-2890-3106-6044,04-03-2024,A
UAN-38-8862-1595-2899,04-03-2024,C
UAN-99-1613-9232-2974,04-03-2024,A
UAN-56-3567-7571-4188,04-03-2024,A
UAN-44-3401-3729-9774,04-03-2024,A
UAN-99-6500-9493-8365,04-03-2024,B
UAN-16-4872-7040-4666,04-03-2024,B
UAN-82-1484-7249-6499,04-03-2024,B
UAN-11-8685-9699-4233,04-03-2024,C
UAN-10-6547-5811-5618,04-03-2024,C
UAN-13-3061-3355-7797,04-03-2024,B
UAN-29-6326-9135-8321,04-03-2024,C
UAN-40-2070-9865-1623,04-03-2024,B
UAN-17-4988-8107-5587,04-03-2024,A
UAN-58-1146-2904-8391,04-03-2024,A
UAN-15-1617-6704-7185,04-03-2024,D
UAN-22-9252-3759-3336,04-03-2024,D
UAN-82-1799-2093-4593,04-03-2024,C
UAN-52-2229-3941-9805,04-03-2024,C
UAN-74-4575-5534-8473,04-03-2024,C
UAN-47-2382-5049-6367,04-03-2024,C
UAN-13-4300-7108-8649,04-03-2024,D
UAN-34-5061-5940-3963,04-03-2024,A
UAN-15-5942-9523-2599,04-03-2024,C
UAN-34-4899-3975-5662,04-03-2024,D
UAN-22-4479-1551-3816,04-03-2024,D
UAN-43-5624-4228-8500,04-03-2024,C
UAN-70-3161-2751-4469,04-03-2024,D
UAN-15-8988-9671-4407,04-03-2024,D
UAN-97-9404-3993-1691,04-03-2024,B
UAN-59-4080-1727-1034,04-03-2024,D
UAN-74-9977-6212-4855,04-03-2024,B
UAN-25-7775-7053-9446,04-03-2024,D
UAN-58-4691-4127-5162,04-03-2024,C
UAN-43-2956-8564-4689,04-03-2024,C
UAN-52-5980-1632-8862,04-03-2024,A
UAN-41-7333-9835-7270,04-03-2024,A
UAN-51-7750-1012-3323,04-03-2024,C
UAN-20-9875-4589-5207,04-03-2024,A
UAN-16-3621-5963-5898,04-03-2024,B
UAN-17-7832-6167-2215,04-03-2024,C
UAN-14-7730-2202-5691,04-03-2024,A
UAN-29-5022-3638-9422,04-03-2024,A
UAN-61-2118-7729-3810,04-03-2024,B
UAN-48-6505-9684-9306,04-03-2024,B
UAN-88-8344-6419-3058,04-03-2024,C
UAN-69-8755-1169-5596,04-03-2024,D
UAN-32-7056-7523-1176,04-03-2024,C
UAN-67-8132-7925-5463,04-03-2024,D
UAN-51-5822-9364-5125,04-03-2024,C
UAN-86-9265-8584-6075,04-03-2024,D
UAN-46-2607-1089-4413,04-03-2024,D
UAN-69-2878-3901-7066,04-03-2024,C
UAN-79-9630-7258-4744,04-03-2024,A
UAN-45-9580-8699-5763,04-03-2024,A
UAN-79-4058-6841-8721,04-03-2024,D
UAN-95-3629-6720-4784,04-03-2024,C
UAN-16-7768-5261-1697,04-03-2024,C
UAN-19-8788-5209-4660,04-03-2024,A
UAN-38-9736-4560-2907,04-03-2024,A
UAN-88-1968-3875-9262,04-03-2024,D
UAN-43-3102-8397-8216,04-03-2024,C
UAN-46-1380-6424-7833,04-03-2024,A
UAN-37-8337-3768-6140,04-03-2024,A
UAN-18-8269-1104-6188,04-03-2024,C
UAN-10-8020-2921-2114,04-03-2024,B
UAN-85-9350-8578-1054,04-03-2024,B
UAN-23-4228-8521-1010,04-03-2024,C
UAN-34-5992-2170-3781,04-03-2024,A
UAN-80-9314-1649-6154,04-03-2024,B
UAN-94-3896-9225-1083,04-03-2024,D
UAN-64-4447-8609-7975,04-03-2024,D
UAN-80-3867-4050-2614,04-03-2024,B
UAN-32-5298-6973-6743,04-03-2024,C
UAN-88-9727-8688-7973,04-03-2024,C
UAN-58-4953-7882-7764,04-03-2024,A
UAN-82-7421-2430-3385,04-03-2024,C
UAN-30-7267-5650-7034,04-03-2024,A
UAN-45-8226-3217-7206,04-03-2024,B
UAN-19-6542-5439-2604,04-03-2024,B
UAN-93-3292-5967-3586,04-03-2024,C
UAN-97-2892-7057-9673,04-03-2024,C
UAN-69-9567-9290-6285,04-03-2024,D
UAN-57-6092-5153-1696,04-03-2024,B
UAN-75-1422-6542-6146,04-03-2024,B
UAN-23-5900-8868-7961,04-03-2024,A
UAN-67-2895-2004-3220,04-03-2024,B
UAN-94-8768-2792-9432,04-03-2024,B
UAN-68-2754-5801-8725,04-03-2024,B
UAN-86-5950-7600-8162,04-03-2024,B
UAN-66-4472-3746-2545,04-03-2024,C
UAN-77-2640-1363-8065,11-03-2024,B
UAN-90-6217-9921-2907,11-03-2024,D
UAN-83-7349-3472-7936,11-03-2024,D
UAN-85-4112-3965-6397,11-03-2024,D
UAN-55-2396-3088-2429,11-03-2024,D
UAN-36-4963-7821-7884,11-03-2024,D
UAN-21-4232-5218-7253,11-03-2024,C
UAN-89-2746-6763-3672,11-03-2024,C
UAN-86-1230-1892-1086,11-03-2024,D
UAN-27-4387-6738-2811,11-03-2024,D
UAN-21-9265-4321-1594,11-03-2024,D
UAN-48-3496-4426-1355,11-03-2024,C
UAN-48-9969-4113-2677,11-03-2024,A
UAN-83-8660-5353-2598,11-03-2024,D
UAN-71-3391-4834-2854,11-03-2024,A
UAN-16-6918-6429-4550,11-03-2024,D
UAN-26-5779-5313-9445,11-03-2024,D
UAN-26-6010-8812-6995,11-03-2024,D
UAN-82-1628-1185-5009,11-03-2024,D
UAN-59-1621-9807-5954,11-03-2024,C
UAN-90-7558-2428-2814,11-03-2024,A
UAN-22-1688-6901-4145,11-03-2024,D
UAN-71-4414-1094-1798,11-03-2024,A
UAN-39-2987-8989-5637,11-03-2024,D
UAN-29-9046-6192-5651,11-03-2024,D
UAN-71-5860-2403-4817,11-03-2024,A
UAN-35-7800-1547-6954,11-03-2024,A
UAN-62-2738-7941-6804,11-03-2024,B
UAN-17-3256-5540-4851,11-03-2024,D
UAN-10-7140-7812-4750,11-03-2024,D
UAN-33-5573-3048-3614,11-03-2024,C
UAN-99-2206-8886-3158,11-03-2024,A
UAN-72-4979-6633-5580,11-03-2024,A
UAN-69-6224-4837-3146,11-03-2024,D
UAN-12-9548-4920-3613,11-03-2024,D
UAN-47-5511-3905-9262,11-03-2024,D
UAN-17-4394-6808-6099,11-03-2024,D
UAN-71-4831-4995-7037,11-03-2024,D
UAN-26-1269-6334-3728,11-03-2024,A
UAN-76-3337-7610-1012,11-03-2024,D
UAN-49-4940-1805-6603,11-03-2024,D
UAN-68-8560-9896-2115,11-03-2024,C
UAN-47-5451-5314-8283,11-03-2024,D
UAN-77-1380-5070-5438,11-03-2024,D
UAN-45-4609-9133-4819,11-03-2024,A
UAN-13-3459-1579-8738,11-03-2024,C
UAN-14-7329-6865-6886,11-03-2024,A
UAN-54-6936-2496-9328,11-03-2024,A
UAN-68-6595-2186-8035,11-03-2024,D
UAN-78-1364-5726-7613,11-03-2024,D
UAN-26-4231-2372-4282,11-03-2024,A
UAN-93-1639-9454-1738,11-03-2024,D
UAN-29-1365-1216-3667,11-03-2024,D
UAN-63-9585-7551-1282,11-03-2024,D
UAN-73-2440-9742-5006,11-03-2024,D
UAN-59-8119-5398-8401,11-03-2024,C
UAN-28-9536-5487-9929,11-03-2024,D
UAN-20-9275-1761-4737,11-03-2024,D
UAN-99-3473-5694-9734,11-03-2024,D
UAN-80-8538-5651-3019,11-03-2024,D
UAN-42-5851-9238-5792,11-03-2024,C
UAN-17-1995-4204-5323,11-03-2024,D
UAN-91-9066-5812-5044,11-03-2024,D
UAN-51-8466-1900-4700,11-03-2024,D
UAN-25-2676-1661-7233,11-03-2024,D
UAN-26-9729-5078-9709,11-03-2024,D
UAN-67-9735-7101-8282,11-03-2024,D
UAN-56-3378-9204-6948,11-03-2024,D
UAN-13-5550-7560-6627,11-03-2024,D
UAN-68-4864-3874-7119,11-03-2024,D
UAN-92-8031-8567-1256,11-03-2024,A
UAN-19-7934-9201-3568,11-03-2024,B
UAN-95-9840-7391-1437,11-03-2024,B
UAN-71-7001-5659-2958,11-03-2024,C
UAN-24-9007-1153-6548,11-03-2024,B
UAN-36-9232-9765-9480,11-03-2024,D
UAN-66-7075-6470-5726,11-03-2024,D
UAN-87-4647-4190-4886,11-03-2024,B
UAN-71-8832-1295-6372,11-03-2024,A
UAN-32-9459-3589-3492,11-03-2024,A
UAN-66-5123-7434-5080,11-03-2024,B
UAN-21-9998-1196-2904,11-03-2024,D
UAN-33-2768-8501-8984,11-03-2024,C
UAN-90-2599-6664-4192,11-03-2024,D
UAN-76-1502-7401-9940,11-03-2024,D
UAN-72-7668-7974-4742,11-03-2024,D
UAN-58-2648-8281-8986,11-03-2024,C
UAN-93-9157-3668-4315,11-03-2024,B
UAN-26-8573-6512-1728,11-03-2024,D
UAN-53-6804-8724-6821,11-03-2024,A
UAN-84-1455-5435-7016,11-03-2024,C
UAN-76-9023-1820-1936,11-03-2024,C
UAN-83-9112-3293-1037,11-03-2024,C
UAN-53-3500-9794-9532,11-03-2024,D
UAN-94-7911-2412-1499,11-03-2024,D
UAN-66-5458-2600-8079,11-03-2024,A
UAN-26-2609-2674-1106,11-03-2024,B
UAN-77-8312-9891-3626,11-03-2024,C
UAN-82-4346-3791-1321,11-03-2024,B
UAN-40-5196-4344-8856,11-03-2024,A
UAN-45-6495-6067-6597,11-03-2024,C
UAN-90-5470-2093-5454,11-03-2024,C
UAN-20-5023-2669-6392,11-03-2024,A
UAN-54-5636-9843-4026,11-03-2024,D
UAN-22-2669-7347-6948,11-03-2024,D
UAN-23-2256-9496-1522,11-03-2024,C
UAN-95-1123-4845-3631,11-03-2024,D
UAN-29-9742-4652-9363,11-03-2024,B
UAN-27-6542-9149-1032,11-03-2024,C
UAN-39-3324-7953-1844,11-03-2024,D
UAN-43-6048-4906-2910,11-03-2024,C
UAN-89-9894-9893-6612,11-03-2024,C
UAN-25-3807-7792-5341,11-03-2024,B
UAN-27-7699-7037-7589,11-03-2024,A
UAN-37-4001-7245-3685,11-03-2024,A
UAN-99-5680-3005-5418,11-03-2024,D
UAN-17-1837-1339-6538,11-03-2024,D
UAN-71-5558-9721-7990,11-03-2024,C
UAN-40-3760-1701-2126,11-03-2024,D
UAN-37-1512-9860-3209,11-03-2024,D
UAN-53-2927-5069-5480,11-03-2024,A
UAN-32-3667-7876-6594,11-03-2024,A
UAN-82-7125-2311-2980,11-03-2024,B
UAN-44-4277-5990-6396,11-03-2024,C
UAN-61-6196-3764-4181,11-03-2024,D
UAN-60-6808-5031-5191,11-03-2024,A
UAN-40-2906-1935-9229,11-03-2024,D
UAN-35-5134-6438-5831,11-03-2024,A
UAN-39-2166-1879-8599,11-03-2024,C
UAN-34-5400-6850-2940,11-03-2024,A
UAN-64-5612-8502-8582,11-03-2024,B
UAN-83-1099-3113-2449,11-03-2024,B
UAN-20-5987-3835-6925,11-03-2024,C
UAN-82-7430-9674-5855,11-03-2024,D
UAN-26-4644-7327-8179,11-03-2024,C
UAN-30-1862-9944-7412,11-03-2024,C
UAN-77-1981-3769-1663,11-03-2024,D
UAN-78-6738-4064-3147,11-03-2024,D
UAN-13-2583-6357-3282,11-03-2024,A
UAN-36-7249-3187-7723,11-03-2024,A
UAN-83-3877-9342-5256,11-03-2024,A
UAN-95-8071-8576-8329,11-03-2024,C
UAN-21-2719-1252-7336,11-03-2024,D
UAN-21-8418-4502-8986,11-03-2024,A
UAN-69-6748-8511-4875,11-03-2024,B
UAN-80-5797-8603-4104,11-03-2024,D
UAN-20-1913-1753-6591,11-03-2024,A
UAN-33-6979-9831-3279,11-03-2024,A
UAN-91-8500-8289-9537,11-03-2024,D
UAN-77-2684-6961-3879,11-03-2024,A
UAN-76-1321-5336-5256,11-03-2024,A
UAN-24-7726-2862-8823,11-03-2024,B
UAN-77-5864-6629-8835,11-03-2024,A
UAN-25-5998-6165-6950,11-03-2024,C
UAN-81-9788-6499-1889,11-03-2024,C
UAN-11-2700-7445-8892,11-03-2024,A
UAN-75-5958-1314-4063,11-03-2024,B
UAN-63-9329-4417-7309,11-03-2024,C
UAN-85-9126-8412-3795,11-03-2024,C
UAN-72-6040-5876-8389,11-03-2024,A
UAN-26-4643-9689-6282,11-03-2024,D
UAN-54-1987-5547-7635,11-03-2024,B
UAN-96-6333-7245-1404,11-03-2024,B
UAN-60-8117-7929-8772,11-03-2024,C
UAN-20-7602-3934-5871,11-03-2024,D
UAN-31-7125-8727-2057,11-03-2024,A
UAN-74-5999-8346-6133,11-03-2024,A
UAN-50-6290-1666-2434,11-03-2024,D
UAN-53-5492-8199-8516,11-03-2024,D
UAN-85-2973-6073-4036,11-03-2024,B
UAN-89-4899-1022-7211,11-03-2024,D
UAN-76-8511-7298-3740,11-03-2024,B
UAN-28-6604-7654-9546,11-03-2024,A
UAN-94-8461-5366-9651,11-03-2024,B
UAN-83-3775-9974-6275,11-03-2024,B
UAN-10-4276-2010-6228,11-03-2024,C
UAN-64-2116-3067-1674,11-03-2024,C
UAN-43-8631-3121-8268,11-03-2024,C
UAN-59-6753-1346-5760,11-03-2024,A
UAN-31-5109-9416-5088,11-03-2024,C
UAN-67-2886-9417-5363,11-03-2024,C
UAN-16-5560-9189-6749,11-03-2024,D
UAN-22-5947-6172-5000,11-03-2024,B
UAN-93-6777-3439-5887,11-03-2024,D
UAN-86-7793-4934-6349,11-03-2024,D
UAN-26-2438-2387-9170,11-03-2024,A
UAN-59-7487-4851-1905,11-03-2024,C
UAN-88-9828-2159-3406,11-03-2024,B
UAN-72-4061-2308-3601,11-03-2024,C
UAN-42-4619-6601-6408,11-03-2024,B
UAN-32-8919-3727-2053,11-03-2024,C
UAN-44-9481-2654-9452,11-03-2024,C
UAN-31-1572-1323-3492,11-03-2024,A
UAN-18-1660-7607-3971,11-03-2024,B
UAN-67-5227-8577-1307,11-03-2024,C
UAN-37-6771-6236-7161,11-03-2024,B
UAN-86-4465-4777-3713,11-03-2024,A
UAN-88-5974-2046-1311,11-03-2024,A
UAN-44-9980-6047-2819,11-03-2024,B
UAN-95-4208-2014-8395,11-03-2024,A
UAN-34-6323-9581-2367,11-03-2024,B
UAN-49-1499-5584-7603,11-03-2024,A
UAN-30-8357-6432-9198,11-03-2024,B
UAN-53-9040-5914-4655,11-03-2024,C
UAN-90-5109-8274-1285,11-03-2024,C
UAN-87-9261-9046-1608,11-03-2024,D
UAN-78-4854-1032-1196,11-03-2024,A
UAN-31-6835-4327-9739,11-03-2024,A
UAN-76-3364-2196-6398,11-03-2024,A
UAN-75-7671-6836-1676,11-03-2024,B
UAN-99-8126-4230-6414,11-03-2024,C
UAN-99-4180-9572-8985,11-03-2024,B
UAN-43-5079-3646-3077,11-03-2024,C
UAN-61-2400-3376-3339,11-03-2024,B
UAN-75-9920-4026-7185,11-03-2024,A
UAN-86-3686-5049-4800,11-03-2024,A
UAN-60-3934-5542-7702,11-03-2024,C
UAN-44-6135-4805-5605,11-03-2024,B
UAN-91-4448-5403-1398,11-03-2024,B
UAN-73-4708-8668-8628,11-03-2024,B
UAN-38-2335-9611-1121,11-03-2024,B
UAN-57-8070-7613-1909,11-03-2024,A
UAN-44-1595-1805-3262,11-03-2024,C
UAN-14-1015-6502-4755,11-03-2024,B
UAN-36-6417-3646-4360,11-03-2024,A
UAN-85-4302-3011-7837,11-03-2024,A
UAN-62-2024-2715-9869,11-03-2024,A
UAN-30-2042-5833-8155,11-03-2024,D
UAN-76-4113-3235-5227,11-03-2024,B
UAN-49-5386-8233-5206,11-03-2024,A
UAN-88-6469-9036-6851,11-03-2024,A
UAN-55-4332-3345-5245,11-03-2024,C
UAN-59-9828-6083-7369,11-03-2024,B
UAN-19-2315-5565-2950,11-03-2024,C
UAN-19-6432-7615-2711,11-03-2024,A
UAN-22-5261-6367-8576,11-03-2024,C
UAN-19-9114-9868-9592,11-03-2024,A
UAN-29-7614-1219-4858,11-03-2024,C
UAN-10-6718-8442-3547,11-03-2024,D
UAN-84-9271-8904-1121,11-03-2024,B
UAN-91-9774-7544-4734,11-03-2024,B
UAN-62-3757-5533-8291,11-03-2024,A
UAN-40-3700-8975-8328,11-03-2024,D
UAN-75-6658-1837-7096,11-03-2024,B
UAN-69-6600-9402-1991,11-03-2024,C
UAN-75-5175-3095-2616,11-03-2024,B
UAN-47-4226-2988-5451,11-03-2024,B
UAN-82-8962-1833-2315,11-03-2024,B
UAN-39-6581-1385-9779,11-03-2024,A
UAN-86-1316-3182-3102,11-03-2024,A
UAN-63-5279-6760-1948,11-03-2024,A
UAN-15-6684-1843-4043,11-03-2024,B
UAN-91-6818-7429-8016,11-03-2024,B
UAN-92-8079-7829-1460,11-03-2024,A
UAN-93-7256-8339-9462,11-03-2024,A
UAN-15-6041-2781-6418,11-03-2024,B
UAN-16-4482-2603-7750,11-03-2024,B
UAN-16-6414-6037-8077,11-03-2024,C
UAN-73-2483-4676-5279,11-03-2024,C
UAN-16-7804-3515-9206,11-03-2024,C
UAN-88-9797-8716-1961,11-03-2024,B
UAN-14-4462-9028-3672,11-03-2024,A
UAN-28-1735-4310-3302,11-03-2024,B
UAN-39-2551-6100-2942,11-03-2024,A
UAN-55-1348-9324-9910,11-03-2024,A
UAN-97-6465-3300-6600,11-03-2024,B
UAN-55-9457-8502-3009,11-03-2024,C
UAN-87-2033-2074-2058,11-03-2024,B
UAN-18-3746-6095-1214,11-03-2024,A
UAN-13-9455-6586-6436,11-03-2024,B
UAN-47-7351-8165-6845,11-03-2024,C
UAN-80-5009-4335-5100,11-03-2024,B
UAN-75-6915-8928-2630,11-03-2024,C
UAN-85-7406-5446-8105,11-03-2024,C
UAN-16-4209-5506-9159,11-03-2024,B
UAN-13-2239-6681-5708,11-03-2024,A
UAN-41-3326-6509-5579,11-03-2024,B
UAN-15-2521-5112-5365,11-03-2024,D
UAN-10-2033-2118-9585,11-03-2024,A
UAN-44-8014-3404-1919,11-03-2024,B
UAN-83-9202-6749-6844,11-03-2024,C
UAN-46-5014-9165-3640,11-03-2024,C
UAN-41-7753-1486-7826,11-03-2024,A
UAN-28-6180-9079-6426,11-03-2024,C
UAN-12-8521-8512-7159,11-03-2024,A
UAN-60-8327-5663-4874,11-03-2024,B
UAN-85-7377-8689-9316,11-03-2024,B
UAN-37-2268-5463-1782,11-03-2024,A
UAN-79-4070-6532-2454,11-03-2024,C
UAN-24-5271-2109-5451,11-03-2024,C
UAN-19-5297-6353-5050,11-03-2024,C
UAN-45-9001-7801-8730,11-03-2024,B
UAN-87-4634-5063-8818,11-03-2024,A
UAN-75-4139-7446-7687,11-03-2024,B
UAN-34-5373-2619-9934,11-03-2024,B
UAN-20-1555-3163-5853,11-03-2024,A
UAN-78-3047-2262-3071,11-03-2024,C
UAN-29-6417-1894-3945,11-03-2024,A
UAN-29-4822-8935-8605,11-03-2024,A
UAN-47-6834-7745-4886,11-03-2024,A
UAN-31-6826-1871-7520,11-03-2024,A
UAN-54-8757-2544-7734,11-03-2024,B
UAN-70-3340-7756-3915,11-03-2024,B
UAN-14-6573-4718-6955,11-03-2024,C
UAN-71-5370-6487-7772,11-03-2024,C
UAN-11-4118-4049-5677,11-03-2024,C
UAN-92-9959-7368-3780,11-03-2024,B
UAN-94-2240-3139-8297,11-03-2024,A
UAN-45-3942-2789-4617,11-03-2024,B
UAN-59-4927-4748-6169,11-03-2024,B
UAN-40-1862-8218-4480,11-03-2024,C
UAN-79-2111-8430-2288,11-03-2024,B
UAN-98-6218-5384-6149,11-03-2024,C
UAN-27-7264-5239-1887,11-03-2024,B
UAN-74-4696-7598-4562,11-03-2024,B
UAN-34-1322-5323-2045,11-03-2024,B
UAN-24-7831-2315-7694,11-03-2024,D
UAN-81-1915-5277-5334,11-03-2024,D
UAN-47-2466-6952-4429,11-03-2024,A
UAN-62-2890-3106-6044,11-03-2024,A
UAN-38-8862-1595-2899,11-03-2024,D
UAN-99-1613-9232-2974,11-03-2024,A
UAN-56-3567-7571-4188,11-03-2024,A
UAN-44-3401-3729-9774,11-03-2024,C
UAN-99-6500-9493-8365,11-03-2024,B
UAN-16-4872-7040-4666,11-03-2024,B
UAN-82-1484-7249-6499,11-03-2024,B
UAN-11-8685-9699-4233,11-03-2024,C
UAN-10-6547-5811-5618,11-03-2024,B
UAN-13-3061-3355-7797,11-03-2024,C
UAN-29-6326-9135-8321,11-03-2024,D
UAN-40-2070-9865-1623,11-03-2024,A
UAN-17-4988-8107-5587,11-03-2024,A
UAN-58-1146-2904-8391,11-03-2024,A
UAN-15-1617-6704-7185,11-03-2024,A
UAN-22-9252-3759-3336,11-03-2024,B
UAN-82-1799-2093-4593,11-03-2024,C
UAN-52-2229-3941-9805,11-03-2024,B
UAN-74-4575-5534-8473,11-03-2024,B
UAN-47-2382-5049-6367,11-03-2024,D
UAN-13-4300-7108-8649,11-03-2024,D
UAN-34-5061-5940-3963,11-03-2024,A
UAN-15-5942-9523-2599,11-03-2024,B
UAN-34-4899-3975-5662,11-03-2024,D
UAN-22-4479-1551-3816,11-03-2024,D
UAN-43-5624-4228-8500,11-03-2024,C
UAN-70-3161-2751-4469,11-03-2024,B
UAN-15-8988-9671-4407,11-03-2024,C
UAN-97-9404-3993-1691,11-03-2024,D
UAN-59-4080-1727-1034,11-03-2024,C
UAN-74-9977-6212-4855,11-03-2024,C
UAN-25-7775-7053-9446,11-03-2024,B
UAN-58-4691-4127-5162,11-03-2024,C
UAN-43-2956-8564-4689,11-03-2024,C
UAN-52-5980-1632-8862,11-03-2024,A
UAN-41-7333-9835-7270,11-03-2024,B
UAN-51-7750-1012-3323,11-03-2024,C
UAN-20-9875-4589-5207,11-03-2024,B
UAN-16-3621-5963-5898,11-03-2024,B
UAN-17-7832-6167-2215,11-03-2024,B
UAN-14-7730-2202-5691,11-03-2024,A
UAN-29-5022-3638-9422,11-03-2024,A
UAN-61-2118-7729-3810,11-03-2024,C
UAN-48-6505-9684-9306,11-03-2024,B
UAN-88-8344-6419-3058,11-03-2024,C
UAN-69-8755-1169-5596,11-03-2024,C
UAN-32-7056-7523-1176,11-03-2024,C
UAN-67-8132-7925-5463,11-03-2024,D
UAN-51-5822-9364-5125,11-03-2024,C
UAN-86-9265-8584-6075,11-03-2024,D
UAN-46-2607-1089-4413,11-03-2024,D
UAN-69-2878-3901-7066,11-03-2024,C
UAN-79-9630-7258-4744,11-03-2024,A
UAN-45-9580-8699-5763,11-03-2024,A
UAN-79-4058-6841-8721,11-03-2024,C
UAN-95-3629-6720-4784,11-03-2024,B
UAN-16-7768-5261-1697,11-03-2024,D
UAN-19-8788-5209-4660,11-03-2024,A
UAN-38-9736-4560-2907,11-03-2024,A
UAN-88-1968-3875-9262,11-03-2024,D
UAN-43-3102-8397-8216,11-03-2024,B
UAN-46-1380-6424-7833,11-03-2024,A
UAN-37-8337-3768-6140,11-03-2024,A
UAN-18-8269-1104-6188,11-03-2024,D
UAN-10-8020-2921-2114,11-03-2024,C
UAN-85-9350-8578-1054,11-03-2024,B
UAN-23-4228-8521-1010,11-03-2024,C
UAN-34-5992-2170-3781,11-03-2024,B
UAN-80-9314-1649-6154,11-03-2024,C
UAN-94-3896-9225-1083,11-03-2024,D
UAN-64-4447-8609-7975,11-03-2024,B
UAN-80-3867-4050-2614,11-03-2024,B
UAN-32-5298-6973-6743,11-03-2024,D
UAN-88-9727-8688-7973,11-03-2024,C
UAN-58-4953-7882-7764,11-03-2024,C
UAN-82-7421-2430-3385,11-03-2024,B
UAN-30-7267-5650-7034,11-03-2024,A
UAN-45-8226-3217-7206,11-03-2024,B
UAN-19-6542-5439-2604,11-03-2024,D
UAN-93-3292-5967-3586,11-03-2024,B
UAN-97-2892-7057-9673,11-03-2024,C
UAN-69-9567-9290-6285,11-03-2024,C
UAN-57-6092-5153-1696,11-03-2024,B
UAN-75-1422-6542-6146,11-03-2024,B
UAN-23-5900-8868-7961,11-03-2024,A
UAN-67-2895-2004-3220,11-03-2024,B
UAN-94-8768-2792-9432,11-03-2024,C
UAN-68-2754-5801-8725,11-03-2024,C
UAN-86-5950-7600-8162,11-03-2024,C
UAN-66-4472-3746-2545,11-03-2024,D
UAN-77-2640-1363-8065,18-03-2024,D
UAN-90-6217-9921-2907,18-03-2024,D
UAN-83-7349-3472-7936,18-03-2024,C
UAN-85-4112-3965-6397,18-03-2024,D
UAN-55-2396-3088-2429,18-03-2024,D
UAN-36-4963-7821-7884,18-03-2024,D
UAN-21-4232-5218-7253,18-03-2024,C
UAN-89-2746-6763-3672,18-03-2024,C
UAN-86-1230-1892-1086,18-03-2024,D
UAN-27-4387-6738-2811,18-03-2024,D
UAN-21-9265-4321-1594,18-03-2024,D
UAN-48-3496-4426-1355,18-03-2024,D
UAN-48-9969-4113-2677,18-03-2024,A
UAN-83-8660-5353-2598,18-03-2024,D
UAN-71-3391-4834-2854,18-03-2024,A
UAN-16-6918-6429-4550,18-03-2024,D
UAN-26-5779-5313-9445,18-03-2024,D
UAN-26-6010-8812-6995,18-03-2024,D
UAN-82-1628-1185-5009,18-03-2024,D
UAN-59-1621-9807-5954,18-03-2024,D
UAN-90-7558-2428-2814,18-03-2024,A
UAN-22-1688-6901-4145,18-03-2024,D
UAN-71-4414-1094-1798,18-03-2024,A
UAN-39-2987-8989-5637,18-03-2024,D
UAN-29-9046-6192-5651,18-03-2024,D
UAN-71-5860-2403-4817,18-03-2024,A
UAN-35-7800-1547-6954,18-03-2024,A
UAN-62-2738-7941-6804,18-03-2024,C
UAN-17-3256-5540-4851,18-03-2024,D
UAN-10-7140-7812-4750,18-03-2024,A
UAN-33-5573-3048-3614,18-03-2024,D
UAN-99-2206-8886-3158,18-03-2024,A
UAN-72-4979-6633-5580,18-03-2024,A
UAN-69-6224-4837-3146,18-03-2024,B
UAN-12-9548-4920-3613,18-03-2024,D
UAN-47-5511-3905-9262,18-03-2024,D
UAN-17-4394-6808-6099,18-03-2024,D
UAN-71-4831-4995-7037,18-03-2024,C
UAN-26-1269-6334-3728,18-03-2024,A
UAN-76-3337-7610-1012,18-03-2024,D
UAN-49-4940-1805-6603,18-03-2024,D
UAN-68-8560-9896-2115,18-03-2024,D
UAN-47-5451-5314-8283,18-03-2024,D
UAN-77-1380-5070-5438,18-03-2024,D
UAN-45-4609-9133-4819,18-03-2024,A
UAN-13-3459-1579-8738,18-03-2024,D
UAN-14-7329-6865-6886,18-03-2024,A
UAN-54-6936-2496-9328,18-03-2024,B
UAN-68-6595-2186-8035,18-03-2024,C
UAN-78-1364-5726-7613,18-03-2024,D
UAN-26-4231-2372-4282,18-03-2024,A
UAN-93-1639-9454-1738,18-03-2024,D
UAN-29-1365-1216-3667,18-03-2024,D
UAN-63-9585-7551-1282,18-03-2024,D
UAN-73-2440-9742-5006,18-03-2024,D
UAN-59-8119-5398-8401,18-03-2024,C
UAN-28-9536-5487-9929,18-03-2024,D
UAN-20-9275-1761-4737,18-03-2024,C
UAN-99-3473-5694-9734,18-03-2024,C
UAN-80-8538-5651-3019,18-03-2024,D
UAN-42-5851-9238-5792,18-03-2024,D
UAN-17-1995-4204-5323,18-03-2024,B
UAN-91-9066-5812-5044,18-03-2024,D
UAN-51-8466-1900-4700,18-03-2024,D
UAN-25-2676-1661-7233,18-03-2024,D
UAN-26-9729-5078-9709,18-03-2024,D
UAN-67-9735-7101-8282,18-03-2024,D
UAN-56-3378-9204-6948,18-03-2024,D
UAN-13-5550-7560-6627,18-03-2024,D
UAN-68-4864-3874-7119,18-03-2024,C
UAN-92-8031-8567-1256,18-03-2024,A
UAN-19-7934-9201-3568,18-03-2024,D
UAN-95-9840-7391-1437,18-03-2024,B
UAN-71-7001-5659-2958,18-03-2024,D
UAN-24-9007-1153-6548,18-03-2024,C
UAN-36-9232-9765-9480,18-03-2024,C
UAN-66-7075-6470-5726,18-03-2024,D
UAN-87-4647-4190-4886,18-03-2024,D
UAN-71-8832-1295-6372,18-03-2024,A
UAN-32-9459-3589-3492,18-03-2024,A
UAN-66-5123-7434-5080,18-03-2024,B
UAN-21-9998-1196-2904,18-03-2024,B
UAN-33-2768-8501-8984,18-03-2024,C
UAN-90-2599-6664-4192,18-03-2024,D
UAN-76-1502-7401-9940,18-03-2024,D
UAN-72-7668-7974-4742,18-03-2024,D
UAN-58-2648-8281-8986,18-03-2024,B
UAN-93-9157-3668-4315,18-03-2024,B
UAN-26-8573-6512-1728,18-03-2024,C
UAN-53-6804-8724-6821,18-03-2024,A
UAN-84-1455-5435-7016,18-03-2024,C
UAN-76-9023-1820-1936,18-03-2024,C
UAN-83-9112-3293-1037,18-03-2024,D
UAN-53-3500-9794-9532,18-03-2024,D
UAN-94-7911-2412-1499,18-03-2024,C
UAN-66-5458-2600-8079,18-03-2024,A
UAN-26-2609-2674-1106,18-03-2024,A
UAN-77-8312-9891-3626,18-03-2024,C
UAN-82-4346-3791-1321,18-03-2024,C
UAN-40-5196-4344-8856,18-03-2024,A
UAN-45-6495-6067-6597,18-03-2024,C
UAN-90-5470-2093-5454,18-03-2024,C
UAN-20-5023-2669-6392,18-03-2024,A
UAN-54-5636-9843-4026,18-03-2024,D
UAN-22-2669-7347-6948,18-03-2024,D
UAN-23-2256-9496-1522,18-03-2024,D
UAN-95-1123-4845-3631,18-03-2024,D
UAN-29-9742-4652-9363,18-03-2024,D
UAN-27-6542-9149-1032,18-03-2024,D
UAN-39-3324-7953-1844,18-03-2024,D
UAN-43-6048-4906-2910,18-03-2024,D
UAN-89-9894-9893-6612,18-03-2024,D
UAN-25-3807-7792-5341,18-03-2024,B
UAN-27-7699-7037-7589,18-03-2024,B
UAN-37-4001-7245-3685,18-03-2024,A
UAN-99-5680-3005-5418,18-03-2024,D
UAN-17-1837-1339-6538,18-03-2024,D
UAN-71-5558-9721-7990,18-03-2024,D
UAN-40-3760-1701-2126,18-03-2024,C
UAN-37-1512-9860-3209,18-03-2024,C
UAN-53-2927-5069-5480,18-03-2024,A
UAN-32-3667-7876-6594,18-03-2024,A
UAN-82-7125-2311-2980,18-03-2024,A
UAN-44-4277-5990-6396,18-03-2024,B
UAN-61-6196-3764-4181,18-03-2024,D
UAN-60-6808-5031-5191,18-03-2024,A
UAN-40-2906-1935-9229,18-03-2024,C
UAN-35-5134-6438-5831,18-03-2024,C
UAN-39-2166-1879-8599,18-03-2024,B
UAN-34-5400-6850-2940,18-03-2024,B
UAN-64-5612-8502-8582,18-03-2024,D
UAN-83-1099-3113-2449,18-03-2024,B
UAN-20-5987-3835-6925,18-03-2024,C
UAN-82-7430-9674-5855,18-03-2024,D
UAN-26-4644-7327-8179,18-03-2024,B
UAN-30-1862-9944-7412,18-03-2024,B
UAN-77-1981-3769-1663,18-03-2024,C
UAN-78-6738-4064-3147,18-03-2024,D
UAN-13-2583-6357-3282,18-03-2024,A
UAN-36-7249-3187-7723,18-03-2024,A
UAN-83-3877-9342-5256,18-03-2024,A
UAN-95-8071-8576-8329,18-03-2024,B
UAN-21-2719-1252-7336,18-03-2024,C
UAN-21-8418-4502-8986,18-03-2024,B
UAN-69-6748-8511-4875,18-03-2024,C
UAN-80-5797-8603-4104,18-03-2024,D
UAN-20-1913-1753-6591,18-03-2024,A
UAN-33-6979-9831-3279,18-03-2024,A
UAN-91-8500-8289-9537,18-03-2024,B
UAN-77-2684-6961-3879,18-03-2024,A
UAN-76-1321-5336-5256,18-03-2024,A
UAN-24-7726-2862-8823,18-03-2024,B
UAN-77-5864-6629-8835,18-03-2024,C
UAN-25-5998-6165-6950,18-03-2024,C
UAN-81-9788-6499-1889,18-03-2024,C
UAN-11-2700-7445-8892,18-03-2024,B
UAN-75-5958-1314-4063,18-03-2024,C
UAN-63-9329-4417-7309,18-03-2024,C
UAN-85-9126-8412-3795,18-03-2024,C
UAN-72-6040-5876-8389,18-03-2024,C
UAN-26-4643-9689-6282,18-03-2024,B
UAN-54-1987-5547-7635,18-03-2024,A
UAN-96-6333-7245-1404,18-03-2024,C
UAN-60-8117-7929-8772,18-03-2024,C
UAN-20-7602-3934-5871,18-03-2024,D
UAN-31-7125-8727-2057,18-03-2024,A
UAN-74-5999-8346-6133,18-03-2024,A
UAN-50-6290-1666-2434,18-03-2024,D
UAN-53-5492-8199-8516,18-03-2024,C
UAN-85-2973-6073-4036,18-03-2024,D
UAN-89-4899-1022-7211,18-03-2024,C
UAN-76-8511-7298-3740,18-03-2024,B
UAN-28-6604-7654-9546,18-03-2024,A
UAN-94-8461-5366-9651,18-03-2024,B
UAN-83-3775-9974-6275,18-03-2024,A
UAN-10-4276-2010-6228,18-03-2024,B
UAN-64-2116-3067-1674,18-03-2024,D
UAN-43-8631-3121-8268,18-03-2024,D
UAN-59-6753-1346-5760,18-03-2024,A
UAN-31-5109-9416-5088,18-03-2024,C
UAN-67-2886-9417-5363,18-03-2024,B
UAN-16-5560-9189-6749,18-03-2024,A
UAN-22-5947-6172-5000,18-03-2024,B
UAN-93-6777-3439-5887,18-03-2024,C
UAN-86-7793-4934-6349,18-03-2024,B
UAN-26-2438-2387-9170,18-03-2024,A
UAN-59-7487-4851-1905,18-03-2024,C
UAN-88-9828-2159-3406,18-03-2024,B
UAN-72-4061-2308-3601,18-03-2024,B
UAN-42-4619-6601-6408,18-03-2024,A
UAN-32-8919-3727-2053,18-03-2024,C
UAN-44-9481-2654-9452,18-03-2024,C
UAN-31-1572-1323-3492,18-03-2024,A
UAN-18-1660-7607-3971,18-03-2024,B
UAN-67-5227-8577-1307,18-03-2024,C
UAN-37-6771-6236-7161,18-03-2024,B
UAN-86-4465-4777-3713,18-03-2024,A
UAN-88-5974-2046-1311,18-03-2024,A
UAN-44-9980-6047-2819,18-03-2024,D
UAN-95-4208-2014-8395,18-03-2024,A
UAN-34-6323-9581-2367,18-03-2024,D
UAN-49-1499-5584-7603,18-03-2024,A
UAN-30-8357-6432-9198,18-03-2024,C
UAN-53-9040-5914-4655,18-03-2024,C
UAN-90-5109-8274-1285,18-03-2024,B
UAN-87-9261-9046-1608,18-03-2024,D
UAN-78-4854-1032-1196,18-03-2024,A
UAN-31-6835-4327-9739,18-03-2024,B
UAN-76-3364-2196-6398,18-03-2024,B
UAN-75-7671-6836-1676,18-03-2024,C
UAN-99-8126-4230-6414,18-03-2024,B
UAN-99-4180-9572-8985,18-03-2024,A
UAN-43-5079-3646-3077,18-03-2024,B
UAN-61-2400-3376-3339,18-03-2024,A
UAN-75-9920-4026-7185,18-03-2024,B
UAN-86-3686-5049-4800,18-03-2024,A
UAN-60-3934-5542-7702,18-03-2024,C
UAN-44-6135-4805-5605,18-03-2024,B
UAN-91-4448-5403-1398,18-03-2024,D
UAN-73-4708-8668-8628,18-03-2024,C
UAN-38-2335-9611-1121,18-03-2024,B
UAN-57-8070-7613-1909,18-03-2024,A
UAN-44-1595-1805-3262,18-03-2024,A
UAN-14-1015-6502-4755,18-03-2024,C
UAN-36-6417-3646-4360,18-03-2024,A
UAN-85-4302-3011-7837,18-03-2024,A
UAN-62-2024-2715-9869,18-03-2024,A
UAN-30-2042-5833-8155,18-03-2024,D
UAN-76-4113-3235-5227,18-03-2024,D
UAN-49-5386-8233-5206,18-03-2024,A
UAN-88-6469-9036-6851,18-03-2024,A
UAN-55-4332-3345-5245,18-03-2024,D
UAN-59-9828-6083-7369,18-03-2024,B
UAN-19-2315-5565-2950,18-03-2024,B
UAN-19-6432-7615-2711,18-03-2024,A
UAN-22-5261-6367-8576,18-03-2024,A
UAN-19-9114-9868-9592,18-03-2024,A
UAN-29-7614-1219-4858,18-03-2024,C
UAN-10-6718-8442-3547,18-03-2024,B
UAN-84-9271-8904-1121,18-03-2024,C
UAN-91-9774-7544-4734,18-03-2024,B
UAN-62-3757-5533-8291,18-03-2024,A
UAN-40-3700-8975-8328,18-03-2024,B
UAN-75-6658-1837-7096,18-03-2024,A
UAN-69-6600-9402-1991,18-03-2024,B
UAN-75-5175-3095-2616,18-03-2024,D
UAN-47-4226-2988-5451,18-03-2024,C
UAN-82-8962-1833-2315,18-03-2024,D
UAN-39-6581-1385-9779,18-03-2024,A
UAN-86-1316-3182-3102,18-03-2024,B
UAN-63-5279-6760-1948,18-03-2024,A
UAN-15-6684-1843-4043,18-03-2024,D
UAN-91-6818-7429-8016,18-03-2024,A
UAN-92-8079-7829-1460,18-03-2024,A
UAN-93-7256-8339-9462,18-03-2024,A
UAN-15-6041-2781-6418,18-03-2024,B
UAN-16-4482-2603-7750,18-03-2024,B
UAN-16-6414-6037-8077,18-03-2024,B
UAN-73-2483-4676-5279,18-03-2024,C
UAN-16-7804-3515-9206,18-03-2024,B
UAN-88-9797-8716-1961,18-03-2024,B
UAN-14-4462-9028-3672,18-03-2024,A
UAN-28-1735-4310-3302,18-03-2024,C
UAN-39-2551-6100-2942,18-03-2024,B
UAN-55-1348-9324-9910,18-03-2024,C
UAN-97-6465-3300-6600,18-03-2024,B
UAN-55-9457-8502-3009,18-03-2024,B
UAN-87-2033-2074-2058,18-03-2024,D
UAN-18-3746-6095-1214,18-03-2024,A
UAN-13-9455-6586-6436,18-03-2024,A
UAN-47-7351-8165-6845,18-03-2024,C
UAN-80-5009-4335-5100,18-03-2024,C
UAN-75-6915-8928-2630,18-03-2024,B
UAN-85-7406-5446-8105,18-03-2024,B
UAN-16-4209-5506-9159,18-03-2024,B
UAN-13-2239-6681-5708,18-03-2024,A
UAN-41-3326-6509-5579,18-03-2024,C
UAN-15-2521-5112-5365,18-03-2024,D
UAN-10-2033-2118-9585,18-03-2024,B
UAN-44-8014-3404-1919,18-03-2024,C
UAN-83-9202-6749-6844,18-03-2024,B
UAN-46-5014-9165-3640,18-03-2024,C
UAN-41-7753-1486-7826,18-03-2024,A
UAN-28-6180-9079-6426,18-03-2024,C
UAN-12-8521-8512-7159,18-03-2024,A
UAN-60-8327-5663-4874,18-03-2024,A
UAN-85-7377-8689-9316,18-03-2024,B
UAN-37-2268-5463-1782,18-03-2024,B
UAN-79-4070-6532-2454,18-03-2024,B
UAN-24-5271-2109-5451,18-03-2024,B
UAN-19-5297-6353-5050,18-03-2024,D
UAN-45-9001-7801-8730,18-03-2024,B
UAN-87-4634-5063-8818,18-03-2024,C
UAN-75-4139-7446-7687,18-03-2024,B
UAN-34-5373-2619-9934,18-03-2024,B
UAN-20-1555-3163-5853,18-03-2024,A
UAN-78-3047-2262-3071,18-03-2024,C
UAN-29-6417-1894-3945,18-03-2024,A
UAN-29-4822-8935-8605,18-03-2024,A
UAN-47-6834-7745-4886,18-03-2024,A
UAN-31-6826-1871-7520,18-03-2024,A
UAN-54-8757-2544-7734,18-03-2024,B
UAN-70-3340-7756-3915,18-03-2024,C
UAN-14-6573-4718-6955,18-03-2024,B
UAN-71-5370-6487-7772,18-03-2024,C
UAN-11-4118-4049-5677,18-03-2024,C
UAN-92-9959-7368-3780,18-03-2024,D
UAN-94-2240-3139-8297,18-03-2024,A
UAN-45-3942-2789-4617,18-03-2024,B
UAN-59-4927-4748-6169,18-03-2024,B
UAN-40-1862-8218-4480,18-03-2024,C
UAN-79-2111-8430-2288,18-03-2024,B
UAN-98-6218-5384-6149,18-03-2024,C
UAN-27-7264-5239-1887,18-03-2024,B
UAN-74-4696-7598-4562,18-03-2024,C
UAN-34-1322-5323-2045,18-03-2024,B
UAN-24-7831-2315-7694,18-03-2024,C
UAN-81-1915-5277-5334,18-03-2024,C
UAN-47-2466-6952-4429,18-03-2024,B
UAN-62-2890-3106-6044,18-03-2024,A
UAN-38-8862-1595-2899,18-03-2024,C
UAN-99-1613-9232-2974,18-03-2024,A
UAN-56-3567-7571-4188,18-03-2024,A
UAN-44-3401-3729-9774,18-03-2024,A
UAN-99-6500-9493-8365,18-03-2024,C
UAN-16-4872-7040-4666,18-03-2024,B
UAN-82-1484-7249-6499,18-03-2024,B
UAN-11-8685-9699-4233,18-03-2024,B
UAN-10-6547-5811-5618,18-03-2024,B
UAN-13-3061-3355-7797,18-03-2024,C
UAN-29-6326-9135-8321,18-03-2024,C
UAN-40-2070-9865-1623,18-03-2024,A
UAN-17-4988-8107-5587,18-03-2024,A
UAN-58-1146-2904-8391,18-03-2024,A
UAN-15-1617-6704-7185,18-03-2024,B
UAN-22-9252-3759-3336,18-03-2024,D
UAN-82-1799-2093-4593,18-03-2024,C
UAN-52-2229-3941-9805,18-03-2024,B
UAN-74-4575-5534-8473,18-03-2024,C
UAN-47-2382-5049-6367,18-03-2024,C
UAN-13-4300-7108-8649,18-03-2024,C
UAN-34-5061-5940-3963,18-03-2024,A
UAN-15-5942-9523-2599,18-03-2024,C
UAN-34-4899-3975-5662,18-03-2024,C
UAN-22-4479-1551-3816,18-03-2024,C
UAN-43-5624-4228-8500,18-03-2024,B
UAN-70-3161-2751-4469,18-03-2024,C
UAN-15-8988-9671-4407,18-03-2024,D
UAN-97-9404-3993-1691,18-03-2024,C
UAN-59-4080-1727-1034,18-03-2024,D
UAN-74-9977-6212-4855,18-03-2024,C
UAN-25-7775-7053-9446,18-03-2024,B
UAN-58-4691-4127-5162,18-03-2024,B
UAN-43-2956-8564-4689,18-03-2024,D
UAN-52-5980-1632-8862,18-03-2024,A
UAN-41-7333-9835-7270,18-03-2024,C
UAN-51-7750-1012-3323,18-03-2024,B
UAN-20-9875-4589-5207,18-03-2024,A
UAN-16-3621-5963-5898,18-03-2024,C
UAN-17-7832-6167-2215,18-03-2024,C
UAN-14-7730-2202-5691,18-03-2024,A
UAN-29-5022-3638-9422,18-03-2024,A
UAN-61-2118-7729-3810,18-03-2024,C
UAN-48-6505-9684-9306,18-03-2024,D
UAN-88-8344-6419-3058,18-03-2024,D
UAN-69-8755-1169-5596,18-03-2024,D
UAN-32-7056-7523-1176,18-03-2024,C
UAN-67-8132-7925-5463,18-03-2024,D
UAN-51-5822-9364-5125,18-03-2024,B
UAN-86-9265-8584-6075,18-03-2024,D
UAN-46-2607-1089-4413,18-03-2024,A
UAN-69-2878-3901-7066,18-03-2024,B
UAN-79-9630-7258-4744,18-03-2024,A
UAN-45-9580-8699-5763,18-03-2024,A
UAN-79-4058-6841-8721,18-03-2024,C
UAN-95-3629-6720-4784,18-03-2024,D
UAN-16-7768-5261-1697,18-03-2024,D
UAN-19-8788-5209-4660,18-03-2024,A
UAN-38-9736-4560-2907,18-03-2024,A
UAN-88-1968-3875-9262,18-03-2024,C
UAN-43-3102-8397-8216,18-03-2024,C
UAN-46-1380-6424-7833,18-03-2024,A
UAN-37-8337-3768-6140,18-03-2024,A
UAN-18-8269-1104-6188,18-03-2024,D
UAN-10-8020-2921-2114,18-03-2024,B
UAN-85-9350-8578-1054,18-03-2024,C
UAN-23-4228-8521-1010,18-03-2024,D
UAN-34-5992-2170-3781,18-03-2024,B
UAN-80-9314-1649-6154,18-03-2024,B
UAN-94-3896-9225-1083,18-03-2024,C
UAN-64-4447-8609-7975,18-03-2024,B
UAN-80-3867-4050-2614,18-03-2024,B
UAN-32-5298-6973-6743,18-03-2024,B
UAN-88-9727-8688-7973,18-03-2024,B
UAN-58-4953-7882-7764,18-03-2024,B
UAN-82-7421-2430-3385,18-03-2024,B
UAN-30-7267-5650-7034,18-03-2024,A
UAN-45-8226-3217-7206,18-03-2024,B
UAN-19-6542-5439-2604,18-03-2024,A
UAN-93-3292-5967-3586,18-03-2024,B
UAN-97-2892-7057-9673,18-03-2024,C
UAN-69-9567-9290-6285,18-03-2024,B
UAN-57-6092-5153-1696,18-03-2024,C
UAN-75-1422-6542-6146,18-03-2024,B
UAN-23-5900-8868-7961,18-03-2024,A
UAN-67-2895-2004-3220,18-03-2024,B
UAN-94-8768-2792-9432,18-03-2024,D
UAN-68-2754-5801-8725,18-03-2024,B
UAN-86-5950-7600-8162,18-03-2024,C
UAN-66-4472-3746-2545,18-03-2024,C
UAN-77-2640-1363-8065,25-03-2024,D
UAN-90-6217-9921-2907,25-03-2024,C
UAN-83-7349-3472-7936,25-03-2024,D
UAN-85-4112-3965-6397,25-03-2024,D
UAN-55-2396-3088-2429,25-03-2024,D
UAN-36-4963-7821-7884,25-03-2024,D
UAN-21-4232-5218-7253,25-03-2024,C
UAN-89-2746-6763-3672,25-03-2024,D
UAN-86-1230-1892-1086,25-03-2024,D
UAN-27-4387-6738-2811,25-03-2024,D
UAN-21-9265-4321-1594,25-03-2024,D
UAN-48-3496-4426-1355,25-03-2024,D
UAN-48-9969-4113-2677,25-03-2024,A
UAN-83-8660-5353-2598,25-03-2024,D
UAN-71-3391-4834-2854,25-03-2024,A
UAN-16-6918-6429-4550,25-03-2024,D
UAN-26-5779-5313-9445,25-03-2024,D
UAN-26-6010-8812-6995,25-03-2024,D
UAN-82-1628-1185-5009,25-03-2024,D
UAN-59-1621-9807-5954,25-03-2024,D
UAN-90-7558-2428-2814,25-03-2024,A
UAN-22-1688-6901-4145,25-03-2024,D
UAN-71-4414-1094-1798,25-03-2024,A
UAN-39-2987-8989-5637,25-03-2024,D
UAN-29-9046-6192-5651,25-03-2024,D
UAN-71-5860-2403-4817,25-03-2024,A
UAN-35-7800-1547-6954,25-03-2024,A
UAN-62-2738-7941-6804,25-03-2024,D
UAN-17-3256-5540-4851,25-03-2024,C
UAN-10-7140-7812-4750,25-03-2024,D
UAN-33-5573-3048-3614,25-03-2024,D
UAN-99-2206-8886-3158,25-03-2024,A
UAN-72-4979-6633-5580,25-03-2024,A
UAN-69-6224-4837-3146,25-03-2024,D
UAN-12-9548-4920-3613,25-03-2024,B
UAN-47-5511-3905-9262,25-03-2024,C
UAN-17-4394-6808-6099,25-03-2024,D
UAN-71-4831-4995-7037,25-03-2024,D
UAN-26-1269-6334-3728,25-03-2024,A
UAN-76-3337-7610-1012,25-03-2024,D
UAN-49-4940-1805-6603,25-03-2024,C
UAN-68-8560-9896-2115,25-03-2024,D
UAN-47-5451-5314-8283,25-03-2024,D
UAN-77-1380-5070-5438,25-03-2024,D
UAN-45-4609-9133-4819,25-03-2024,A
UAN-13-3459-1579-8738,25-03-2024,D
UAN-14-7329-6865-6886,25-03-2024,A
UAN-54-6936-2496-9328,25-03-2024,A
UAN-68-6595-2186-8035,25-03-2024,C
UAN-78-1364-5726-7613,25-03-2024,A
UAN-26-4231-2372-4282,25-03-2024,A
UAN-93-1639-9454-1738,25-03-2024,D
UAN-29-1365-1216-3667,25-03-2024,C
UAN-63-9585-7551-1282,25-03-2024,D
UAN-73-2440-9742-5006,25-03-2024,D
UAN-59-8119-5398-8401,25-03-2024,C
UAN-28-9536-5487-9929,25-03-2024,D
UAN-20-9275-1761-4737,25-03-2024,D
UAN-99-3473-5694-9734,25-03-2024,C
UAN-80-8538-5651-3019,25-03-2024,D
UAN-42-5851-9238-5792,25-03-2024,D
UAN-17-1995-4204-5323,25-03-2024,B
UAN-91-9066-5812-5044,25-03-2024,D
UAN-51-8466-1900-4700,25-03-2024,C
UAN-25-2676-1661-7233,25-03-2024,D
UAN-26-9729-5078-9709,25-03-2024,D
UAN-67-9735-7101-8282,25-03-2024,D
UAN-56-3378-9204-6948,25-03-2024,C
UAN-13-5550-7560-6627,25-03-2024,D
UAN-68-4864-3874-7119,25-03-2024,D
UAN-92-8031-8567-1256,25-03-2024,A
UAN-19-7934-9201-3568,25-03-2024,D
UAN-95-9840-7391-1437,25-03-2024,A
UAN-71-7001-5659-2958,25-03-2024,D
UAN-24-9007-1153-6548,25-03-2024,B
UAN-36-9232-9765-9480,25-03-2024,D
UAN-66-7075-6470-5726,25-03-2024,D
UAN-87-4647-4190-4886,25-03-2024,D
UAN-71-8832-1295-6372,25-03-2024,A
UAN-32-9459-3589-3492,25-03-2024,A
UAN-66-5123-7434-5080,25-03-2024,C
UAN-21-9998-1196-2904,25-03-2024,D
UAN-33-2768-8501-8984,25-03-2024,C
UAN-90-2599-6664-4192,25-03-2024,D
UAN-76-1502-7401-9940,25-03-2024,B
UAN-72-7668-7974-4742,25-03-2024,B
UAN-58-2648-8281-8986,25-03-2024,B
UAN-93-9157-3668-4315,25-03-2024,B
UAN-26-8573-6512-1728,25-03-2024,D
UAN-53-6804-8724-6821,25-03-2024,A
UAN-84-1455-5435-7016,25-03-2024,C
UAN-76-9023-1820-1936,25-03-2024,C
UAN-83-9112-3293-1037,25-03-2024,D
UAN-53-3500-9794-9532,25-03-2024,D
UAN-94-7911-2412-1499,25-03-2024,C
UAN-66-5458-2600-8079,25-03-2024,A
UAN-26-2609-2674-1106,25-03-2024,B
UAN-77-8312-9891-3626,25-03-2024,D
UAN-82-4346-3791-1321,25-03-2024,D
UAN-40-5196-4344-8856,25-03-2024,A
UAN-45-6495-6067-6597,25-03-2024,C
UAN-90-5470-2093-5454,25-03-2024,D
UAN-20-5023-2669-6392,25-03-2024,A
UAN-54-5636-9843-4026,25-03-2024,C
UAN-22-2669-7347-6948,25-03-2024,D
UAN-23-2256-9496-1522,25-03-2024,B
UAN-95-1123-4845-3631,25-03-2024,C
UAN-29-9742-4652-9363,25-03-2024,D
UAN-27-6542-9149-1032,25-03-2024,C
UAN-39-3324-7953-1844,25-03-2024,C
UAN-43-6048-4906-2910,25-03-2024,B
UAN-89-9894-9893-6612,25-03-2024,A
UAN-25-3807-7792-5341,25-03-2024,B
UAN-27-7699-7037-7589,25-03-2024,B
UAN-37-4001-7245-3685,25-03-2024,A
UAN-99-5680-3005-5418,25-03-2024,C
UAN-17-1837-1339-6538,25-03-2024,D
UAN-71-5558-9721-7990,25-03-2024,C
UAN-40-3760-1701-2126,25-03-2024,C
UAN-37-1512-9860-3209,25-03-2024,D
UAN-53-2927-5069-5480,25-03-2024,A
UAN-32-3667-7876-6594,25-03-2024,A
UAN-82-7125-2311-2980,25-03-2024,C
UAN-44-4277-5990-6396,25-03-2024,B
UAN-61-6196-3764-4181,25-03-2024,D
UAN-60-6808-5031-5191,25-03-2024,A
UAN-40-2906-1935-9229,25-03-2024,D
UAN-35-5134-6438-5831,25-03-2024,C
UAN-39-2166-1879-8599,25-03-2024,C
UAN-34-5400-6850-2940,25-03-2024,C
UAN-64-5612-8502-8582,25-03-2024,C
UAN-83-1099-3113-2449,25-03-2024,C
UAN-20-5987-3835-6925,25-03-2024,B
UAN-82-7430-9674-5855,25-03-2024,D
UAN-26-4644-7327-8179,25-03-2024,D
UAN-30-1862-9944-7412,25-03-2024,B
UAN-77-1981-3769-1663,25-03-2024,C
UAN-78-6738-4064-3147,25-03-2024,C
UAN-13-2583-6357-3282,25-03-2024,A
UAN-36-7249-3187-7723,25-03-2024,A
UAN-83-3877-9342-5256,25-03-2024,A
UAN-95-8071-8576-8329,25-03-2024,C
UAN-21-2719-1252-7336,25-03-2024,B
UAN-21-8418-4502-8986,25-03-2024,C
UAN-69-6748-8511-4875,25-03-2024,B
UAN-80-5797-8603-4104,25-03-2024,D
UAN-20-1913-1753-6591,25-03-2024,A
UAN-33-6979-9831-3279,25-03-2024,A
UAN-91-8500-8289-9537,25-03-2024,C
UAN-77-2684-6961-3879,25-03-2024,A
UAN-76-1321-5336-5256,25-03-2024,A
UAN-24-7726-2862-8823,25-03-2024,C
UAN-77-5864-6629-8835,25-03-2024,B
UAN-25-5998-6165-6950,25-03-2024,D
UAN-81-9788-6499-1889,25-03-2024,C
UAN-11-2700-7445-8892,25-03-2024,B
UAN-75-5958-1314-4063,25-03-2024,C
UAN-63-9329-4417-7309,25-03-2024,B
UAN-85-9126-8412-3795,25-03-2024,C
UAN-72-6040-5876-8389,25-03-2024,C
UAN-26-4643-9689-6282,25-03-2024,C
UAN-54-1987-5547-7635,25-03-2024,B
UAN-96-6333-7245-1404,25-03-2024,C
UAN-60-8117-7929-8772,25-03-2024,C
UAN-20-7602-3934-5871,25-03-2024,C
UAN-31-7125-8727-2057,25-03-2024,A
UAN-74-5999-8346-6133,25-03-2024,A
UAN-50-6290-1666-2434,25-03-2024,D
UAN-53-5492-8199-8516,25-03-2024,B
UAN-85-2973-6073-4036,25-03-2024,B
UAN-89-4899-1022-7211,25-03-2024,C
UAN-76-8511-7298-3740,25-03-2024,B
UAN-28-6604-7654-9546,25-03-2024,A
UAN-94-8461-5366-9651,25-03-2024,C
UAN-83-3775-9974-6275,25-03-2024,B
UAN-10-4276-2010-6228,25-03-2024,D
UAN-64-2116-3067-1674,25-03-2024,B
UAN-43-8631-3121-8268,25-03-2024,C
UAN-59-6753-1346-5760,25-03-2024,A
UAN-31-5109-9416-5088,25-03-2024,B
UAN-67-2886-9417-5363,25-03-2024,D
UAN-16-5560-9189-6749,25-03-2024,C
UAN-22-5947-6172-5000,25-03-2024,B
UAN-93-6777-3439-5887,25-03-2024,D
UAN-86-7793-4934-6349,25-03-2024,D
UAN-26-2438-2387-9170,25-03-2024,A
UAN-59-7487-4851-1905,25-03-2024,B
UAN-88-9828-2159-3406,25-03-2024,D
UAN-72-4061-2308-3601,25-03-2024,C
UAN-42-4619-6601-6408,25-03-2024,B
UAN-32-8919-3727-2053,25-03-2024,A
UAN-44-9481-2654-9452,25-03-2024,C
UAN-31-1572-1323-3492,25-03-2024,A
UAN-18-1660-7607-3971,25-03-2024,B
UAN-67-5227-8577-1307,25-03-2024,C
UAN-37-6771-6236-7161,25-03-2024,A
UAN-86-4465-4777-3713,25-03-2024,A
UAN-88-5974-2046-1311,25-03-2024,A
UAN-44-9980-6047-2819,25-03-2024,B
UAN-95-4208-2014-8395,25-03-2024,A
UAN-34-6323-9581-2367,25-03-2024,B
UAN-49-1499-5584-7603,25-03-2024,A
UAN-30-8357-6432-9198,25-03-2024,B
UAN-53-9040-5914-4655,25-03-2024,C
UAN-90-5109-8274-1285,25-03-2024,C
UAN-87-9261-9046-1608,25-03-2024,D
UAN-78-4854-1032-1196,25-03-2024,A
UAN-31-6835-4327-9739,25-03-2024,B
UAN-76-3364-2196-6398,25-03-2024,C
UAN-75-7671-6836-1676,25-03-2024,D
UAN-99-8126-4230-6414,25-03-2024,A
UAN-99-4180-9572-8985,25-03-2024,A
UAN-43-5079-3646-3077,25-03-2024,B
UAN-61-2400-3376-3339,25-03-2024,B
UAN-75-9920-4026-7185,25-03-2024,B
UAN-86-3686-5049-4800,25-03-2024,A
UAN-60-3934-5542-7702,25-03-2024,B
UAN-44-6135-4805-5605,25-03-2024,B
UAN-91-4448-5403-1398,25-03-2024,C
UAN-73-4708-8668-8628,25-03-2024,B
UAN-38-2335-9611-1121,25-03-2024,A
UAN-57-8070-7613-1909,25-03-2024,A
UAN-44-1595-1805-3262,25-03-2024,B
UAN-14-1015-6502-4755,25-03-2024,B
UAN-36-6417-3646-4360,25-03-2024,A
UAN-85-4302-3011-7837,25-03-2024,A
UAN-62-2024-2715-9869,25-03-2024,A
UAN-30-2042-5833-8155,25-03-2024,B
UAN-76-4113-3235-5227,25-03-2024,C
UAN-49-5386-8233-5206,25-03-2024,A
UAN-88-6469-9036-6851,25-03-2024,A
UAN-55-4332-3345-5245,25-03-2024,B
UAN-59-9828-6083-7369,25-03-2024,B
UAN-19-2315-5565-2950,25-03-2024,B
UAN-19-6432-7615-2711,25-03-2024,A
UAN-22-5261-6367-8576,25-03-2024,B
UAN-19-9114-9868-9592,25-03-2024,A
UAN-29-7614-1219-4858,25-03-2024,C
UAN-10-6718-8442-3547,25-03-2024,B
UAN-84-9271-8904-1121,25-03-2024,B
UAN-91-9774-7544-4734,25-03-2024,A
UAN-62-3757-5533-8291,25-03-2024,A
UAN-40-3700-8975-8328,25-03-2024,B
UAN-75-6658-1837-7096,25-03-2024,B
UAN-69-6600-9402-1991,25-03-2024,B
UAN-75-5175-3095-2616,25-03-2024,B
UAN-47-4226-2988-5451,25-03-2024,B
UAN-82-8962-1833-2315,25-03-2024,D
UAN-39-6581-1385-9779,25-03-2024,A
UAN-86-1316-3182-3102,25-03-2024,C
UAN-63-5279-6760-1948,25-03-2024,A
UAN-15-6684-1843-4043,25-03-2024,C
UAN-91-6818-7429-8016,25-03-2024,A
UAN-92-8079-7829-1460,25-03-2024,A
UAN-93-7256-8339-9462,25-03-2024,B
UAN-15-6041-2781-6418,25-03-2024,B
UAN-16-4482-2603-7750,25-03-2024,A
UAN-16-6414-6037-8077,25-03-2024,C
UAN-73-2483-4676-5279,25-03-2024,B
UAN-16-7804-3515-9206,25-03-2024,B
UAN-88-9797-8716-1961,25-03-2024,A
UAN-14-4462-9028-3672,25-03-2024,A
UAN-28-1735-4310-3302,25-03-2024,B
UAN-39-2551-6100-2942,25-03-2024,B
UAN-55-1348-9324-9910,25-03-2024,A
UAN-97-6465-3300-6600,25-03-2024,B
UAN-55-9457-8502-3009,25-03-2024,C
UAN-87-2033-2074-2058,25-03-2024,C
UAN-18-3746-6095-1214,25-03-2024,A
UAN-13-9455-6586-6436,25-03-2024,A
UAN-47-7351-8165-6845,25-03-2024,B
UAN-80-5009-4335-5100,25-03-2024,B
UAN-75-6915-8928-2630,25-03-2024,B
UAN-85-7406-5446-8105,25-03-2024,A
UAN-16-4209-5506-9159,25-03-2024,C
UAN-13-2239-6681-5708,25-03-2024,A
UAN-41-3326-6509-5579,25-03-2024,B
UAN-15-2521-5112-5365,25-03-2024,D
UAN-10-2033-2118-9585,25-03-2024,B
UAN-44-8014-3404-1919,25-03-2024,C
UAN-83-9202-6749-6844,25-03-2024,B
UAN-46-5014-9165-3640,25-03-2024,B
UAN-41-7753-1486-7826,25-03-2024,A
UAN-28-6180-9079-6426,25-03-2024,D
UAN-12-8521-8512-7159,25-03-2024,A
UAN-60-8327-5663-4874,25-03-2024,A
UAN-85-7377-8689-9316,25-03-2024,B
UAN-37-2268-5463-1782,25-03-2024,C
UAN-79-4070-6532-2454,25-03-2024,B
UAN-24-5271-2109-5451,25-03-2024,A
UAN-19-5297-6353-5050,25-03-2024,D
UAN-45-9001-7801-8730,25-03-2024,B
UAN-87-4634-5063-8818,25-03-2024,B
UAN-75-4139-7446-7687,25-03-2024,B
UAN-34-5373-2619-9934,25-03-2024,C
UAN-20-1555-3163-5853,25-03-2024,A
UAN-78-3047-2262-3071,25-03-2024,B
UAN-29-6417-1894-3945,25-03-2024,B
UAN-29-4822-8935-8605,25-03-2024,A
UAN-47-6834-7745-4886,25-03-2024,A
UAN-31-6826-1871-7520,25-03-2024,A
UAN-54-8757-2544-7734,25-03-2024,B
UAN-70-3340-7756-3915,25-03-2024,B
UAN-14-6573-4718-6955,25-03-2024,B
UAN-71-5370-6487-7772,25-03-2024,C
UAN-11-4118-4049-5677,25-03-2024,C
UAN-92-9959-7368-3780,25-03-2024,C
UAN-94-2240-3139-8297,25-03-2024,A
UAN-45-3942-2789-4617,25-03-2024,B
UAN-59-4927-4748-6169,25-03-2024,C
UAN-40-1862-8218-4480,25-03-2024,D
UAN-79-2111-8430-2288,25-03-2024,B
UAN-98-6218-5384-6149,25-03-2024,D
UAN-27-7264-5239-1887,25-03-2024,B
UAN-74-4696-7598-4562,25-03-2024,C
UAN-34-1322-5323-2045,25-03-2024,A
UAN-24-7831-2315-7694,25-03-2024,D
UAN-81-1915-5277-5334,25-03-2024,D
UAN-47-2466-6952-4429,25-03-2024,C
UAN-62-2890-3106-6044,25-03-2024,A
UAN-38-8862-1595-2899,25-03-2024,B
UAN-99-1613-9232-2974,25-03-2024,A
UAN-56-3567-7571-4188,25-03-2024,A
UAN-44-3401-3729-9774,25-03-2024,D
UAN-99-6500-9493-8365,25-03-2024,C
UAN-16-4872-7040-4666,25-03-2024,C
UAN-82-1484-7249-6499,25-03-2024,B
UAN-11-8685-9699-4233,25-03-2024,C
UAN-10-6547-5811-5618,25-03-2024,C
UAN-13-3061-3355-7797,25-03-2024,C
UAN-29-6326-9135-8321,25-03-2024,B
UAN-40-2070-9865-1623,25-03-2024,A
UAN-17-4988-8107-5587,25-03-2024,A
UAN-58-1146-2904-8391,25-03-2024,A
UAN-15-1617-6704-7185,25-03-2024,C
UAN-22-9252-3759-3336,25-03-2024,D
UAN-82-1799-2093-4593,25-03-2024,C
UAN-52-2229-3941-9805,25-03-2024,B
UAN-74-4575-5534-8473,25-03-2024,B
UAN-47-2382-5049-6367,25-03-2024,A
UAN-13-4300-7108-8649,25-03-2024,D
UAN-34-5061-5940-3963,25-03-2024,A
UAN-15-5942-9523-2599,25-03-2024,B
UAN-34-4899-3975-5662,25-03-2024,C
UAN-22-4479-1551-3816,25-03-2024,C
UAN-43-5624-4228-8500,25-03-2024,B
UAN-70-3161-2751-4469,25-03-2024,D
UAN-15-8988-9671-4407,25-03-2024,D
UAN-97-9404-3993-1691,25-03-2024,B
UAN-59-4080-1727-1034,25-03-2024,C
UAN-74-9977-6212-4855,25-03-2024,B
UAN-25-7775-7053-9446,25-03-2024,C
UAN-58-4691-4127-5162,25-03-2024,B
UAN-43-2956-8564-4689,25-03-2024,D
UAN-52-5980-1632-8862,25-03-2024,A
UAN-41-7333-9835-7270,25-03-2024,B
UAN-51-7750-1012-3323,25-03-2024,C
UAN-20-9875-4589-5207,25-03-2024,B
UAN-16-3621-5963-5898,25-03-2024,A
UAN-17-7832-6167-2215,25-03-2024,C
UAN-14-7730-2202-5691,25-03-2024,A
UAN-29-5022-3638-9422,25-03-2024,A
UAN-61-2118-7729-3810,25-03-2024,C
UAN-48-6505-9684-9306,25-03-2024,B
UAN-88-8344-6419-3058,25-03-2024,D
UAN-69-8755-1169-5596,25-03-2024,D
UAN-32-7056-7523-1176,25-03-2024,B
UAN-67-8132-7925-5463,25-03-2024,D
UAN-51-5822-9364-5125,25-03-2024,D
UAN-86-9265-8584-6075,25-03-2024,D
UAN-46-2607-1089-4413,25-03-2024,D
UAN-69-2878-3901-7066,25-03-2024,C
UAN-79-9630-7258-4744,25-03-2024,A
UAN-45-9580-8699-5763,25-03-2024,A
UAN-79-4058-6841-8721,25-03-2024,D
UAN-95-3629-6720-4784,25-03-2024,C
UAN-16-7768-5261-1697,25-03-2024,C
UAN-19-8788-5209-4660,25-03-2024,A
UAN-38-9736-4560-2907,25-03-2024,A
UAN-88-1968-3875-9262,25-03-2024,D
UAN-43-3102-8397-8216,25-03-2024,C
UAN-46-1380-6424-7833,25-03-2024,A
UAN-37-8337-3768-6140,25-03-2024,A
UAN-18-8269-1104-6188,25-03-2024,C
UAN-10-8020-2921-2114,25-03-2024,B
UAN-85-9350-8578-1054,25-03-2024,D
UAN-23-4228-8521-1010,25-03-2024,D
UAN-34-5992-2170-3781,25-03-2024,C
UAN-80-9314-1649-6154,25-03-2024,B
UAN-94-3896-9225-1083,25-03-2024,C
UAN-64-4447-8609-7975,25-03-2024,D
UAN-80-3867-4050-2614,25-03-2024,C
UAN-32-5298-6973-6743,25-03-2024,D
UAN-88-9727-8688-7973,25-03-2024,C
UAN-58-4953-7882-7764,25-03-2024,C
UAN-82-7421-2430-3385,25-03-2024,B
UAN-30-7267-5650-7034,25-03-2024,A
UAN-45-8226-3217-7206,25-03-2024,B
UAN-19-6542-5439-2604,25-03-2024,D
UAN-93-3292-5967-3586,25-03-2024,C
UAN-97-2892-7057-9673,25-03-2024,C
UAN-69-9567-9290-6285,25-03-2024,C
UAN-57-6092-5153-1696,25-03-2024,C
UAN-75-1422-6542-6146,25-03-2024,B
UAN-23-5900-8868-7961,25-03-2024,A
UAN-67-2895-2004-3220,25-03-2024,C
UAN-94-8768-2792-9432,25-03-2024,D
UAN-68-2754-5801-8725,25-03-2024,B
UAN-86-5950-7600-8162,25-03-2024,C
UAN-66-4472-3746-2545,25-03-2024,D
